title,url,published_at,text_snippet,is_blockage_attributed
"Lagos bridges, flooded as thunderstorm wreaks havoc in Oregun - The Guardian Nigeria News",https://news.google.com/rss/articles/CBMijwFBVV95cUxNQ0U2WDhiUThNZDR3QkhWaU5nZkFYY2x0czVEemNuSmZ2elhRZFp5S24xS3p5cHZLRkxUd1NzeHkxdVdvT2c1ZG1LOHpGeHkzdDFMeDRaSHlhSUstdl9FZW5tQ21UOE5Ib2RpaUI5Z1pyeW4zQjVleHREZVBqV1o4eTc4WnhCR0paUkVrWmhxMA?oc=5,2022-04-07,"Lagos bridges, flooded as thunderstorm wreaks havoc in Oregun The Guardian Nigeria News",0
Shina Peller’s presidential campaign posters flood Lagos - Peoples Gazette Nigeria,https://news.google.com/rss/articles/CBMihgFBVV95cUxOdm1aMnRNT3k2TkRYR2ZYRWJYM0J2dkJYUnhiTEdXdWlTZjBYdzZVRzVsV0s1NXJRaHQySjA3VGxzV2wwMDQ4Sm1MXzg0YmQ4cVVrVUItR0YwNlNxV19VWDRfSHBpZnVyampSQW9VWXZ2d2hfUHRWc1lraktuQjRmMlJseE9yZw?oc=5,2022-04-14,Shina Peller’s presidential campaign posters flood Lagos Peoples Gazette Nigeria,0
"Ajegunle residents lament disaster, insecurity, neglect - The Guardian Nigeria News",https://news.google.com/rss/articles/CBMihgFBVV95cUxNVUVRRU9kNFpSVTFaM2JuNDVhLWdseXE1djY2ZW9qb3dwZ1cxRFNwSVE0Vy1RSy1RYWN6dW5PVmh2Qlh3WXhXLWs5S0d4MTVwdTQ5Ymw2WUd6UUJmRmgtMHFVSk9iR1haZl9lYnJlODllWjVNS2c1d3U4OWNsSHFaTHJLblNUUQ?oc=5,2022-04-21,"Ajegunle residents lament disaster, insecurity, neglect The Guardian Nigeria News",0
"At Least Five Dead In South Africa Floods, Mudslides - Channels Television",https://news.google.com/rss/articles/CBMilAFBVV95cUxPSTNqSVo4NHZhdjZ4c19sLXE2Zkg0ZmhuVzY2ZlJjVm1uSXhTUWJKWU1SZmEweXR4bFVGTkRMYTJzRFVvZ19wYjViWW9JYmJUUnNjbEZldjZNcDA1QlJkMzJReXVyblJrZTR1RzA1SVpsQmhXV3RLZzNHd005aTQzQ3hjcTd4R2gzX2VHakhOam8yWkFo?oc=5,2022-04-12,"At Least Five Dead In South Africa Floods, Mudslides Channels Television",0
"NNPP posters flood Ibadan metropolis, as Olopoeyan set to unveil new party structure - tribuneonlineng.com",https://news.google.com/rss/articles/CBMisgFBVV95cUxNZVB2b294TFVJTURzNkd1Q2ZuS2Q5OVFSZndrOFpwbzR4eDVrdnpYcVJjVUpwQVpEel9tZkJYQ1l1ZFJPd3NLQU5QQnhVcTlhR1VocG9IUXBzVU9GQTR3Z1RsdWdEWmtHRXQzWHBsMGp4WE9TeXl5T3M5T0l1RUNTQTJKUFo3ckZEc3U1dzJZR2lLaE1Zc0JTMWZ3OEJOWl9XMC1tVFNwU2k5QmtVSFRGaktn0gG3AUFVX3lxTFBFQWRicnpsWHJCQ3FsblI5eTRNbDFzbjY0X1pXMkx0THg4QUVUUVBTVU9vdGxCY1hTN2QyMTBZVGV4SDNKbXdpVHZyaGh3MTh6LXJwOERMYm50cTJMcHBXZTNfZmNrTGtmSU9ZZGVhdHozaV9KeFhpdEJpbWlDZE12Wm9xSnVGdUQzMUswOUdSODAxN2Q0RE9HZlRReEZwa2ZXMlRwem52eEJ4QnV4NDhWSFd6ODJIQQ?oc=5,2022-04-10,"NNPP posters flood Ibadan metropolis, as Olopoeyan set to unveil new party structure tribuneonlineng.com",0
Eid-ul-fitr: Tinubu’s bags of rice flood Nasarawa - Daily Trust,https://news.google.com/rss/articles/CBMie0FVX3lxTE5KMU5qYnVUVWU2X3RCR1RpZGNYRFRSa3dnaVBuaVg4c3ZsS3lMYWZFOGdiUkd2bElhV3ZZQmxReTlmN1dOc3U5QkxYTXBkQWZkeGFpT1RzQmIwTDVXU3lRWWt6cU1mNUJ1dDhYVjVrRWxzc2hlWW5MaGp2SQ?oc=5,2022-04-30,Eid-ul-fitr: Tinubu’s bags of rice flood Nasarawa Daily Trust,0
REPORT: Climate Change Has Displaced 21million People Every Year Since 2008 - FIJ NG,https://news.google.com/rss/articles/CBMinwFBVV95cUxOYjFEWnppTENPdTR4cDdXb1NKbFBhbzBMVGd1U0RNdE5MX2JwMWZiNS1MQ2lYU3VaZmhhQ0xjZWMteElKZEQ3YUVMUVpLQUZaSE5PUWl1Q0Y0S2xQUjRsQWhRSFJsemt1cnJZR3E5Zk5zXzhrVlNvbkF1bEZ5TWRPaElsWUVjOFlnS3dHTFdzWUdPa2lWbEtHQkRMTVJFbFk?oc=5,2022-04-30,REPORT: Climate Change Has Displaced 21million People Every Year Since 2008 FIJ NG,0
"Flooding: Residents of Abeokuta, Sagamu, Ifo, Ijebu-Ode, others put on red alert - Daily Post Nigeria",https://news.google.com/rss/articles/CBMirAFBVV95cUxOX0gzV1ZQUXREbTk2YkgyeWRxWWdhYmdEeGx3ZzBnb2JFRC1RR3lmdTdtWTRwZEpBM3dOUkZxc3dSakxqaGNsS2NyblF1alZmRnkzNUppLVBsdmVBX2gtSmxaTTRUemFlcXIxY3E0VFlnMkpuckpvN1UwMVB6aG9Xdk9rdmVkN0RwaHNnUTVJT2JpdUlJMWxld0N4aEItbk53Ui1FQm1fR0FoOWs3?oc=5,2022-04-20,"Flooding: Residents of Abeokuta, Sagamu, Ifo, Ijebu-Ode, others put on red alert Daily Post Nigeria",0
Arkland Properties in ambitious push to build 20% of Eko Atlantic City - Business News Nigeria,https://news.google.com/rss/articles/CBMiqgFBVV95cUxNZGJiZDFxVXBQUUduYXpscnJ2MlRYcEpqUmdOSXpDbzNad1d2X3hOeXFHbERTYi1DUDdEc1FWWlphQ1ZVSG1uRURGdXVPMk1McGJ6bG1VY3liVkRsQU1iTldtaEw0Z2hXQ3hNOS1CVGxZcll6aV9RZTlqMm1iWlVCNDZRRWRwd2JVODRzdEVlNWFseHR4TlZiMnJFZGduZUtlRlVDMjhncnRWUQ?oc=5,2022-04-29,Arkland Properties in ambitious push to build 20% of Eko Atlantic City Business News Nigeria,0
To make National Theatre project more satisfactory - The Guardian Nigeria News,https://news.google.com/rss/articles/CBMihgFBVV95cUxPTnZGNlc2d3VMM3B2YjR4NG5VWnAtUVV1NG5xdnc5VzJ3ZmQ1TG5BeGkyWllYaTFOMjNQMGMxdVFaQ2VoVm5SZGw1X00yREd4Y0NLUncwWW0wc1hjRWhpSUVYS2hMcTBvMnBzbndiZ0dCbXdxUUlWQWxRV3podG9fanBfVWRrQQ?oc=5,2022-04-18,To make National Theatre project more satisfactory The Guardian Nigeria News,0
"Chukwueze’s Goal Lifts Villarreal, Sends Bayern Munich Out of Champions League - thebossnewspapers.com",https://news.google.com/rss/articles/CBMitAFBVV95cUxOTEZyS2tydjZBc1gxUXp3RWlfNGoxZWtvWXJwcmRWVkJpQm92SjRNMml0UHVjV1VXTHRfbjZPU2dENGZyX0R1QjV4N3hyYXMyR3o1dklnVk5aTTBYVG1nQ0E5bXVrUmdqaWZLakZKQ0lETGhXc0cwRXJsY2xHOXVYY1cxakh4LTNLMXRVMXluODVpaGlnc0VLZkJieGtTWEhXVS1JOXZfNHZsY2prR1dHckRDdXc?oc=5,2022-04-12,"Chukwueze’s Goal Lifts Villarreal, Sends Bayern Munich Out of Champions League thebossnewspapers.com",0
Cloud seeding did not cause deadly Australian floods: experts - AFP Fact Check,https://news.google.com/rss/articles/CBMiWEFVX3lxTE1wNEJpRTdDM2RTbjM5VEtBOTlheEsxSW43NW9NZFRpbXpQMkZ2RU9hTFhqVDRWaVctbmxxMnB3ellKUVJGTG9Ub1BRVE8zbXllSDdTdnFjMWU?oc=5,2022-04-18,Cloud seeding did not cause deadly Australian floods: experts AFP Fact Check,0
Get to Know Entrepreneur Mark Evans DM - Vanguard News,https://news.google.com/rss/articles/CBMigAFBVV95cUxPSkpzNWlaajduZ3g1Vnd2N3hveW15cXJqdHJWNHJTcGotRGticjhvSkFISmQ1ZkNUeXdGUVpFQkhFcWUwb3llVk5hakItdXJ2bDh3LVp6dWp2alF2aGxucGp6aU5oTmtaTDBYdEljZ215VjRZRDZhaUZvUHNmVmpjT9IBhgFBVV95cUxOcmxNNV9JSE54dDRWZEJpZ00xeFhTbWxpenVSVFM2ekg1QWVEWllPN0Y0WTgxZzMtbm1tNDk3dFFodjk5UmdjUnQ2aF9mNW9mVEdPVDNTdlYzSlAwb2EtNmRWZTJOV2lrcExONTMxQnJ3b0lXNFZsOV96S0gwZ19GSzEzeXJsZw?oc=5,2022-04-09,Get to Know Entrepreneur Mark Evans DM Vanguard News,0
Police rescue suspected kidnapper from being lynched in Ogun [VIDEO] - Daily Post Nigeria,https://news.google.com/rss/articles/CBMioAFBVV95cUxOcUFBOFhndk1yeU9LWWVRZXBEcl9SWGtDY1dLRGtwVnQwQVhuRWc1M0ZqOTlPUnoxYnVtTXhCbmQ2dVU4RzZUSm41emlCOTRXUk1BVEFFbE5mbG9ZT0lhT0tvd1QyZzNwcWhrTlFqWFFZc0ZNdmxaWFFkRTFCbEVCN3BvZTFGWVo4UDNzMWdSYWxXUkQ2YTVxSms3b1JVV1lx?oc=5,2022-04-18,Police rescue suspected kidnapper from being lynched in Ogun [VIDEO] Daily Post Nigeria,0
Car stolen from an Ontario street tracked to Nigeria - CTV News,https://news.google.com/rss/articles/CBMilwFBVV95cUxPUm5zai12cXA0QnJUcHl2Q0xvWkhhZmRfcVItLWJscUxFUGp2RVhwZXU1akl4Ym9rVXI3V3NkeldNNmpUUnJydS1Hd0tfVG5IWGs3MGVDLVYzRFZnSGdsWENOVm5DZ1FUR3pqYnBBTEh2amw5TG9heUtlWEdhcVY3V0VLY0hMcDRNN0FWODF0UE1FYlF3Z09r?oc=5,2022-04-26,Car stolen from an Ontario street tracked to Nigeria CTV News,0
"Ex-Senate President, Adolphus Wabara’s wife dies at 69 - Daily Post Nigeria",https://news.google.com/rss/articles/CBMijgFBVV95cUxOR29WbldxTnA1NVpnTUZTV1dSU19OaUdoRkpFTGpianZhaHN6VHVEZmVCM0FrQ29tQ0s1azlTSVZ5c09wWEVOanExUjVJeGNTRGNnZTBCb2h4V1FGRy1JYVhaMGhfb19leVhZRGtadHVTSHppbE1xLTNPRVVqdS00bUNVU1FLY2pMSHpaSlB3?oc=5,2022-04-11,"Ex-Senate President, Adolphus Wabara’s wife dies at 69 Daily Post Nigeria",0
"Again! Bayeku Road Is Flooded, Impassable As Residents Blame Sanwo – Olu, Daini, Solaja - theimpactnewspaper.com",https://news.google.com/rss/articles/CBMixwFBVV95cUxNQ2ZUcHJ2OXlQbUtudl9GTUg5LWRYTFFkNVRKSTIxN1NaUllQd3ZPa3FpX3Q3NWtPbjZYMUk1Z1ZnUDItTFA0NlNEb09ZcUY1OHZ4TmhJbjdjUERoWjAzRy1OczJwWno3eVdISDNLMXFhU0JxX0dfb0FqZXdOUGJiZWhRa3dTNjJyS3BmeUtyTURBSEJUcDd0UFJiaWhCVEdXSGFQMW1KRXFFc3BESjNQRFRwTGtvSHFoaVNzQXlBazdvS1J5bUFn?oc=5,2022-04-13,"Again! Bayeku Road Is Flooded, Impassable As Residents Blame Sanwo – Olu, Daini, Solaja theimpactnewspaper.com",0
Lagos Island Chairman Summons Market Leaders Over Poor Sanitation - Independent Newspaper Nigeria,https://news.google.com/rss/articles/CBMikwFBVV95cUxQQ3Jwajc5cXFkNFZwWUp2elZYdVQ0aDJXSnVDQllvT2J2ZzFnYXlmY04tVHJ1ei1ucDBuRTNnbm5xREZYbzRXTzhYdndMNlp1WDlITGEwamM5NXF3OTRVTVE0MzBaTjR6Z0hWbjU2bXJGTV9UR3MwOFB3NG55TjdNUVUyWXI5cncxR005dE5vMXd4QkU?oc=5,2022-04-15,Lagos Island Chairman Summons Market Leaders Over Poor Sanitation Independent Newspaper Nigeria,0
"Lagos-Abeokuta Expressway inflicts more pain on businesses, commuters - Business News Nigeria",https://news.google.com/rss/articles/CBMivgFBVV95cUxPeUlTVmxWUmxoRTVaeURmR3plZ28zVFJtQkpJSGtHZS1FR3MzVVJENWhDYmtVb1FwQlpDem4yYUdkUkFaMVlYaVJRaTd3RlhaRXowa3hlZzMxMlFvdmU0OWo4SmVIODVWWjgyZHlzOTJaUFNHU1pCX2ZYRE0xaWR3NFZLNldkWkM4OE0ySmpnbGlXMk4wLU8wWUtTX0FqN3MzY002QXhIRF8yYXd2bS1nTVFTZS10MFhRLUxkUHJn?oc=5,2022-04-08,"Lagos-Abeokuta Expressway inflicts more pain on businesses, commuters Business News Nigeria",0
"Kano, Plateau, others to experience heavy rainfall in next three days – NiMet - Premium Times Nigeria",https://news.google.com/rss/articles/CBMiygFBVV95cUxQbThwNVJYTkllQWJhaFJsZW5RMnR1RVkzRld5bV90WGJCblh0bFR3NVRkMUlCOGZ5ajZjUmdwRjQtQ0pJdk41bk80c3dvMklxbVRUamt1Y0xBT3NjcjlBOEQ4RmVCVXcwVDFoalFZLUpVOUZxcjQyb2FsT2VYTjY3RGZWbzhlRklFN29aUXRQTXd5Ym9BbWJwQ201V21oRnBMbEdZV2FUXzNBNV9Ob0lnSE9oeGw4WmstMXd0RjJ1c1NVM3d5alcxSDlR?oc=5,2022-04-27,"Kano, Plateau, others to experience heavy rainfall in next three days – NiMet Premium Times Nigeria",0
PERMANENT SOLUTION TO FLOODING OF IDUMAGBO & ENVIRONS WILL BE IN PLACE BEFORE YEAR END-LASG - moelagos.gov.ng,https://news.google.com/rss/articles/CBMitAFBVV95cUxQbWtXUEFYaW1zLXB2SnFPM1pvSWVmdDdtbHZLNDNUNnJRNEVHclRGUFBNcy0wZ3FadTFmcXhWb211Rm9mdm4wS09JdmZ3ZDlwNWVuTEIzak0tQ1NTWnh4VXVBYXdMR1daSWtRa1pOLXMtTVFsVTdBaEIzRkQtZjk2MS1fS1pWaTJFdVNkNFAwOFhhLVFFMTIyMU5RU09WWHVia1VNUzRBZXBqUklHYlRzaWtESzI?oc=5,2022-05-12,PERMANENT SOLUTION TO FLOODING OF IDUMAGBO & ENVIRONS WILL BE IN PLACE BEFORE YEAR END-LASG moelagos.gov.ng,0
"DOWNPOUR: Two dead in fresh Lagos building collapse, flood wreaks havoc - Vanguard News",https://news.google.com/rss/articles/CBMiqgFBVV95cUxQMGU1cFFmRlJHODVnTHlTQkFwX1ZRbnJ1NENrSkwxcVFxd2k2dzh2YnRvVVFfZE03a1E4ZVRZdzdnR3o3Z1QwYmJLeXVYYUVKdDFkOXgxQXJ4WXNkRF92VllZb0RGNmRjNVJLbktlLWx3TFRXcjlrajIzTDNCb21pSzB2WFBQTkpNQnp3bFEtSEtzLUZNQUw5eEI1SGhuVElHN2JmQXVXZ2lfZ9IBrwFBVV95cUxPa25ua1lmUXNZbGFyaldJZHV1bTBhVndNTUZVQmxtLWVhTTNKbmtRMHRtMjdaS0tRc19mcUQzSW1kNS1VY2ZGZ3ZSOE5vR3QzWTVKMUpoSnRQYzNZQmhxLXREb0RrbGZPSHhZc00zMVJIaGUzSUZXeER6WEZTbEJtRHdvY0VrWUltbnFadjhrVlc1aHdYVFpySnFHSlZJeFhMdkFQM2NSQnVLSWtSRnJV?oc=5,2022-05-22,"DOWNPOUR: Two dead in fresh Lagos building collapse, flood wreaks havoc Vanguard News",0
"445 LGAs across 32 states, FCT to battle heavy flooding in 2022 - The ICIR",https://news.google.com/rss/articles/CBMilgFBVV95cUxOVXlLdmtsaV9hZFN6ZEcxSjA2X3lLd1Q3MWZWSGdhcGM0S1BQUEQyaTNkNGdTakkzeFJ4M2FHc3pfMFNJWjI3MjZ6N1JQUWx5R21BbmppU2Y5MzRfZXBRRzBJalY3RmRfc0dpSC1HZndRYlF0ZWdJNURidmNFdmM0cWxOZjhCaUh0YlVaR081bjIxVGpFVkE?oc=5,2022-05-12,"445 LGAs across 32 states, FCT to battle heavy flooding in 2022 The ICIR",0
"Despite sacrifices, Nigerians yet to appreciate firefighters, laments Jaji - The Guardian Nigeria News",https://news.google.com/rss/articles/CBMinwFBVV95cUxOU0ZqZnhVNWRBa281N1hWVnlYeDFOazJqdnVCdGI1aDY4Y2FMd1pmSi1TbENub2pGbWZlb0hkOFZWZlBWOHF6T1R3ZWlVTFhTa1pKRHVhMWRoQ1o1MDNfbDZueTVDU2xDVmpzZ3VuN1pRY0lqZzczZmdHZ3NEbzFxaUJxMTJteEJXQmpIRjQ1TU9XMEVidzNCdlZYMC11ZE0?oc=5,2022-05-05,"Despite sacrifices, Nigerians yet to appreciate firefighters, laments Jaji The Guardian Nigeria News",0
"We are neglected, two Lagos slums cry out for help! - The Nation Newspaper",https://news.google.com/rss/articles/CBMihwFBVV95cUxPdWRLNEtwcVJSdUVHWGlWZGZ0ZWd5VkFmaERjU2pYZUQtZzc3OUE4eVJZVGN1aVhndmYyYk1BUXd3dTVXUDY2N0JieWlmX2hvYVk3cWpDWVQ5QU4xYkRseXdFck9OVnlIN2lOWTRiWHREQzRrSzI3eEtqcjBkMW5QRTN5NGtLMlXSAYwBQVVfeXFMUHZpVHR1cHNCdEFaLWctaVZ5V2loejFBSTEyZWwyVEtYWFNST01jLWE4RG12YmxGOW9nYlk3WncyYk5BbFpzVGJMUXBpNm9RVUtWb2dzZXI2NTBmbGJiTlVGQ1hkdDF3amxvS1F0OWJQal9fajlKNmc0SzNLdUl4SW1WRDBvZHJ4WXlmUGY?oc=5,2022-05-02,"We are neglected, two Lagos slums cry out for help! The Nation Newspaper",0
Evaluation of future estuarine floods in a sea level rise context - Nature,https://news.google.com/rss/articles/CBMiX0FVX3lxTE1CUEgyTEk4TVdwSmRLQXFvM29fU2c0NnhEeXpuV1RqZmJfaldjTERSZVZ6eTVTLVNXSW5SU0pPWEprbVJDdGhQcWRJMWRxQzVIREpKOEdxcEg2ZXhkaklR?oc=5,2022-05-16,Evaluation of future estuarine floods in a sea level rise context Nature,0
"Updated: Two dead, three rescued as two-storey building collapse in Lagos - Vanguard News",https://news.google.com/rss/articles/CBMisgFBVV95cUxObkZERXZoRUhab1pkZEhwa0pPaFJYNXBvRjlRZWE4dTFKekxPb2lqVlBkdmZVUnlwUXNHSnRfaGRWYS1EYVVYeHpMTTlTc1F1bEFVX281MXlxS2g5Z0J2QlpXZVNTcnVraFlWc2J5NldBUDhCdnNWLXU5SzRzMlFpOG1lZXF4bktPaU9CaXZxejVvMlZFdGxrNGYtQzlrUTFobmR4ekZDVEZTQVgwV29tMVVB0gG3AUFVX3lxTE0tS21ZTWktX2k0czM2cFdQb1JDYzNpS3NPbWszcXlNOFJZbnpOSVZmMjRHSmd5VHktUDdPellJREZURFh3NnFEZnZEUHN2Z3o0UWdWLXJ3RWwzVXRXdzUyN2ZmRF9TM3RxY19wVzB3dUNNVVcxLVdIYS1ySmZ0SjlkOERIUFJuS0JGUDcyWlFqNThsSmwzclM1MzJYblVxYXpZUEdaNGNnZGRyZXhVM2NtZ0MxZnN2aw?oc=5,2022-05-21,"Updated: Two dead, three rescued as two-storey building collapse in Lagos Vanguard News",0
Strongmas Unveils AI-Enabled System Omini Residence Units in Lagos - THISDAYLIVE,https://news.google.com/rss/articles/CBMiqgFBVV95cUxOWjlQbWpNb24tZVpQQTAtQVJUNUtRMTdmNlN0OTU1dW9qX3ZIX3E0bjB2RWZmWEpXN3pVa3lIaTlTQnRDRWY2N1FDVmhnQ2dfUnZCVDZiYk1VTUhzQzVGMWZ3VnhvUnNWcDdRR0FrdzlubUlyYjRyaEV3cXZET0I3WXZ4aEdOOGlyTFNmal9fN2xlSTJYV0dlZGFtZmhQcXFYY1AwRWFvSlZlQQ?oc=5,2022-05-02,Strongmas Unveils AI-Enabled System Omini Residence Units in Lagos THISDAYLIVE,0
"One missing, properties lost as flood hits parts of Abuja - The ICIR",https://news.google.com/rss/articles/CBMijgFBVV95cUxNZHlKT2pZMl9zWUhtTDB0dzNrbm9mT0o5d1VDbW1kOEUxQXlqdUktY2tsejdURUxoTVVOa2txZ2w2M2FWdWlDQ2h6SzdITHk2M1ZudXdMMFJjRllvZURiYk9JNEVqTnFGX1ppemUyekhZY1JZQmJXLUxNSk1kQUpSWXk3TmZtUlRaZXlEV3pn?oc=5,2022-05-04,"One missing, properties lost as flood hits parts of Abuja The ICIR",0
Peter Obi Resigns Membership of PDP - thebossnewspapers.com,https://news.google.com/rss/articles/CBMigAFBVV95cUxQQ3VSS0FrSlNiVjZBTXhMMXdRWmxhQmZDQUVqN1Q1d2NzQVFOOHhheHpvUFhETlFveXp5WGJ0YndteTlxNUt2R2thRFZucFpNRTF2aHVTWlB5TTdVLWNmMmgyTlc3VFF0WkpjQnowcTZvWmhMckdSeXpObUdOYjh6Zw?oc=5,2022-05-25,Peter Obi Resigns Membership of PDP thebossnewspapers.com,0
French language village gasping for breath 30 years on - The Guardian Nigeria News,https://news.google.com/rss/articles/CBMilgFBVV95cUxPQ1VyNXBhUGlGR296dG5TWkFQOGRkMUE5S0dPWXhxeEVvVkR2MHVJUVBTc2xxZlBUeElfd1ltZGwyTExZRW5zTUd5RXY5LUlqRElDQ0tESWhnQlRBMHVObE1rMDBjYmpuZnlpek1ObDJGbXNOeVhOMHRoSndQUXEtOXJDU0FUWjJRSWRtbUo5bWdWVVZpYXc?oc=5,2022-05-08,French language village gasping for breath 30 years on The Guardian Nigeria News,0
Convention: PDP Accreditation Sub-Committee Meets Today - thebossnewspapers.com,https://news.google.com/rss/articles/CBMilAFBVV95cUxOOVNHVm9RVzlNYmo0c0tKRDdja3RNemtFNEh0LURLVlZSQy1va2NWMklaZlRNOVJBYUVydFlKNDNxQUdPY2RIdzNBWTZzRzJpWXdYWTFxeWFrMjdqYnVjZWZ1cjZvMzhoTGZRdmZYdmxUa1JuMXZjR1pNdnNjTUVRX2VjOFdHQTBjVVZ4eGd2MkJHMlEw?oc=5,2022-05-27,Convention: PDP Accreditation Sub-Committee Meets Today thebossnewspapers.com,0
Lagos clamps-down on cart pushers over threat to security - Vanguard News,https://news.google.com/rss/articles/CBMimgFBVV95cUxPa3FYdWpKQlZxZ2FPVWluWjhiQlZzMTF3VnNGd19XZFRYaFI1ZDNLMF9LWEJ3Y1NQbl9iamc3c3Z5RENXLXk0UERjbS1HQUtJYzdTTHQzNFhfdDVsSkxJZ0ZCd0NhWjJidWdHX0hkMHpXVV9YR1R6OUozb19Ga1FLWnZiNXBKMXpQSWRhZDljTjhaa2RUcnoxZjVB0gGfAUFVX3lxTE5pTmVDUjJIc2VubEtyaGtXUUVPTVNVLU9JM3JkX2RRdnZVdGxaSlJOdU5hRnltSHhPQkZEM1pIc3lUX0RMX3BkSGdlVktUaUlQSmpJa3ZEYms2ajVNSHJ5VWhhbWREdUFFWE9kTy1CNHRHTmNqTjBYOUFBZElpWEw3eU52b2ZqLThfQnVUSWgyZ2RQRXZhbEltYlVYeHVVVQ?oc=5,2022-05-23,Lagos clamps-down on cart pushers over threat to security Vanguard News,0
Okada ban: Lagos launches anti-Okada enforcement squad - Vanguard News,https://news.google.com/rss/articles/CBMilAFBVV95cUxNd2ROQWdGM1V2QURHTFd0U2NQeUNpY1RCcXlXNE8yZThCeWFsSXIwU2lEUjIzV0ZtckNHb1FaNTByNXZ5bkRfWVdLSkxYNG1DWDYwakk0UklOSUl1TTF5TnVzZExCdzJLQ21KUXJydjNlazNYMEJ4RVphX185cWJWdGppLTFBU1JuNHR1X1lpbmQxNTBE0gGaAUFVX3lxTFBPcjFzOGFLbW5vZzNpN3dSX1U1Wk50LU9BU3JBYWN4bGZqSE9VS3JtengzNzFQUmJXR202TGh3Snl5YjNpSmVmZTQ0MGNuY3ZIbXpIRzZRaF9JSk1SSlptV1Q5dF9heV9ORVlnVTd2LS1lYlU3VzhTZ0NmTGQ2Rk1lLXVxaHBDRWx2RTVTVGJLaExJbTlOV2FWa3c?oc=5,2022-05-31,Okada ban: Lagos launches anti-Okada enforcement squad Vanguard News,0
Igbokwe Leads Official to Clear Drains in Odi-Olowo LCDA - moelagos.gov.ng,https://news.google.com/rss/articles/CBMixgJBVV95cUxPTkpLLWNZeHBnbWNDeHdablNlMGlYdDUxcUxiMDZiZVllSlhIQUtYeno5cDE3cUc3b3hfaGI4eVRCX1ZjUUpURDVvQjh1UUM5MExfZFpMZlc0UVhWNTRIQVVhSjVYSnMwYnNLMTY4SVRFb0ZTb2lXWFh5VUJSckxQRzZtRlVnZVZvelg3SFphN1NISTI5WkQtaVRGcW1SQm1XMmRlLW1IOHRXakpSU0dkUnY2WmwyVVAtMFFyd3VoZFFWaEwyWnV1V1J5aVJnNC1SUmJzNjlYaDNfSG9GZFdvN3BMTnBPcDFtMDFWd1dNeXk5ZnJyaTlMRmhWUXdXbEtZTzF1OTB1ZU9zeE9zdDh5UTEtWXZvUzBzOEJhZ0x6OFFJVmdvYTlrWG5iLVNlaFIweE85NTlYUi1naXROVmNrcU9PeWpFQQ?oc=5,2022-05-08,Igbokwe Leads Official to Clear Drains in Odi-Olowo LCDA moelagos.gov.ng,1
Lagos moves to improve water supply - The Guardian Nigeria News,https://news.google.com/rss/articles/CBMibkFVX3lxTE50VURfcllWTEN6WFNlNHAwXzAxTmNINVZwWjlJYVpZUFptajA0MU05LXZYMGFvTGdHbXFxYjdJX2JkTTBURXNPYXZueE9GSDVfWUxXb3ZEMWpUUl80RkZESlFGUWU5QmFmMWZmRlZB?oc=5,2022-05-16,Lagos moves to improve water supply The Guardian Nigeria News,0
"Nigeria Set To Become Destination For Medical Tourism, Reverse Brain Drain – Minister - Federal Ministry of Information and National Orientation",https://news.google.com/rss/articles/CBMipwFBVV95cUxPSmN3V0tuaFR4TmU4Y2lQRkhUdTktZTVwNVNpdVJlSzRleFFvZGh1cmR1NHlZanJ4MXZxWkxTaGxoSDNOMzlNZHM0RXkwT3Q5T2NSY3h5M1B6STdXa2QxMDVWeUJtRWk3VVpRZUxCZHd1VnBBMWdheGJYOWJZWWRlOFcwdG5DT0RJVWhxMlNqQUhFbDFnVmdRbkhxRHc5bG5GT0pFWGRBYw?oc=5,2022-05-11,"Nigeria Set To Become Destination For Medical Tourism, Reverse Brain Drain – Minister Federal Ministry of Information and National Orientation",1
BetKing Cares: Company embarks on ‘Month of Good’ campaign to impact local communities - TheCable,https://news.google.com/rss/articles/CBMirAFBVV95cUxQUWtZVXdKbndTV3JJb3VocE04WEJvUVV2cVgzMUVTaml6cXd6ZEYwZnNfVkE2VFdSUTBMNFhaVVJsUGpnXzBYMGo5cUh0Vk4zVzkwbUVvR0VkQTBEbU9ZUmgzZ3hXTEtMOFRKV196VVZEbkRnLUVhal91elUzOVVjbWFwU0loZFlpZUVUZ25ycmIzbExVb1JJVzFaSU81MnpzRHd3ZGpHay1palJu?oc=5,2022-05-25,BetKing Cares: Company embarks on ‘Month of Good’ campaign to impact local communities TheCable,0
Festac Town: From grace to grass - The Sun Nigeria,https://news.google.com/rss/articles/CBMiX0FVX3lxTE1lZkNEcnVPU05BMkY5UEpuYXNlQVU4T1l6UGYyOHVKZVFPRHhnMzR0Uk1VSmtKdnZvUEltb0RpbnFfMnBwdlFfZGpGRlhhbVhUeVRIY0VjS1hEOUJfZE1z0gFkQVVfeXFMT2oxR0w4OWwzMkw3c3pRX3duazU0VnRWekEzbEFpZmtWUy11dUZ0VllHU3FRNG1fTTJMZDhkMjBfMi1sMXJ0MnFDblU3dG1IcmR1ejhwcTV5bGVuWFJQZ1BvRGlqVA?oc=5,2022-05-03,Festac Town: From grace to grass The Sun Nigeria,0
2023 Presidency: Perish thought of producing Buhari's successor - Joe Igbokwe to Northerners - Daily Post Nigeria,https://news.google.com/rss/articles/CBMivgFBVV95cUxObHMzbEhaZk5wM1FaRGVkVFJkMUpDR1hqZjFWT2gxeHBBam4zbVdxbmVTbVI5Z2RNdVVuZVRmQXE3RlJXdGVDVVhyb2J3REhSSVZUOHphNWg3SGZLTkNoY29HdjFUYlJkeGtVakxydUVaZHRLQ3dpNEdoT3hvWXItLWZVUjdLME5qN09HTGRJanVERzkxTkZKRjFTdjJfOXRrNzEyV2pCbDNieGNRSTBmOHJGdTJSZURPamt0bktB?oc=5,2022-05-19,2023 Presidency: Perish thought of producing Buhari's successor - Joe Igbokwe to Northerners Daily Post Nigeria,0
"FERMA raises alarm over Lagos highways guard rails, manholes theft - The Guardian Nigeria News",https://news.google.com/rss/articles/CBMilgFBVV95cUxNVC1Zci00VW5JUklXSm5SVlhqNTRNT3RLT3F6ZlhGYmEyVXpjNGZsMTB6QVhJa0ZwMFhTUUJlaTg0WjJSa3ZMOXNfNks2NUdZT1ZXcGg1OTlOX2VjN2FSZ1V0Z1Q4U01aTlhOdFNpN3dxRjcwTk1XVW5iN0tMeWxDTHg5Tno3dS1pR1VHUHhURS14QXVKWlE?oc=5,2022-05-16,"FERMA raises alarm over Lagos highways guard rails, manholes theft The Guardian Nigeria News",0
There is an official shortage of pharmacists in Nigeria: What now? - Business News Nigeria,https://news.google.com/rss/articles/CBMirgFBVV95cUxOQ1BzRTRmM1gxZ1dMRVQyWjRaNzNCaXYxN1Fzek9VdkFBbDZ4b0F3OXQzbEJBNHozYW9zZmx0TldNQXlKZHJ0dTRkWXpwQWdzSm1pX0kzNjltb2syd05HSEtQNEVFSjFFb1g5WFlicW9NSThrMWlDRThQdkVKd1lBUmwtVmx1U25mS2R5bHctbndyZjdkZ3BnU0tWaFg5TEgxTm5UYWYxb3h3aHZUbUE?oc=5,2022-05-14,There is an official shortage of pharmacists in Nigeria: What now? Business News Nigeria,0
How The 3 ELETU-ODIBO Brothers Play BIG In LAGOS Real Estate Biz - City People Magazine,https://news.google.com/rss/articles/CBMinwFBVV95cUxOR1RJUDNkZVJmMDcxNTl0ZkdxQ0pHMGVpWFc1ZFVxaHR0NjNXdFV6QlNOdFFzZWNwZlRQRFNHRjE0WDlEbjhBeWpFUG9BeTNUNnYxc2pPbmxDeXQ3eDhiNDN6ODlheFc5NTRXSjR5ZnNnU3kwY282OG9sTGpaVzZ5QU9rODAtM1NCcjhxVGRrSGVhczNjbVFsX1J1TDNlRzQ?oc=5,2022-05-02,How The 3 ELETU-ODIBO Brothers Play BIG In LAGOS Real Estate Biz City People Magazine,0
"Lagos, Abuja, Kano, others to experience heavy rainfall in next three days – NiMet - Premium Times Nigeria",https://news.google.com/rss/articles/CBMizwFBVV95cUxOSFpZcWMzUm9uSU9ka3pfMENFYVhuZ096NnhlNV9rb1NYR2RDc0M2SFdIMkhscGI4eUlpY20wSURLSzdPVm9oS3NxTlMxM0VrTXZabV9qWXJJaHR3ZEx1MzZoRlRObFlOX2FSNGx6VnpvUFcyd1VJVXpNS1ZxcFIzdm1qRE1TellIWmIwdmdNZnhXTG50UjM0emNCR2I3aUJCVkdEZzlKTlRuaGdqNE9Vc09jd0pIbDk3ME1mUlMyRnVxSnNCckJNcHdQdUhUSVk?oc=5,2022-05-18,"Lagos, Abuja, Kano, others to experience heavy rainfall in next three days – NiMet Premium Times Nigeria",0
Flooding: Lagos Govt To Divert Traffic In Ogba For Installation Of Concrete Culvert - Channels Television,https://news.google.com/rss/articles/CBMivgFBVV95cUxOaXpISVlzYjlpZm5nWlg4Q01jam96M2d0R3dnekxuM1h0WnBhRmU5Y2lybTNZbG9DdGlJZG5BeWNXdW45WkJrZjdWSnRVckFSMzNrNktYVU1KSUlIZXRBUDdlZmRXUFBHMFl3QThFV1RrbzFHQk0ySEtDeXdub3dfUEpvc3lIYVd1c3RNQjFNaHJzTTVWcUtRekhUc1BtLTZJaVdsZ1UwSS05LUxPZENhTVBKbUkwYWtSWm1JOEtB?oc=5,2022-06-26,Flooding: Lagos Govt To Divert Traffic In Ogba For Installation Of Concrete Culvert Channels Television,1
Lagos community tasks govt on completion of canal project - The Guardian Nigeria News,https://news.google.com/rss/articles/CBMiiwFBVV95cUxNNlpDelQybDJPOFRPUzRFWnIwWHFxdEdxWGNJNWVNXzA1c2poV2dRQlFHcE53VURJcWFWYjNwaHJKeE5TLXhBVGRLZGc1LWEyTzRGYzZIaVpVZ2JncnVzMXlsZ2xEWm1hNk8ySFRwRW5aSEVqUkFkeDZYX3FzYnFTZm9tWDFnVFV5NGRr?oc=5,2022-06-15,Lagos community tasks govt on completion of canal project The Guardian Nigeria News,1
An Update on the Ongoing Ibadan Urban Flood Management Projects (IUFMP) - feedbackoysg.com,https://news.google.com/rss/articles/CBMifEFVX3lxTFAyUnMwQVd1Zm9SNjZJOWlScnE4Yy15cTNCOXp2NWZ0ZXg3end0SzZWb3EtOV9mSDNndTh2QUpidDRDeXZJOF9zMUN3TnNZUHR5MmlKOHZMVkJENDB4eEhUUDNGLWcwRWFoR3QwN2lwd0FTOWFzSTlZa3Z4YWw?oc=5,2022-06-09,An Update on the Ongoing Ibadan Urban Flood Management Projects (IUFMP) feedbackoysg.com,0
DW News. . A woman cyclist in Nigeria is inspiring others in Lagos to start riding their bikes. She says it is the best way to beat the city’s famed heavy traffic. - facebook.com,https://news.google.com/rss/articles/CBMitAFBVV95cUxNU2QxMG13Uk5Sdjd6RFJaNTRNbjNWSWM3Q2JfR2FmSEdjbXVkTU1lTVducTYzM2htOFRaaWluclhDU2x6S0VUZlB0RFRqaHc2b0VqUWZDYnR2R3U5cjBzSl9FSXRRUUhKZUR0Z0IwUVRETDgtU3NmcTJJY0xQWDI4Vl9IUkVFdGp0Z3ktbG5qbXJMcGVuT29xdUNZdUpPZWxMMEdYN0FzbmE0Y1ZPR0k1LWNDei0?oc=5,2022-06-03,DW News. . A woman cyclist in Nigeria is inspiring others in Lagos to start riding their bikes. She says it is the best way to beat the city’s famed heavy traffic. facebook.com,0
Nigeria's homes are vanishing into the sea from climate change - Reuters,https://news.google.com/rss/articles/CBMirgFBVV95cUxNVm1Zc1VCdm82WWU1eGRrN3JqcjNGY2RmV1BQdHV3R1J0SlU4elpMYmh3ZWUtd2J1YlRpX3hvdzVXRmYyN0p0OWtfbHhJQ2ZfSjlRUzhFczl1RF9HdHlMNE1uYXR0SHl1bXRnLXVGMGpvT3k0a2EzaTdBSTV3eGhnRy11RndKcVZyYlVaVjRWV0dTak5UYUhuWjVRSklEeGNEb1hoTDZoLXh1dGNfd0E?oc=5,2022-06-22,Nigeria's homes are vanishing into the sea from climate change Reuters,0
"PHOTOS: Flood takes over Computer Village, Oba Akran - Business News Nigeria",https://news.google.com/rss/articles/CBMikAFBVV95cUxOcmdCY09oejdOelI4dzNxcE0zT1g1MkhScTZtaDhtaVN1SlBzaGd2Y29TRVZJTnh2dGlXdjhsMXU0QUhFdGhxZ3NuaUtHVWR4Wm0yUnVaZkFVZTFHa3h5NzkwcjZtcl9waDRPSkdfQ1ZXYWFTSUNPTjNUQ1NsY0VObHZUWVNzajNLcFVRN3V0NlA?oc=5,2022-06-17,"PHOTOS: Flood takes over Computer Village, Oba Akran Business News Nigeria",0
Ikoyi building collapse: Lagos begins a-90 day pull down of Gerrard’s skyscrapers - Vanguard News,https://news.google.com/rss/articles/CBMitwFBVV95cUxPUmNSamxHRGc3aFNGS0oxVFQwQ3ZHRjFmSlNzV09meDdnYWR0WmNaZ1B4T0N6WEtWN2padTBYTmYzNEZOLTI4cEY5b3ZSY2FHeW0wdWZLY1NRNW9kbXR5eFhVdnc5NHZtang0U04zSDNFcGRxd0xpaU5LU0lzR2FwbXR3RFpYRHh2YnNuaVNCTlhYaXhrbXlVUVFSQUpzZmEzLVprRnoyODhDbDc3dU5meUVPamFlelnSAbwBQVVfeXFMTlVCcFJhbWV2YkNDa2ZVeVpGU1pfel96T09UYU5EQkVMVlZXLVlNaDZnZml1dGdQb1lmaS0zWlcxMWFUMUs2NENfTEpYbHFJUHVRak5OQnVMQ3JGbEVJVWhtd0lEa2d4YnZ4eDl1ZUR5dlZ1eTdCSXNxbFJydk5ZZjhpR1Bpc3Z3R25fQ29lNU1OU1ZZdTJlcVVtSFNPazJ0T2tpMjFlUUlTZzNIUWFCQU1DMDZKQ0VtOWVrZ0E?oc=5,2022-06-16,Ikoyi building collapse: Lagos begins a-90 day pull down of Gerrard’s skyscrapers Vanguard News,0
"Climate Watch: NiMet warns of heavy rainfall, flooding in southern states - TheCable",https://news.google.com/rss/articles/CBMinAFBVV95cUxNYm05WE5WYWhvWWNRYzNXY2xEdmxPcEh4VjUzWUs0VkRZWlBiSWZMYUstVUdRWGFHZUJibDZlZllxblkyNEdVd3ZPbEMxa1ZLeWJPQVBua3FUTTFnZWtKemNYY0Y0aHVxVVJ6Z2hkVHNOLXhlczlkb015MTNaanozMG5hZXo2V0xsMmltb21hNHFOTE1mUEt6Mkdvclg?oc=5,2022-06-28,"Climate Watch: NiMet warns of heavy rainfall, flooding in southern states TheCable",0
Again! Ikorodu Residents Appeal To Sanwo - Olu Over Deplorable Gberigbe Road - - theimpactnewspaper.com,https://news.google.com/rss/articles/CBMivAFBVV95cUxQQzZiYVgwLUlnZC1iTllUaDJZLWo2TFdOemhkMVNLeDlyTmM0LWZVbVhjVnBFS2pxYXlkcG5KcDdqcE9vc29hcWZtUXhrdEluTWd4RTdfcnUxXzRGU3NBb1lzTTBKXzV1cEU1TWZaSFhOcHJ2cnZtcnZBRzVCQWRsZTZQY0dyb1RuT0pJdFVWbDg2WjYxSWpDNHN5UDVNay1MY2p1THpHc1lpVDFQN2I3LVZwWEQxUFBWS2hIYQ?oc=5,2022-06-27,Again! Ikorodu Residents Appeal To Sanwo - Olu Over Deplorable Gberigbe Road - theimpactnewspaper.com,0
East London Tavern deaths update: South African police dey investigate nightclub death of 22 young pipo - BBC,https://news.google.com/rss/articles/CBMiXEFVX3lxTFBSd0Q4YWkwM3FoRUo1WXRCU0JfcjlTQ3pwV2VQcmJ6cHRfSi1xSDN3WFBaMWd0WTBHMVd4ZGZSQUxiUV9TS0UwUjFTNUU5SHNaNndXUkpmc2ZJMjBk0gFiQVVfeXFMT0JmYmxZeWZEejZmdGFRbGNBaU16aXZ1QkNvY2xpTDU2a2ppeFN5SndjS2NKVVVBN00xRGhQY3hVNUo5N2FWN1N5MVgwMVBZYzNKMTMwS1ZYTWRsTWlCQlcwbUE?oc=5,2022-06-26,East London Tavern deaths update: South African police dey investigate nightclub death of 22 young pipo BBC,0
"Again, Gunmen Attack Ondo, Kill Six - thebossnewspapers.com",https://news.google.com/rss/articles/CBMieEFVX3lxTE5vVzdIYWNTZzlDYTZ3TExKcGlQQ3VLNVNuWjdDRTl4Q1JCQ0Y2enZFUklZcS1RYnRsNVluem04ZmxodGF0c251VWdDQ3lBYkFpVW55c1ViNUFPVXBzcTFzZGdqeDh2dldVZEcxaDFKM1dmNzY5U25jTg?oc=5,2022-06-09,"Again, Gunmen Attack Ondo, Kill Six thebossnewspapers.com",0
Crisis in Lagos as herdsmen allegedly kill bus conductor over death of 2 cows - Vanguard News,https://news.google.com/rss/articles/CBMitAFBVV95cUxQZ0tsZ2Q5NWhiS2I2bnNZN1VLSkJTVzNkMEdmRnFQN2ZUTEZvTkFHbWhsRUNQYUM4LVdFUnB5MW1zQ0ZPN3o3bjBjQi1ZbkdBdWhBNUZuenhTQVBUVmg3YnlUU2ktODU1eFFhb2swV3lhN3hGRFJSejdKQjc2SldSRVRZb3h0eUxaM1o0eDNaWDBCSWlLZVdUNFpUSGd5b0xTbEdBZFJSaVhkdFhWeWhlNXZiTnPSAboBQVVfeXFMUHJjMGswbEdzWWRLdUJwV2ZuUWExVlAxVXNCdDdYbFFfQjQtdmttbHhjVzJPNEoxM0cxTWNUSFkzYU14YjE5LTUxWkxfYlBoSFNLLWdLS0FLR2RxdDJBb05QanlMVTdqdGlVMnFNTTBMZDMxZ3MycnVTa1J3RXpsa285TGg5QjlPT3F0QVdzbE9INGZWdUNUSXRBdFh5TlZJVGFYV0ZGdjV2Zmh1bXAtQURGS2FzZjFsNUR3?oc=5,2022-06-27,Crisis in Lagos as herdsmen allegedly kill bus conductor over death of 2 cows Vanguard News,0
'Life-threatening situation' in Florida as storm brings heavy rain and flooding - Sky News,https://news.google.com/rss/articles/CBMiswFBVV95cUxOWjQxRlZwY2dZQWRDS0M0SjhNVF9BYUdyNW9QS3g3aW5iZXVON2lVRGdjUndvVjdMbmtlbld6STk0VmwxRy1pRW1KZkEzdVNBX1RqazVKbVFEUlMyZ3BiLTVWM0NlSWlZVzRhM1A4eHVlUTZGOXZWYkptUkxVU3IwWVV5U3VvMlk0SjdjQVYtc0VZd0huSWFWN3l5S2NWZjlXV0VZUEtIb0dLZV9Hd0ZpN0ptZw?oc=5,2022-06-05,'Life-threatening situation' in Florida as storm brings heavy rain and flooding Sky News,0
The first named storm of the Atlantic hurricane season floods Florida - NPR,https://news.google.com/rss/articles/CBMigwFBVV95cUxNT1dQMWhpZ25kRHVqUjVqbkZtVXQ0UG81ZW9INGdZNkNZTlZJU2pEQVlMZTNkOERNZFVURGJhSU5yXzRzaEc5TXRHYmp5ZzFJeFJ6aU5rbWhiVjRGRDB2YnZBSFFTRTBBNFlaQnRmV3pUSXN1Rl9QVGloVkw3UXVYaXgxUQ?oc=5,2022-06-05,The first named storm of the Atlantic hurricane season floods Florida NPR,0
Lagos community backs drainage work at Isheri-Oshun/Jakande - - Business News Nigeria,https://news.google.com/rss/articles/CBMinAFBVV95cUxQRERtOWhJQk5rZUdaZ3VjcGtGZURuRUYzOFZrR1ZuMy1od2d5LURVak1sZWJBNElkRHpfYmFwOGM0dlFhZldwZWNZNS0zUXlrdklnN2pQemFpeXhUYWo5cnNsWkZWdlZoY0VPN3ktWHZFWXBGNnNsLW4teU9UV0JCTVBiOTI1UnBjOHFlVGw3aWM5Y1U4NmYyLTRPV2s?oc=5,2022-06-22,Lagos community backs drainage work at Isheri-Oshun/Jakande - Business News Nigeria,1
"Okada ban: Lagos crushes over 2, 230 seized motorcycles - Vanguard News",https://news.google.com/rss/articles/CBMilAFBVV95cUxPOWdYU1BsaGpfQzlKcnJSWWI0LW5MRG1qQ1plM3E5S0JPWmtmSndtcG4tbWo0U00zdkJlOEhjeG1IVkRHLU1PdTgwNlNjVEJFN2RYVXdkN3NyRmZuc2VmLXdGMFQwb1dBQUVRMWtqV3dFa1lfeEpfSkllX091REprZWtLWnNuMFkzcFdyby1pV2RwQmNN0gGaAUFVX3lxTFB1dEpRazkxRmI3Y20zNUE3THZFeW5DUDVzVUpfRmNiZnpwbmFLb0U2RXA2TExNWVZXU0FYRVJrY3VDYzZqQ2kxWkxRSjBPR3Y0aFBjdS1KeThoTXZEcGc3eWxmSlpWNFhlTjdEZ0JlUjBKbmhWejRxXy1GWHNVUEJFZVJFZE9GaVR4a2Q0ek1ReFBLeE04dDdlLVE?oc=5,2022-06-03,"Okada ban: Lagos crushes over 2, 230 seized motorcycles Vanguard News",0
"Plans for floating baseball park, golf course-turned-multipurpose space point to Anthony's future - Las Cruces Sun-News",https://news.google.com/rss/articles/CBMi0gFBVV95cUxQYjBta0d5Vmp5Ull4bUlkSDdyeTRPT2pWZjN1cnFXT1BRTFctZHdJVUtrak1IQjdNWlhza3NMMDc0WWlNZG8yWDBwSnIxSkVHeS0ydXp1NklfX0hTQW50LUlZQk5hVzF5ZFhvd3FwVk04NjRtQ3FLb2Q0aUd4anFsbU5aeWF0MFpvVGtuLWdqR3RrTlBtQXlEeERTd0VSRzlMa1kxWUVsQjJJX2NKN0xvZDRsU256ZXBGbkFRZS1vWGpCNkVYVGluQXFMYTg1ZzZ1Vnc?oc=5,2022-06-07,"Plans for floating baseball park, golf course-turned-multipurpose space point to Anthony's future Las Cruces Sun-News",0
Lagos announces closure of Metal Box Road Ogba: Plan your movement - PM News Nigeria,https://news.google.com/rss/articles/CBMipgFBVV95cUxQSTVUZ1ExZFVGZW05RmhVMThMWEhNUk96QzBQY1kyV2hiUmZ0ZnVGTGdYRTdTWE1OUWtaN3dIN2IxblpISlcxSWcxbkNuVlFhSTUxXzZZVTJqSjJ1QzNMVXdRRy1QZFpaSjFxWm5pcjM0dFZfRVZ0anVfN1VNeGZoZVpJNEg5ZEpzRlJUOExQbHhMUzhzUEZOMWE1R3NSOEZPTTBBZG9B?oc=5,2022-06-26,Lagos announces closure of Metal Box Road Ogba: Plan your movement PM News Nigeria,0
Yobe Govt seals land vendors’ office over operational license - Daily Post Nigeria,https://news.google.com/rss/articles/CBMimAFBVV95cUxOM0lWX1cxQWpCLW5IRFhnNHY2TnRIakxvamhoSkZWek81bzlwUXZTMGd4VkYwVHczR0YyQ3AzS1lfbVV6N2o5OWRuNjFxSGxQS2ZvRVI5WjJiZmNRSDJUaW1KTDYxZkd0RWJWNVdJdDNyYzJmVEMtSDNCa0x4cXJoR0ZSQlBROGJRenA2VzJhWC1nbnByNGh5dA?oc=5,2022-06-23,Yobe Govt seals land vendors’ office over operational license Daily Post Nigeria,0
"There Is Tension Around The Jakande Estate At Isolo, Isheri Road, And Environs In Lagos. On Thursday, A Motorcycle (Okada) Rider Hit A Passerby Who Died Within Some Minutes. In A Swift Reaction, Residents Trooped Out In Anger And Attacked Bikes Plyi - instagram.com",https://news.google.com/rss/articles/CBMiUkFVX3lxTE5SdzV6WmR5b2xvRHRKLWZXLTF2aTB2ZV84c1JmV3V2V2lQMU4zemZVelY4UERONTFFbmE3d2NVa3M4TERaTjVmU3BpVEdWc2pySHc?oc=5,2022-06-09,"There Is Tension Around The Jakande Estate At Isolo, Isheri Road, And Environs In Lagos. On Thursday, A Motorcycle (Okada) Rider Hit A Passerby Who Died Within Some Minutes. In A Swift Reaction, Residents Trooped Out In Anger And Attacked Bikes Plyi instagram.com",0
African brain drain: '90% of my friends want to leave' - BBC,https://news.google.com/rss/articles/CBMiWkFVX3lxTE96QWNacU9lcm1VVGt6eW5aWlFuT0FOQktUMzVWb181Nm9MdFNOd0VBRnliellwMk5Jb3FHbURXaE9KZVhCNlJIMEhZVWlJclM1aVhuN1VsRnJMZw?oc=5,2022-06-18,African brain drain: '90% of my friends want to leave' BBC,1
Zulum commissions township roads in Maiduguri metropolis - Vanguard News,https://news.google.com/rss/articles/CBMimAFBVV95cUxPRXVoNks2OVZqOGlxN0dxRnQ1dG5DX0lIY0FfT3FFdzJITmJZRkpMWnhOTGFLb1lEX2s0b1RlazM1M3lSRTBfeGtkMG11U0dORkhRdmVoaG1MQ2UtY2gtUS1LbEFxV0k3aVNTRlFka2tQbFlIUlUtb1IxZzE4NUhlOHA1NlY3TTM4cGpIeEoteVplQi1jQmxQYdIBngFBVV95cUxNUGpSMnQ0Mm1PeEtKam9fa0lsRU9CcDNEMzU5a1dFN0Z5clVpeVc2WFh1RFdKLWhxNFROclFtQ2g5eFlwR3lHTEhxQ0tneldFaWJycmlOM0pPemd2cEIyWXRxLU1Yd1NDN2JxSUJ0cVV4WGRFcjNTWVd3NGxMUGNFa2NTZktYXzg5ejRiQUVoRlZWeUpwZ2pZNzJzZmNWZw?oc=5,2022-06-28,Zulum commissions township roads in Maiduguri metropolis Vanguard News,0
Lagos government gets committee to review Lekki master plan - The Guardian Nigeria News,https://news.google.com/rss/articles/CBMikwFBVV95cUxOVTRvalVlOEZvMmNxZk9zR2F0eUF3aHZ3dTkxTXdOWkRrUDVzNUJoUVRkaklmblV2dXQ0NWRib1pzSlhpVFNqOFAyOXhGTUVxT0c3NlBEdGlmSlpKZWpRWll2NVRweVhOampaenBYU0tUSExETlhEZUhwRzlhUHNoejFLaXp6TzktaG9SVmhxRkhkVnM?oc=5,2022-06-20,Lagos government gets committee to review Lekki master plan The Guardian Nigeria News,0
Karachi ranked amongst the world’s worst cities to live in - Global Village Space,https://news.google.com/rss/articles/CBMimAFBVV95cUxNT0RZckttV05EMGRKTm4xWmdBLUQwV1VFZm8tZkFVMy1UYnJSZFVqdEo0VnNJLWZWQ1YzQzhTdTQ1VzJpeVVKMkUwQVMyYk9ka1ozbEppcVJnYUhHZ2ZHVThUNFdGNVJkNE91djdfNjZtVzdBUXI1enU3RWQxb0JaT0NwektDRXJsVTFXVzl4cEJWUU5DTS1YVQ?oc=5,2022-06-23,Karachi ranked amongst the world’s worst cities to live in Global Village Space,0
Seven die in Lagos flood – NEMA - Premium Times Nigeria,https://news.google.com/rss/articles/CBMijwFBVV95cUxNR2hMUWZaMkJfbDhRVTJ2LTBvTVFaak93SVFxYl9YbXhqTG9ObzZsM1VkcmdVX3E1LUZ1MkxCaHl2d016b19mZWNPTmNJY0xDNVJUZ3poQnFVVlA4dFg2MEZQN2hNcnRqS1NYZGhFSXY4bkhTQVJIUXE5b2I5NjJyYWVldW4ta29NQWg1MEZMTQ?oc=5,2022-07-13,Seven die in Lagos flood – NEMA Premium Times Nigeria,0
"Lagos Floods: Victims Face Homelessness, Loss Of Property, Death - humanglemedia.com",https://news.google.com/rss/articles/CBMikAFBVV95cUxON2lNN09xejlUc251ODVBbjNMbTBIaUk3VTBuWTJ3NS1ial9nOEwxTXBEUVgxeFFoTnRORkh4REhXS2t3VklaRlVMQVVJNnhGcTNlYWY4Z1JzX1pLaURQWnk2eDE2YlY5M25XeDhKcWlPeTItTUttSmFFX2NzMWlSTHFzZmJ1R1dKdFlQbnYxLUw?oc=5,2022-07-15,"Lagos Floods: Victims Face Homelessness, Loss Of Property, Death humanglemedia.com",0
Floods in Lagos: Two dey miss for Agege afta rain cause flooding to carri dia car for Oke Oba - BBC,https://news.google.com/rss/articles/CBMiXEFVX3lxTE1xelVrNU9STnF3WGNGNWEyZXVFMUQ2ZmVrMWFKek1ZX3pYZVViejVJODNsdktEbFNqbm5YNTdDV2FaeFdZNjFXMHRNNG1HM09EajR2bDdrbGw5d1FK0gFiQVVfeXFMTUtmTmd3ai01UDJHNWpWQlFqczBJWUxBUW9pdFlabHdFY1VvR01BMVBNNDFoQ3BEVFZXXzRFaDJjNVlHekxCSVlUSmdhMjlqaGk5bTFWcWtraU9kN3kxMVlKbmc?oc=5,2022-07-09,Floods in Lagos: Two dey miss for Agege afta rain cause flooding to carri dia car for Oke Oba BBC,0
"Lagos Flood Killed Three Siblings, Four Adults – NEMA - Channels Television",https://news.google.com/rss/articles/CBMikwFBVV95cUxQdldqQmtuc3pZZGtUZFFsUzVEdWtOc3J4aDZKWjFjUmdwOXB4bWZBUWhlQVpQcm1EWUNXMXNlaWNwSGZRUnVub1ZROGFfbWlybXM5TjhEamJ4Y214UXAtczVXbEZZSFo0eDV1YndnTkdOS3BEZjdLX1FzV2VHU0NnS2lGaVF5dmQzTndVdHI2WlFBSTQ?oc=5,2022-07-13,"Lagos Flood Killed Three Siblings, Four Adults – NEMA Channels Television",0
Jandor’s ignorance on Lagos floods - The Guardian Nigeria News,https://news.google.com/rss/articles/CBMib0FVX3lxTE1LX0Nkd0ZKOHNYQTVGaVpObGg4dUUxN1Y1Vl9vR2tMQ1NRWUpPRUV4VmxaU3JCMG5abm9NOFhxVTdVVy10ZjE0UW1aNFRNMl9uZl8yZDlfOS16SDZ2aVlZMi1rNDJLQkYyYTVlNGsxQQ?oc=5,2022-07-19,Jandor’s ignorance on Lagos floods The Guardian Nigeria News,0
"How flood swept away 3 siblings, 4 others in Lagos, Ogun - Vanguard News",https://news.google.com/rss/articles/CBMilgFBVV95cUxNMlZtSXA5ekgwUzhJT3RJa3dsODRrNHZuYzJ3MHhLS1N5LWs1aXJ1RW4taWp5RTE4aXQ3RmlBakRjQmd0ZG1sd0Y0S0wtUjhyM2I4eUtIeko5dWFpQ1hQM3pRNDJDME9ERFpPek44WFN1S3drWVZhZDNhdXBLXzByVGxrQWx3N1g1eWlETTk1czIzVS1tQWfSAZsBQVVfeXFMTUtsZW1ETGpPNXJqT2ZKWXlnNDlWNFBYTk5Na1RBV016WDQ1UWFfdXp5dUx5eDF4aU5tWEJ1Z2g4amRWRGQ2Y1NvOElXVThUem05S2o1UzJ2Q0pTX2tXY2YyTVNjY0ljNDBRWnRHb3AyQ1R4a1Z3NU80aURjUll2LVoxWEpjZjZxV2tsdEdHUWJMbm1WVnhPQzZiR2M?oc=5,2022-07-13,"How flood swept away 3 siblings, 4 others in Lagos, Ogun Vanguard News",0
Nigeria – Floods Wreak Havoc in Yobe State - FloodList,https://news.google.com/rss/articles/CBMiakFVX3lxTE5GSXpZOUJEcU9nd0ZGOEVtQXNic3B4NjBzU2ZmZjVtd2JWVXFkdEtKQ3c3MmJrOW5icnZVcVZoR2paeFdCcGdFM2RhSnl3TTBQNHltdnBUY01WTk1Fd3phdWdUNElKOEZDNnc?oc=5,2022-07-20,Nigeria – Floods Wreak Havoc in Yobe State FloodList,0
Lagos and the challenge of flooding - Business News Nigeria,https://news.google.com/rss/articles/CBMigwFBVV95cUxQeWVHUG41TUpyZWF0c0dpa2ZuZFRJV2VXc0xiY2tpdlZLcWZzRXhqZG9iaFBRNWxENVdRT2xVeHNRVUU4UTF6ZFZzSmpYY1NjT3JNVWtVR25Fc0FSa2ZMX2JPQjdURHRGbnN3bmY2TXFCbkNuYlFIMHJnaTdHb2x6TVI5bw?oc=5,2022-07-21,Lagos and the challenge of flooding Business News Nigeria,0
"21 People Missing in Lagos Boat Accident, Flood Disaster - THISDAYLIVE",https://news.google.com/rss/articles/CBMimwFBVV95cUxQWmlyTmh6dXFlcGhBRmJXOV84c3FwTFBLOVdsOUstSlk0Sk1lRk4ySXdDa0x6YmdZT05iNjlHSlNvQkt5b1U2UmtsSUxCZkRsV3JpUTg4SS1TQ01iVmUtOEg4V3VaWG56ZXJkM21LR0c1bjlic0VqeHFjd29yYVVqYzd1cHhWUF8wcmJkWTNrYThMcGZlTkd3MkVGRQ?oc=5,2022-07-10,"21 People Missing in Lagos Boat Accident, Flood Disaster THISDAYLIVE",0
"No, these are not photos of flooding in Lagos, Nigeria in 2022 - Africa Check",https://news.google.com/rss/articles/CBMitAFBVV95cUxNeE1tdFl3R1VtZE1IYjloV2ZhdGItZ0xDeUVXRnVseHRpZGZ1aTYxb0xfTEhreFRVNnl6YXZVeVdFS2M0SW5JZVhkNTk4S1ZQNThXYTJUNWhHU2swVWtqNXVYUVRvN25nZzNPeHlzMzNjS0RsUVRfQWZ2THhPWEcwbTVZN294Tmd3ZXFjbWpUaFFBTUliWlNCOS1HLTZoXzl2VHVJLWlYR2tFUFJfd0daUDFMMW8?oc=5,2022-07-21,"No, these are not photos of flooding in Lagos, Nigeria in 2022 Africa Check",0
"Three siblings, four others died in Lagos flood – NEMA - Ripples Nigeria",https://news.google.com/rss/articles/CBMiiwFBVV95cUxPc3NqWXFFbUJQVHpybkpjM25GM1R0NDl6UzRqaEx0eVNUUC02M19SQ3RoRWFkenlKSTZfVm5mYXk3ZmZNMDdfMzQ5WkJzZHUyV2JnelAyRU1LUGxDNC14ZzRxTnk1eG9EbFRObVJXdGt5SW1KQ1p0NV8tdTNkd0JPYXJXQU52bThmNkNn?oc=5,2022-07-13,"Three siblings, four others died in Lagos flood – NEMA Ripples Nigeria",0
"Lagos flood kills 7, auto crash claims 4 in Ondo - The Sun Nigeria",https://news.google.com/rss/articles/CBMidEFVX3lxTE1iWkdWaVNZWS1CUFZvQkRJQy12RW0zbVI4czJYQTB5ZDh5MXczOUF4TWtoWkZkQUROS0JRdVR4cHBvdVp1ZGNkbmUxSlVYUmN4Y0xaQS1QcDlheGpaMWlzb0g5LVVRSkVPcnp3MU9RaEl6Rmhs0gF6QVVfeXFMT3FVRDhUdkd2bkZSNWlSUG1GUkhXb3BCVzVlME1XZUM2c0VVUnlsTTN2SDVJWkl6VzlaZnFzQkEwY0dsS0hkV3B3SlBFdWpmbC1ZeTJiMndqekcwc0IwazZSRWFzV2R6bnhSWmFJOGhDcTFVZUdGWkVBR0E?oc=5,2022-07-14,"Lagos flood kills 7, auto crash claims 4 in Ondo The Sun Nigeria",0
"Again, Lagos at the mercy of flash floods - The Guardian Nigeria News",https://news.google.com/rss/articles/CBMidEFVX3lxTFA4MHU2M180NmxuODZZbWE3QVdFc09tSUh0VEhEWjNUNm5xRWZaWFJnU29KYlk3bDBQZVpYUWhwaDQ2NVZFb21EdTA3SEZLYzM5NExQSTJnV2dDak1KZHJwUWtJQ0UzLUVMTmkyNXdKZXF6dThG?oc=5,2022-07-17,"Again, Lagos at the mercy of flash floods The Guardian Nigeria News",0
"Four rescued, two missing as Lagos flood sweeps away cars - Vanguard News",https://news.google.com/rss/articles/CBMimAFBVV95cUxNUlM1ZzJxT0FubkpVUXFxNkstNm56RFVXRVA4Z2dKY1VuckxydFd4WXpuM1JQaGE4QkFIbldvdGhIZW16czhWS2lsM2V2NW5WaGU0NkpGbTZfTU1DSDR5S3NyWVZKc1FjS01fbjV6WnpXSlBuNzJZNWpYMmduTUxLSTNqRlpGbnU0UHBHdjFPWW5EbnJ4ZXRvcdIBngFBVV95cUxQYkR0eVZBaEhTS0VnVy0yendlUlBGODRGRUFjSVhmaUNQQTJqS1hHX3p6RVFYT2FvT0hRSmtBcHhHSEZyMXdFaHJsWkVtVmE5SXdiYUhuVE14bnRZSlNDNEdyejZid3dVc1J0WTJfT0dicll6SlVQb1J0MmxXdzJ0NjR5SDI1Vkt2dk1GZ1UzeTJGU0tXRnYwbDZNR1Y0UQ?oc=5,2022-07-09,"Four rescued, two missing as Lagos flood sweeps away cars Vanguard News",0
Jandor’s comical ignorance on Lagos floods - Business News Nigeria,https://news.google.com/rss/articles/CBMiiAFBVV95cUxNRXgxSVZqS0dVRkpCYl83T3ptZ3ZxNERlRXItNUhia1JKUV81VFFoZnJJd3ZOZm1zbjBHMEFaQ0toRDVRMmQ3bDBOamJmdzMxa3hhamZvRkFRei1HYzhZWDlXSk01WHpLeEFLMWJxd3liS21DajI4ZFd1NkUxX3lLZmtPZ1JLb1ln?oc=5,2022-07-21,Jandor’s comical ignorance on Lagos floods Business News Nigeria,0
"LAGOS, RAINS AND FLOODING - THISDAYLIVE",https://news.google.com/rss/articles/CBMickFVX3lxTFBkREd3MGF2OWd4SHBFNzcyaFZlNm9nNWd1TjdJN3FtZUJEX19keFZnVl9UUGl6VUFSWEVuUWJRU01ieEJNY2Z5ZFY3NmFuamM1V1FDbVRSaXNwdTRFT3FQR2pMWkZSX1NfeGE3a0h3RFdUZw?oc=5,2022-07-14,"LAGOS, RAINS AND FLOODING THISDAYLIVE",0
Concerns over flooded homes in Lagos - The Guardian Nigeria News,https://news.google.com/rss/articles/CBMidEFVX3lxTFBFTm85UkVFcEEzYkFoSThIMkVTMWJqSWdUN2w3Z3RhYTB0V09mTzFacFg4SmdYbTVWTWZrdGlGWGxlaVliQlZfNWJtLUttWmNlR1c2MnlWQ3h3aUsxWnJIU2VxcTVUWHFocjZFY3lUUi1KQnpT?oc=5,2022-07-18,Concerns over flooded homes in Lagos The Guardian Nigeria News,0
"Just in: Flood sweeps SUV, four occupants away in Lagos - Vanguard News",https://news.google.com/rss/articles/CBMingFBVV95cUxPVGw4OXA4amtBN3V6Y3BOMS1ucWl1amlnYVFJMk84eUhsNVBSb1ZIR3FRZ3MzbVAwU1gwQUktd21OWjgwbWxacmVvMTBMaEN3NUJrclFTZEhZQXI1SkRyYzJ6OFVNUDJWSDh2dExTcGtCQlhxMGVzZGFHZkF2M005djFId3VDU0tuaTRURjlwY2NfcU1VdnlxYzQwR1FvUdIBowFBVV95cUxPWmxEMG5jaTFoZUs5S3YtR1c5clhXSmxvbzlZNDYzaVlHZm50ODJYUHdlOEtzMEtkVU5OTVNUT0s1eDRNWkdpc0tGZ2lRck9tb3o2NG9xZU81Q1VOZkFPZVF0dG1PeFdFc1RsVHhpdU9TbFdoRzNFTmNMSzA4cXJqVGFfT1dreVJ4MWF5TEFMTk1oS2puZktpR2JGRkVhaFhaQW1z?oc=5,2022-07-09,"Just in: Flood sweeps SUV, four occupants away in Lagos Vanguard News",0
"Heavy rains wreak havoc, sweep vehicles, occupants into drainage - The Guardian Nigeria News",https://news.google.com/rss/articles/CBMikgFBVV95cUxOVTBDbjQxNmhmVUNSR2VFaEJZQ0dLZkZKd25FQkF6RW0wWWJtRi15YWhVM1daYTNDLWlPRlluNl9RU3oweG1EM2YybG85TzdvcUtDb3hRZ3VPQl9jR0xvNDFEQ2lfTnlaUWhuV055eWpNR1lLNXZNUlZISFlHVVEwdjg1d0ZhQ1dfZmZrR3RrTjRFUQ?oc=5,2022-07-10,"Heavy rains wreak havoc, sweep vehicles, occupants into drainage The Guardian Nigeria News",1
The Water (Other) Side Of Lagos Luxury - The Guardian Nigeria News,https://news.google.com/rss/articles/CBMib0FVX3lxTFBUWGV3eXFxendSRzdoNkxPa1N2M0FtNXItMWE3cTFMTjRxbWlEOGg1S3hEM19lWExOSlNONUl6ODV6ck5CNXJWSUxDcVM5Q0Zyakh2YnNQeGhDZDdjSDV5THVRS3pMSFJPMDliMWl3MA?oc=5,2022-07-17,The Water (Other) Side Of Lagos Luxury The Guardian Nigeria News,0
Rainy season: Flood spreads sorrow - The Sun Nigeria,https://news.google.com/rss/articles/CBMiYkFVX3lxTFAyNjBnbUw0RU5qa0FOZFZrS3FFZHp5R2ZkUUZzalRpLVVHeTdFaWpRQ1NXZ2prT3ZSeXJpOFNNSHBaWk5LMzZVMjlUTHVCYXFQTXpCRUpFQVZtMGl2cEM2cnBn0gFnQVVfeXFMUGpicGVMNUdmZVhXTG93MXdRLW9WanB0LTV2QlgtQmxSSlJFM0diZVVyR1RWelg5ZlYxb1lackFWS3ZVai1tMTg0SE9GMklzb0J6WGhXZ0hheU1VLVBuNDZ4LWQ1c2Rlbw?oc=5,2022-07-24,Rainy season: Flood spreads sorrow The Sun Nigeria,0
"Flood wreaks havoc on Lagos, sweeps away moving vehicles with occupants - Daily Trust",https://news.google.com/rss/articles/CBMimgFBVV95cUxPcG9Pb2VkWl9qZC1yU0xwWmhLVG5wNVdPV0FzWnBOaGViSEdfTnVPT1o0cXBKeWUzQUdkUnFqRHRmdVF6OEx0NzlLeGxZdThBVnZzdldTbGJKWUNsTm42RDU2Qm96a3dkUzZzS1U2a0FTQkZOaS1hbDVUMGRNajFkNDZ4bm9VSWt1TnRiZEZvX2hING1ZTS1GeEZ3?oc=5,2022-07-09,"Flood wreaks havoc on Lagos, sweeps away moving vehicles with occupants Daily Trust",0
"Floods, high fares, road works impede Lagos commuting - The ICIR",https://news.google.com/rss/articles/CBMihwFBVV95cUxOMTRyZmM2N3U2ZWJXbDFSLVVJZm82ajNfRkdzMEtKNzR5X2VlQTN6OEFCdDB0YVEta3IzYVdSNy1xS1lvZkpuVzJqc09MdlRpVTJ6bm9qaEhUcmVnbXcwOThnaGsySFRMRXllU1pnVjR0RjlTcE92cGxnYlhsekdqdVpnSm1RV3c?oc=5,2022-07-12,"Floods, high fares, road works impede Lagos commuting The ICIR",0
Flooding: Averting Devastating Effects And The Nigeria Challenge - LEADERSHIP Newspapers,https://news.google.com/rss/articles/CBMijwFBVV95cUxPV3ljTnNQbHktd3FLQi1ON0dfWElUeG5iSkZPU3ZrZm9mZlozWm9COUV0VlFHUmppR0RXQWhpVExiZVdkSnMzTDhSTTl6aHV3Z2Y1MUFvWUlZbGFJT3Z2cjAzSGVkQ1g1WlFDSnlzT2lLUFcybkJUcWlVMzlLYzdkNGxVZUxrZ3hhYTQ3M0xRRQ?oc=5,2022-07-24,Flooding: Averting Devastating Effects And The Nigeria Challenge LEADERSHIP Newspapers,0
"Photo does not show poultry killed in Lagos flooding, but by Bolivian floods in 2021 - AFP Fact Check",https://news.google.com/rss/articles/CBMiWEFVX3lxTFBraS11RHU4Z3BaSGxqSFU5Z1RNQ045cEFGbUFndjRXdUpfUWV3SDRfZk5DeW1RVS0xZTExRVlaX3RiVmFQemRrWnZnQ1JabWlkVVNTdHBXYUE?oc=5,2022-07-20,"Photo does not show poultry killed in Lagos flooding, but by Bolivian floods in 2021 AFP Fact Check",0
"Sallah tragedies: How flood swept away four friends, new car, ram - tribuneonlineng.com",https://news.google.com/rss/articles/CBMilgFBVV95cUxPbl9kRnBEbHMwcWp5M1ZnQ3pRRl8yTG1jdHR6YUY3ZDVUTXBCSVM0c1BGZG5ZeGt3bnJiNmlHaVNVNVVyTnY4clJYeHYweFFwRjMtYzVwWVVMTzhTNmdTZXRYMmhaZ3lST1ExMjB4Nm44bGdlTzk1ajZocmxfQWxURXFfZG5DdTIxWWMyMzAxSHN2N3o3WlHSAZsBQVVfeXFMTThUeE9ZYnptb1RBM01pYlJkNlF4Q2J5VDV4ZTBoLXo1djZXeGFUYnplWXl0a2JKa1NOZHFuTGNBOFdObkp4VVdSdFRWdWllOWZKMUluTlc0MmlKMVk3OE1ZS2lucEp0eXFXUGpUdUFoN29sVnRVNGFpbG5NRDk2WlQ3ZktZaXR0NDQ5Y0lTUGxMd0FwN05Wc3ZWcmc?oc=5,2022-07-16,"Sallah tragedies: How flood swept away four friends, new car, ram tribuneonlineng.com",0
12 rescued as bus falls into Lagos canal - Vanguard News,https://news.google.com/rss/articles/CBMigwFBVV95cUxPRmFnUEx6SkdkdU81eUhhWUl5UDZQWWxQR3lwMDV0Sm1GMXlHckt3QURPcDhMNjIxWGlxeXJfdzRHQmdXRldVRmxzRmYtUnFDcWozUm9RZXB0YnFRU2k2WjNJUjg2eTZHWEk2UVZIRDRjRW1xUHlBN0thNHBfT0gzYVYza9IBiAFBVV95cUxQVC0xb2FKWTh5bFRKOW81NDc5eHBMYUxUTzl3V21mQWFIdXJEcWp6ZnNCRkw5cjF2UEVkMmVUbWl2ZDZoSHhKSXlrd3FSaHBXZU1mQWRPTHhEd0xQRVdSRnFIUEZ5bDhHbExBTld6bUUzUmhNYmlUdE1WMFY2N09fdTZzamVMOVIy?oc=5,2022-07-10,12 rescued as bus falls into Lagos canal Vanguard News,1
Danger looms as flood threatens A’Ibom coastal communities - Business News Nigeria,https://news.google.com/rss/articles/CBMimgFBVV95cUxNMGwzVlBEcHh2M2pVdVJLZlF6SXh2RnBrYVVmQVpKd0pHNERQWGpkbjFoU2tmWE92eDE4M29zd3NVMlVYOVE0ZldQaHBsdThIU2hkNDZ0NThuNmlLVGZLS0JVY3ZEQVRWSFgycDVObGxObV9mVFFDY2dtUmZIaHA4WnVHZTRlMW9hT08yMG81TGRwR2stc0NMZlpR?oc=5,2022-07-15,Danger looms as flood threatens A’Ibom coastal communities Business News Nigeria,0
Increasing rainfall worsens commuters’ pain on Lagos bad roads - Business News Nigeria,https://news.google.com/rss/articles/CBMipgFBVV95cUxPMVVJZWE1Z2FzanpncHlhUGhZMmNEOGlBMTZKN0E0TG1mTFRsa3NyNFdCRlFKVWl0dk52eTBOa3c2N1lablNpV2lwdnJzNnFvakhrWENnRTZid2ZLVVB2TG9Xa0lxY1ZDbkZDNDI2ejJNZEMzNTBPZk5Td29aeERRbzBydzUwZjB1bU8xblYxei1uTlUzS2dPamxzM0o5bENkT0UxSUdR?oc=5,2022-07-05,Increasing rainfall worsens commuters’ pain on Lagos bad roads Business News Nigeria,0
"BBNaija star, Tacha, complains about the flood in Lekki, Lagos State. - YouTube",https://news.google.com/rss/articles/CBMiQkFVX3lxTE9pR1Awa3lsdUNuU2doLXJ5c3hGUlViVnVEQ2ljVnVjYWg2N1VHWDZvOFlHSFRaMG1Wd2J4UVVXTFotZw?oc=5,2022-07-11,"BBNaija star, Tacha, complains about the flood in Lekki, Lagos State. YouTube",0
"FG, Oyo State to align on Lagos-Ibadan Expressway bridge - The Guardian Nigeria News",https://news.google.com/rss/articles/CBMiiAFBVV95cUxQTG1lRUtkTzJWclZmS2dPbXlfWHR0T3V1SXY5WS1aeGw2djQxa19ObmhFWUlfNkNDRnBGVzJnUkRNN3JEU0sxdFFxYWVaQjlGdlotaTkzcE1JNXp5Q2F6VzNORFNtTFN4alBuNnFJR1l5ckNudkthakItNFRsbHJ5WVVQREI4OVky?oc=5,2022-07-09,"FG, Oyo State to align on Lagos-Ibadan Expressway bridge The Guardian Nigeria News",0
Residents of Lagos community beg Sanwo-Olu: Come quickly to ijegun and help us! - The Sun Nigeria,https://news.google.com/rss/articles/CBMinAFBVV95cUxNSm5SQ0F3VXh1THVlWEhDUjZmeEF1VkV6eExaY3MyLWVOam55SENzUE5hcDUwVkhVOEZHT1hfWm4tS1dkZlkxelhUN2lscEpwWjFrXzVlcTlqQUVXd2ZqNTVubFhGQ3FVQXV0UEN2TjUyNHNYeVBpbk1xSFNBektITjRwTjJkaXEyQi1vdUlIUldaQlJTVi1yZ2E5V1PSAaIBQVVfeXFMUHNnc2paeUc3SnNucWExajJDSTRMZFJWMnJnMVUydWR5QjZWSlRpU2U0YUk5cHZ6Zy1MdjRZMGFVSDF1MkdpVTltTURlZnowX25vYlZqeHNVMkRBNEEyTnhLbVhjQWluRV9ka3FHRXVSY085VVhJS3k3bFlzb2tLMDB1bGtpWnRLQ3kzLWJiNmwwNGlfMm5XaHlybHA3WmNpd1RB?oc=5,2022-07-23,Residents of Lagos community beg Sanwo-Olu: Come quickly to ijegun and help us! The Sun Nigeria,0
16 feared dead in Lagos boat accident - tribuneonlineng.com,https://news.google.com/rss/articles/CBMidEFVX3lxTE5ySEZXX252ZkJGR1NtXzJpZUhIOXdHYXVkelg2eENaeUtCal9fSWdpeXcwalNvUjJMY044MnQtSF9odVpZNkoybEs2dmh0dHQxNEY5MF8wYjlyd1NUZ0hNekp5ZXBzVXFSUXlaQjdza1RRcEF00gF6QVVfeXFMUEN4SUFCcjVaTFYwZXVvUGtSWE54YlI4RUNhd2EyWVA0a2w4OUZyZm1HY3o5TF82d201VDlvTDlkX3kyZVJzeTZYWGFlYmh5ZjRtdEQtd3RZRzJWc0psbC04TEpmWnl1aF9wRWR3ZnVZeWxleDVSVVlya3c?oc=5,2022-07-10,16 feared dead in Lagos boat accident tribuneonlineng.com,0
"My Lagos traffic nightmare, by Djinee - The Nation Newspaper",https://news.google.com/rss/articles/CBMidkFVX3lxTE5xY0FWRExaRDhOQ3dORTNmYmRscWJkZmx2ZlpqMWc5aEJ0SnJ6OEFPMF90bi0weU5TbXMtUU1Ncmg2MU52blA5eFVUUFRwUzBQTEdQd3pJY3B5Q0RIVUIwc3REbzJoM1RUUjR4NklTYURFSHlONnfSAXtBVV95cUxNd0lSbWdfa1Vza1ZFbk1uZG9INnItSlNQZmVQZmoxdWhDdDFLa01QU2k0V0hCdDVlaTFqUGZLWGtCSTZDZEw1YXZDdDgtN2dsUXBrWHJIR0gyZTFHUHRKZlFDa0JMaHc0R0h3N2VMM0dOb3BTWnBuczhZdlE?oc=5,2022-07-12,"My Lagos traffic nightmare, by Djinee The Nation Newspaper",0
"Sorrow, tears as floods claim lives, destroy homes in Anambra, Imo, others - The Nation Newspaper",https://news.google.com/rss/articles/CBMiowFBVV95cUxOci1lVEhGN1Z1ajNUWG9YMFpOUGZ1N285bl9wS3dDaEtwYmRSVXQtQlhqWXJPTlE4TFhkS0M5Qmt6eXZmblZxYTItamZvOEYxNUd3bDFKZ0VnRFNYV0tDcVZabmpsYTdXT05CakMwWXlGeFl2dFV6Wmhkel9pQTFqQk9LZ1M1aU1fc0laVHBFN1VudGYyTDdNZC1qME52d1lFbkFz0gGoAUFVX3lxTE82R3ZTcUhVeC1leHM1ZzRQZ1lsRjNGdjFmS3ZIampKWjFYLVdWNk1zWW9qaklDem1ETlJmOTJrdm02S1dHV0dtS3dUdmRELVUwcUpzbzFjdjItRkJGbkNhcDdlOEItOE5xYlZ4V1BFU1pxc2NzcjN6X3g4V2dnX2R0UTZiU05Ta1J2cEdxQzZSV1hYd2xad3BubkRuTGd1ZmlUTG5CdVQxVg?oc=5,2022-07-23,"Sorrow, tears as floods claim lives, destroy homes in Anambra, Imo, others The Nation Newspaper",0
Oshoniyi receives baton as 42nd President of Isolo Rotary Club - The Guardian Nigeria News,https://news.google.com/rss/articles/CBMikgFBVV95cUxNQk1XcUlZWWs3dGJ6TGM3dG1uZ2w4QjZnNzdjS0JhdzVMNlc3R202MHJVZjk2Q1NiUkR4THZVbGpBSngtZGJTbmhnWENVWVhmLTJKTVJ1UTBWMDVBYkxQMm9GSG9pSzVDbDZjMG5pNVpNU0oyR1lWZjhWSjBfb1FUWWhMNWV3Q3NJVExNRU1PRWZHZw?oc=5,2022-07-04,Oshoniyi receives baton as 42nd President of Isolo Rotary Club The Guardian Nigeria News,0
Ogun Monarch Appeals To Gov. Abiodun For Provision Of Social Amenities - Independent Newspaper Nigeria,https://news.google.com/rss/articles/CBMimAFBVV95cUxPck80MVF0VHRueGpPWlViX3Q1SWZaUllDX0x3YmVPeno3eDhCelE5dG15cDI5a0pKRWhoc0k5Z1VjZlN0RHhVLWdlbXRDWUZvNkZmSHBnTFZPSU40Q1BTT0VPakFEeW1mUFNRcmVfOVpGVjBFbDVTRndjOC1ROTBmZTVKTDZQU2JBOG4yZWgxNm5HNnBtejAxaQ?oc=5,2022-07-17,Ogun Monarch Appeals To Gov. Abiodun For Provision Of Social Amenities Independent Newspaper Nigeria,0
"Flood wreaks havoc in Bauchi communities, washes away 100 houses, farmlands - Daily Post Nigeria",https://news.google.com/rss/articles/CBMiqgFBVV95cUxOQXhwYnVWQmtoWDVSUVBiY2hVUjYzSHBoSm5YSUFZYlVGOVRQUU1URktETmlDXzVpOGtuYXVlcGUxOWRHUEdEcnR0eVFDVEEtNlhwNmVvMUJERm1HbkZHRWp2OUdSWTN3a0tDM2gwQkFMMFB4V3k4U1pnR0QzY1FCVXZmOXlwcE1lcXdNVEhfYUdmY3E5OWVXT0VDZnV5Z0VqYkZfaG5nQUhUdw?oc=5,2022-07-16,"Flood wreaks havoc in Bauchi communities, washes away 100 houses, farmlands Daily Post Nigeria",0
"Bad road: Motorists, commuters groan in excruciating Lekki-Epe Expressway traffic - Vanguard News",https://news.google.com/rss/articles/CBMitwFBVV95cUxOQXN3TnhaX2FIaWo4QW1SM1paWnJvVmN0czNWNlpCWUtfWjJJQWhGdkhRMG5hZTRXOGtjVFpsNFBoUXE3WUtMX1BEX2FzY2RaVjdZMVJyaXZ5WXIyVmhCT3BxSU1seTlCcVF5ellveEJ6azlrREJ5amNQck5Ea244R0NKT3JQSkEyU25KNklwcy1IZmhpaURmOGdPYUp0aUwtd0plRzU0ZWhsSng2bzBmSTRlcHRmT1XSAbwBQVVfeXFMUExMYW44WjVjb2lVSmt2M0hjNUNwSlJ2amw3LVc5dmVYWGNIa1BRS1gtZnByZ2g5UnUzVzVOWDI1ZXI5YVlQR01SYUhaVHhwUHNYTUxtYkxTOU5MY19EVDhIYTZJZDdvdENpd01vTVFZYXA4OXFqOUVHZERRbk1JMlFEQjIwcVg3ektxeGVQTXgyTENEajgzSXBPM2xDUFIwLW8xRDYxdElHV0ROWHBZT2xMd0RubFhTNWxJdDc?oc=5,2022-07-04,"Bad road: Motorists, commuters groan in excruciating Lekki-Epe Expressway traffic Vanguard News",0
"Sallah: Adron Homes Gift Customers 3,000 Rams - Independent Newspaper Nigeria",https://news.google.com/rss/articles/CBMidkFVX3lxTE1pNC1NQXY0UTEyRDNjY3JxdG9GeGU5TnNyRjE3ajRXbUxyNXJnZUtpSFdEOENmc1ZkSDFnVjJtclJqdFd6RlZmLV80aGtSUEo5bm4zeUJUdmNkQjdaY3dOU213R1dQUG1INkpsV1pORUJmMURuTXc?oc=5,2022-07-10,"Sallah: Adron Homes Gift Customers 3,000 Rams Independent Newspaper Nigeria",0
Hoodlums Burn Down INEC Office in Enugu - thebossnewspapers.com,https://news.google.com/rss/articles/CBMigAFBVV95cUxNTk1NWG41UkJIUlNnaXBGUUJsanRFZEk5WnAzcXdneUhWTmc2NHpkVzFoVzU1eVVUanBRWnVnMkpOd3BmVHp0ZG9tbzVlSTZBOFg3d19GV1RqNjl4ZE41YmFJZEo5OHktTkdZQWpycGE2aWtoVkxpRW5XMGVkX1dydQ?oc=5,2022-07-04,Hoodlums Burn Down INEC Office in Enugu thebossnewspapers.com,0
"Why flash flood’s inevitable in Lagos, by Commissioner - New Telegraph",https://news.google.com/rss/articles/CBMihwFBVV95cUxPekZ3WEtrUmpyc3doczZ0eGo2UUdfRXp3ZU1kTldxdm5Vcm9ON1BsYi1maTVBVHV4RUNsLV83MkNNem4zRHBQT01hUjNHbkNyRHkxZ24tNndJbWVPVDhTdHoxWWQwdHBHblRoOG4zQ1ZGQThsYjhGMWdjZEVzNHVjV0l6elcxbVk?oc=5,2022-07-28,"Why flash flood’s inevitable in Lagos, by Commissioner New Telegraph",0
"Tears flow as all occupants except one die after their SUV got trapped in a flood in Oko Oba, Agege, Lagos [Video] - GistReel",https://news.google.com/rss/articles/CBMi0gFBVV95cUxNZWhFWFRKeUxPenRmTjlkTVRWdDRKM0d4bUJCZzU4LW5kQWJJc2xsWnRhdnBLdWJTc054eUJHVnlIdnFYUklmNjVUeExGUjhtQ3dNZXVQYk12RllrRVQwMEVVZWlIckc2MFl5bmJGaTBQbXNNRURianVaSmhWcGpCT3Y0THUtMVcyQ3JEQWE3UzVfWHN0WFRFR29DeTBmWnlpRkpJRk05akRsVWw3RUJRb1RhbFdxN2tuT2dkRVhFT1VTSDd5TllzeFh3XzFEMWVPZFE?oc=5,2022-07-09,"Tears flow as all occupants except one die after their SUV got trapped in a flood in Oko Oba, Agege, Lagos [Video] GistReel",0
"Flooding: Residents Of Oko-Filling, Oladokun & Ogunmeru Begs Gov Sanwo-Olu For Intervention - pmexpressng.com",https://news.google.com/rss/articles/CBMisgFBVV95cUxQSlhsN2MtajQteXI5T1puVnlEZTZTVENYeVJPbWctZ0tpbXV4cGVLMDJhNE1LdVEzUGZkSkZIUjM0R1pOWWY4c0RfdFJ3TXduU2w2WFRDMmxTYmxkc3FJS3NUMThtaV9FV3JQd1ZLVS11UzA0LTlWUTZsX21oanB3OXR3ZkRDY0ZjOXdIa2pvN3lLelZKUmg3QS1TZzVkcHE3YWJzNmtNR294ejVTVE1yeXZR?oc=5,2022-07-24,"Flooding: Residents Of Oko-Filling, Oladokun & Ogunmeru Begs Gov Sanwo-Olu For Intervention pmexpressng.com",0
Four states lead with the highest use of electric generators in Nigeria - Legit News,https://news.google.com/rss/articles/CBMiwwFBVV95cUxPWV9RV2xWZkZQUFQ2VDVVeU5qY1JHYUlqNGdXUkp6VFpDUGFnTlhQUXFZel9wWlBEY0RrVFQxM0VhYkNjbDViVld5X0xRM2EzNHZIZjhPV2k4cWlUbnEwSURQa25lSlpfR2NsNlpMQ3Q4YW1reFd4cWZCOENCM2pOWkV0aXpWNmxpd1NLNFplMTJjRndyeVpsRlV4ckNrTWdqT1N3QXlrSFFnQkR2d0pXTnRVeXcwT2ZaTmt1WVhrSzdNU0E?oc=5,2022-07-14,Four states lead with the highest use of electric generators in Nigeria Legit News,0
Flooding: Another threat to Nigeria’s food security target - New Telegraph,https://news.google.com/rss/articles/CBMijAFBVV95cUxOV190WGpCYi1BMDBabnpzRTliNHRNcVdxbTVXcmkxY2JSSkRLSnJmSWFHRVJVaHBrOFdxV0NXOVZvYVhHUUlpTDc5M0I5dVM2SjYyTUY1Um13dGlveGVrUVpJdFVmMXd6ZVQ1UkN5TlB0eEJKUFNTZkFVR1RLWWFST3NGNkFONzlkd0k4NQ?oc=5,2022-07-29,Flooding: Another threat to Nigeria’s food security target New Telegraph,0
Lagos drain where people die weekly; latest victim is 15-yr-old girl - Vanguard News,https://news.google.com/rss/articles/CBMipwFBVV95cUxOSHVkV3ZNVTlHWFZMU2dialdERGt1NlhfT1JoZHdvUXBNWHNCcWZ6ZVpLUmFXNXhnWjc2a04taDlWUFplWjZuYTdPZnU0V0pnMHpiYkhtQ0xOSGsyaXBBd1JpclBsTFdOdVo5eldickQzN01GSUswZzVLSEdPRTdyQVRENkRJd3kyMGRURWlUdmtKVHBTM0lUbFBybUhIbG1pWEE4anF5b9IBrAFBVV95cUxOaGNnR1ZXQnZOek84c1ZPeWZuVDI3Vmg2WFVvSm5iUm9oOTJQbzhBTDRRcFc5aW1sckQ4VkpBOUZTTWhiN2l4RnBqVFN5enk2NDA3SkJxcTNfZFlPZ3c0eVRJM1ZZLU5pT09xQzRZRU5pYUhpa0ZHbEtqNVNlNHZ0cFZwTlIzVmZmSkllaG5oV2xxNkQ2WWNrTURyMjhZNXZsNWtqUWl2em9xb29k?oc=5,2022-07-13,Lagos drain where people die weekly; latest victim is 15-yr-old girl Vanguard News,1
"FG: Lagos-Ibadan road, Second Niger Bridge to be ready by December - TheCable",https://news.google.com/rss/articles/CBMikwFBVV95cUxPb1hGM3ZaNW5iZHJxUHRxbWw4Tlp3MzgwTHNWV1NkRlFVRDJQN1hYUEVBWVdYX2VBbnZoM3UzR0lrZ19VT2dQay1qZXI5NFlhTDdkcUVIc3BjUFppMC1qVk1kMTdKS0t5cWp2R3pEc1FyNTVxOFhub2wxWDA4U3NZTnRxc0s5SVYyb1BFc0lZQWo2Wk0?oc=5,2022-07-24,"FG: Lagos-Ibadan road, Second Niger Bridge to be ready by December TheCable",0
Bodies of 17 people recovered after Nigeria boat accident - Al Jazeera,https://news.google.com/rss/articles/CBMinAFBVV95cUxQakRWNkYxUl9vOWgtQjBBbXFrNTV4SFRnTVdiWktEYnFfUWFPSlZuV254R1Zld3hlSzZRM3p4VmdZTk5ZcjMxc3oxWHdxVlFfUi1OVEhEYk9sdy1hNjN6ZEJjdDVnNmR3Z2NIZVJNVTRfZG5oNzNZV1VuVmZ0QkFkclJRYnpMSUNWUk9xQXplZE15RDRrT2JTMDhfS1_SAaIBQVVfeXFMUHVCV0F4MVNTbkRuTDN5enhBZzE0UWFhajhRZ3ExVFNwdkIyZldCdElsRWlGQmN6YmwydG1BOVdDRF9xeTNMUkdwRkxvUVNULUR6QnplWlpaOGkzNTlYbEx0SFJiZzUxSDlRQVJLdmloVjZaOXlQZ3lkRGd4Z0g0REpYZzlGemhaMTdTTUdTcnRhV0FBWFZFTXFybXl3ejZzaEFR?oc=5,2022-07-11,Bodies of 17 people recovered after Nigeria boat accident Al Jazeera,0
Lagos to fix critical road networks in the state - Nairametrics,https://news.google.com/rss/articles/CBMijgFBVV95cUxPUzJLa3d5UllYOWFmczRVdlExbHpnN0pBcDF4eXpSYWhQaTk0cGx0ekRFMGt5eERBMHMzOWNhSGQ4X1p5ZVZ6SzVmRHlPUEoyNmZXSUhocHhDdThNZ1VsQkVSLWp0LXdmZ1NBZDRRME4xNlRaMi1tdWxkVzl0NWRKV3JlN2RBTFJNOGtSbFVB?oc=5,2022-07-10,Lagos to fix critical road networks in the state Nairametrics,0
"Lekki residents urge Lagos govt to tackle flood, infrastructure - Vanguard News",https://news.google.com/rss/articles/CBMioAFBVV95cUxOX0gzSVUzdFZaejVTS1NWY044X2oyY3FKdnpVc3Y4UHdGYmtaSEdFZkZMYkE4ZTJwTU03RVVrYUhVdjNNQ1plYXA4ZzZCYUY2VXBRdEE0Z0s4WTdnSE5PMjlhSWpIV0NxdHExTGxJOFJoQkItRlNBQ3lQZ0xCYkJDUTZFaU5MMWQtU0o3SnNIU0RNLWZ3ZXdEYzlZQzhySzJm0gGmAUFVX3lxTE0yV0pTdXV3elBWTVlZSzVaX2RCZjFKQVcxRUxWVHI3U2hZYmYyY0NLZDZhbnN5XzRxYmd3UzN2MWVVaUJhUUVuWmsxZWM3c3NHa2o3c0ZMeVBEYk5FVkFON3NuZlZvR040QkRwa3hTVmpycUprblpXNS1Uakp6eUwxc2psbjV6cHliT2xvSzI2ZjcwRGN3TWxFZFdNQ3BjWEt1QnJ6OVE?oc=5,2022-08-01,"Lekki residents urge Lagos govt to tackle flood, infrastructure Vanguard News",0
Nigeria – Over 50 Fatalities in Jigawa as Floods Continue - FloodList,https://news.google.com/rss/articles/CBMieEFVX3lxTE41LW85X2RYRmFRR09JOWtlVm5oZHVRdF9vQmMyUEZNUVpkQWpKYzB6WjlGaWRXSnVGZ2hZMDYtTkJFbTR0eThsWkExWThiZ0p3NXJBZ3BTTHp5SFVCZ3dpcFF6T1RqSTRsRmVFLXpjSmZhQXdRY212aQ?oc=5,2022-08-15,Nigeria – Over 50 Fatalities in Jigawa as Floods Continue FloodList,0
Lekki residents seek end to flooding - The Nation Newspaper,https://news.google.com/rss/articles/CBMidkFVX3lxTFB4NDRBbjVobEVtNE8tTV9fN2pRbFQwbFBlYnhYb2QzNUV3SXhTOHpkUUR1N1Y1cHNfWjZQdEw1OGhBcWJQRHlWUUJ6dWlhdWNrTnpKYWNGd3FkVzktMzJNbFN6Uk1Kcmw5ZE5UdDJTYTVIQmloTFHSAXtBVV95cUxQNXJXdUNsaVVZREg1RGFVdEhrZkk5UkpvXzNhaDNIUlJmVmlOS29aVmRjbVlIakp5bDJrS3NqWWJCMjAybElRbllCSnVqX1VJS0hraVZILVl4dU1kckNWMjVJNG9iSGIwZ0owdnV5T1BlM0tJQzhLcDFOZGM?oc=5,2022-08-04,Lekki residents seek end to flooding The Nation Newspaper,0
Six important ways to prepare for flood - Daily Trust,https://news.google.com/rss/articles/CBMicEFVX3lxTE9DOFRyS19TcGU4X3lKVTJjcE5DdTEtSDZ2YW9CQlhxTjA3VUZpeDVDUkEwX182N21BYW00VUoxbEYwdEx5OTlOdFhDOHdfWEEyVklBTmJabFQ5Z1NDVDZNcldlOFRTN2xTOW5OX2NzQjQ?oc=5,2022-08-01,Six important ways to prepare for flood Daily Trust,0
"Flood wreaks havoc in Adamawa, hundreds displaced - Ripples Nigeria",https://news.google.com/rss/articles/CBMihwFBVV95cUxQcW94eHBOVkVDcGRQYk5RVDh3aHFDVy1Sdm11Y0luUmtfd2FpVXVkckhISjdnTzRPUjdWbHE3VzdZYmNodXFOMVNXVnFOYjlMS29fYkRFdlo5ejQwRHVGc2xfbGJzbWN4dTlzUzV5UVNrb2hJYVNEWTZkYy1HWDFzNmZOLTdIcjQ?oc=5,2022-08-19,"Flood wreaks havoc in Adamawa, hundreds displaced Ripples Nigeria",0
Festac Town: A national pride sliding into slum - The Guardian Nigeria News,https://news.google.com/rss/articles/CBMijgFBVV95cUxNNFp4akV6QzVaSjVPSllEblFsTnhHVVhpTXFWR29oZGd3akNTUkdYeVhOeTd3U1J6WGdld2NacWdCcFpYZ2hWcVNLMFJPcl93cWlraWR1R0hkb3ZWYkVkckZjVURLdkdaX3RWRGJ5QzQzdE5tS0owdERvSVBXeEE3SGFNWTBzOXU2MmlwQ2tn?oc=5,2022-08-20,Festac Town: A national pride sliding into slum The Guardian Nigeria News,0
Flood kills 10 people in Adamawa - Daily Post Nigeria,https://news.google.com/rss/articles/CBMic0FVX3lxTE9hYnFsQTd5Zmp4VXpKdFI2bDdPdXQ4cENDeklYMFBxZ0xja3g3Si1hMEpFelhTSWJIdGF4V002cUVmalhMLTl6bkZSeXhkWk9TUUpUanNhOGl5ODlobDFWd1FSbU5hOVpNNW5XWC0wWnRhSzg?oc=5,2022-08-19,Flood kills 10 people in Adamawa Daily Post Nigeria,0
Magixx is Spotify’s ‘‘Fresh Finds Africa artiste’’ for August - The Lagos Review,https://news.google.com/rss/articles/CBMiiwFBVV95cUxQQnZ4YjZyQXB0cmliYzU3b211S1M0bWtMeHZRM0dYX24xbmFCazczam9fRHUyMGdwaXAySjNPTjlEY3Q3Z2phalZjUkdxUUtVZ2I4YVl5YS1yakhXa2pZZ2E3bjVxeTgwRmlBWlEwaF9OX09yd2tlQ2VpNHQxV3J0cVRyeFNwNWwtMVU0?oc=5,2022-08-19,Magixx is Spotify’s ‘‘Fresh Finds Africa artiste’’ for August The Lagos Review,0
"In Anifowoshe/Ikeja, residents are weighed down by infrastructural neglect and exploitation - TheCable",https://news.google.com/rss/articles/CBMitgFBVV95cUxQZk5tVWVqZHNrcUctWUtWR2dPY2hQMmowYVZVdjBMeUc1WVJHR0t1M3JYWjhneDVaQ2xJdGNWVW5IQndEZjlvVG1sZDNmNlpFQ3Q1SmNaT29wZ1JLQjluSzZJSUlsTW8zbWNiNzNYbEdSVW5PMzl4RU5jT3M3NlNZZndLNlFGLXZZR2Z6d3lRUnNNcUVqQ05pYUItWTY0cDFaSDl6SEEya0JadERjRm9XTVBnOVIwdw?oc=5,2022-08-14,"In Anifowoshe/Ikeja, residents are weighed down by infrastructural neglect and exploitation TheCable",0
"Flood: NiMet lists Borno, Sokoto, Kaduna, Bayelsa, Delta, Kebbi as high-risk states - The Nation Newspaper",https://news.google.com/rss/articles/CBMirAFBVV95cUxPN2pLSS1NTTRZaFBoTnFWRi1lRHVQazdVLURZYmlMRXViTVZtdDZSLWs2MUJxTUNSTlRNLXNFazZ1SzR6VHNFOWVORGNtVUhjMlRwLTRRUzNmYnJvZFhVNHBZbjZZa2lMSVNDQ1VQajZxc3BhYXNHaEpkb1N6WkxGZ3ZsdTQ0cXdOc2h0VlY5WXhOLUh0aDFVaEtoV1oxbkhpSFBCX2YtYVFGdHlL0gGyAUFVX3lxTE1saEFOZzJ4d1c5YlFLeGJoMmJJeGZfdEl6UWt3azhNb1dTR1FMLUtpM1BWX1hmd05CNEp6UG5iV3FSbjllRDBYUWFvWVJaU0hLNG1IeVRGU2dGWlRUTFVUN2Y1ZGpPNkJhSnpRY1BBN1hWb0haLUNqUEExenM3X0dLVnVBY003Rnh5bE1qX2F0MEd1emVfYUpOQkc4OVFPVlhmaHpYbm5LN0tuV0NGSTM3Zmc?oc=5,2022-08-17,"Flood: NiMet lists Borno, Sokoto, Kaduna, Bayelsa, Delta, Kebbi as high-risk states The Nation Newspaper",0
Death toll in Jigawa flood hits 56 - Ripples Nigeria,https://news.google.com/rss/articles/CBMidEFVX3lxTE9fV1hIdnJzWTVsOUxVXzA2dm80Z3VrUVF0cVZaWDk0ZzBMUmtPYlppYmtQVWxUbmNpTTZzclh6cm5Fcl9IQ1FHVWgzelUtZGVxVXdjQ1I0c0tEN1gxc1cyeWFJR012anNFQ05HQkdFWnppdVJ0?oc=5,2022-08-30,Death toll in Jigawa flood hits 56 Ripples Nigeria,0
"Okada riders, passengers risks 3-month jail term – Lagos Taskforce - Vanguard News",https://news.google.com/rss/articles/CBMiogFBVV95cUxOLWVuemZ1N1FRT1dZVzJQTHdOZGl4VWdXeVp4cFNxVzZ2X01jZ3hTakVFMWVSdjBHc3FMRDlWZ0tQUm8xNDlxU2tkTUVJb1A3b015VWJQMTg5cFktZjdBcURYZUVtVDA4RVU1OFFKeUdraVZiVTR3blJkMHQ0QklERV9DMTBPS2luUzkzSENKTG9LTHNnTTZtMFNpUG5RQ19YdlHSAacBQVVfeXFMTjFiWXhwVG9zNzM1WE1wRC05emlYR0NKSjVlUVQ4bXozdElNNmQxNVY1QTNqQWtvZFBSQTRPN25NVXlOQ1MteU5yaXE4SGpwdFFwcE9aeTdpYUJpbm0wSHFxbTVhdDhEd3NCOGVuZDlaenhHbGtvV25URkZEcHRYWmpldEctYURaY3NzT3I2dzRSY0lMX3ZzTkFjVUJ4UFZTQWJUZFQ0SVU?oc=5,2022-08-04,"Okada riders, passengers risks 3-month jail term – Lagos Taskforce Vanguard News",0
"40 years after, Lagos Airport’s new terminal changes travel experience - Daily Trust",https://news.google.com/rss/articles/CBMilwFBVV95cUxQY2Q0VmdyMFA0YUE5MFNaNTVXdXJSWGdXMm9GZTVybkZfc1h2TG9PcXJoQkJsUWhoTDJRNXJVc1FHT0RrQVd3Qzdwak1Ocm9aQWhZZ0pDTjVtOWdXTUNVSmJ0eGhKSXh4WDJWMHlIcG9naExaeTNmQWVGM0tMUl9lREVlZTVaeVNnWXlrdGJudTU2bGNodTg4?oc=5,2022-08-31,"40 years after, Lagos Airport’s new terminal changes travel experience Daily Trust",0
"Markets in deplorable state despite millions collected as dues, levies - The Guardian Nigeria News",https://news.google.com/rss/articles/CBMimwFBVV95cUxQTGdYY0tkWE1UTUlXS0JkUXZYVExKYzhVXzBVZDFGYXlwY3NQTm5LaVBrV2V1SHdfYkxjQ0NFR1NQbUQ1VHJOMnRqRVc4dTVpOGdCaGRuam1lbmxndUVndHRHMFhvWkR5RVBTa1Vhb3VfSEpJNWhRSXZPRUpBeG1wQXJmSkw0NE15MEtNYUtFZ01tRlJseXMzWmFmYw?oc=5,2022-08-14,"Markets in deplorable state despite millions collected as dues, levies The Guardian Nigeria News",0
Residents raise alarm as flood threatens to take over emir’s palace in Jigawa - Daily Post Nigeria,https://news.google.com/rss/articles/CBMirgFBVV95cUxOdFczN1ZhRDhOV2hJaVNZM0hxLTl6OUpHc3NXRHdlVzhSdTlEMjM4ay1veVotbVFzek1ReWk2Y2VVRVZ3NnF6dzBhR1MyTFNfaXRTMFkyN1JjZVBWTEFNZnpUeG9HTk1McU54S0dGeW9URjFiNE90T3I1ZVRBZUJIWFRSMHdyZlZwc2JQS1F3ZGV0SHBsSFpyQm1wemc5SjdGWi1XblVqcWc0UTFSYnc?oc=5,2022-08-29,Residents raise alarm as flood threatens to take over emir’s palace in Jigawa Daily Post Nigeria,0
Tinubu’s indelible Lagos record - The Nation Newspaper,https://news.google.com/rss/articles/CBMibkFVX3lxTFBZX3pwSVFXOVNiaXhEbmk4Sk1IYVpHVGJVdGphV2gtbTVpWXAydDlGUDhSMlhvX2dRTi1jN1JKM0J6OUkyYTJHRDlCajdhbzdNdGNLVE9ObGdoRWJxLXVpclNMdUVUMGtoaUZ6TnZR0gFzQVVfeXFMTjhjdXR5ZlZEbV84dWpCYks4MS1qUzJ5RlVCYnlXM3NSMTdhZTVEcjlfUFJBMklyUEo2ZW5MUlBQQ0p2LUhTR1NUNUQzeXRuNDJ3eEpVUkNBRkVkZE41T0lBeHZneWR2V1FjQlNxLWhSNjFITQ?oc=5,2022-08-27,Tinubu’s indelible Lagos record The Nation Newspaper,0
Accidented vehicles flood nation’s market as cost of ‘Tokunbo’ rises by 100% - Daily Trust,https://news.google.com/rss/articles/CBMinAFBVV95cUxQSTAwSlloXzFZVmFJTlQwVEdLckFkV3NWVFRYeHVpX1dvVTkzZTN4Q0FTNW5hQ1BDMlhwZUxGZUVtS0V3dmJBTUc3OWlMSno2T3JGLUE5d0VpOUpUakxESDl4UGNNb20tMXZMa2dhc1RIN2R3bnJIdGhsVkZlUWp4MTdJSnVjYjB4T1p1d1MyVjZsUWplTWduOU1wSmg?oc=5,2022-08-23,Accidented vehicles flood nation’s market as cost of ‘Tokunbo’ rises by 100% Daily Trust,0
"3 killed, 4 injured as flood takes over communities, sacks households in Yobe - Daily Post Nigeria",https://news.google.com/rss/articles/CBMirAFBVV95cUxOVkVsdkM1US01VXZ6VjRIQ1BZMU1JYmhlR1d0T2REQkIwTzA3V25VRnVuQlgwV3VUb2dveDVCY2N2REp5YmprLWZQSzlXNVhRZ1JDODN5V0NDblpDRW1Tc0s3TGp5T2FBX1RyNDFJYkY4WUgxNlJ4WTZ5RGxDSDhFTllLd0k0TU1nak9tY2JnaE5RWG1BMlMxN25Cd3ZNa0x4ek54QTVQQ3VGMVV6?oc=5,2022-08-02,"3 killed, 4 injured as flood takes over communities, sacks households in Yobe Daily Post Nigeria",0
Oshodi-Isolo council boss calls for solemn assembly over slain staff - Vanguard News,https://news.google.com/rss/articles/CBMiqAFBVV95cUxPRXhwbk1vcFpza3hpWU1pOVpiMVZHaVlMaTRHaU1XUllleUZLNkxMU3hmMDY5aUt0N1didVJtNlNmTC00N1pnRXc3YUVqNWdGZy1FeGxBLU50NVY0ZU1HS0JWWDRpQlRYdzMyWmRRZURzR3lsZnJXZE9paWdXWW1ZazNSejdFU1ZRRG9ta2JJNEZWbVAxZmJRQy1mMVJqVTEtdWNSMjNnNlrSAa4BQVVfeXFMT1RmUDViaVh5NzI2YjRaOFg0UHFsUDdITmxQMXQtUUtWcDZ2dVdFQWk2YXU2dG96Um1INW14M2ZERjdHVVY3YWtGakp6eDZLUEtHWTIzVTVRV3ZuLWlKSHpCUnVTWW5YT0FwNV9EUjBKY1dWbzdrOWxOS2VkUlhYQkdSRzJXSWZTazhtZ2F6TzdVTExtZHZxQ2h5Vzd0dFhMZjd6UHBlbWl3Sm9tdmVn?oc=5,2022-08-22,Oshodi-Isolo council boss calls for solemn assembly over slain staff Vanguard News,0
Disquiet in Lagos as Police Counter Terrorism officers ‘protect the rich’ - Daily Post Nigeria,https://news.google.com/rss/articles/CBMipwFBVV95cUxNaFFzSGJDRjByQndLek9FaWtxWEZqRnBraVBlYUFwYzBXWmtMRzMyVXdocDgxLUtTMUxHeGgxNW5wMWJ0SWVuaUVQSlNVYjU5MjFqZXlvUFZhRzNhdGtVTWtpVWoyald4Y3g3dW44Nm5rZ3N5eFBTTEZCallwN1F4cHRHSjlfOFJYa2ZNcUFVUVlTdFMxYUR4bkRpcGRkdmFDeTE5ZEI3aw?oc=5,2022-08-05,Disquiet in Lagos as Police Counter Terrorism officers ‘protect the rich’ Daily Post Nigeria,0
"Inibehe Effiong: Claimant, defense counsels bicker over Akwa Ibom lawyer’s conviction - Daily Post Nigeria",https://news.google.com/rss/articles/CBMitgFBVV95cUxPbmVheF9SZnJrUG5DdEdJRjBpRTdLck5UVlJyOUNzc3huemQyQ0taSy0yNFhaOUJZaUdOTXYxemQ4bGluLXlvdUh5Rld5dUdUZG82TDFkMk0wTERJZWZrR0ZfMlhtdFQ5MGNRY0JnNFNsVnNiYnhJUE1NbnlaSkhmUnl0NjBHMkFUbG5xNkdyanJ5TUJMYkRrTHg5em05SDFtYzY0c1AtZEJZSGFqZVRBM0xrd3V6Zw?oc=5,2022-08-01,"Inibehe Effiong: Claimant, defense counsels bicker over Akwa Ibom lawyer’s conviction Daily Post Nigeria",0
Ogun begins reconstruction of 32km Sango-Ijoko-Alagbole road - The Sun Nigeria,https://news.google.com/rss/articles/CBMihgFBVV95cUxNanM2S1hoZlVYU2dLVnEwLW5rRGpaZkNLa3Y1M3Zkck04cFZwNlZUMGZhNXNxNzRUYmMyeWRnWG1mcTQ2R09qLTJSTlNQdGd1aHgwYllsbURHdC1YaVhnMEx3OUFRRlc0TW1VWGt4RGVueFJOeGNPT3NEbklTbHFjNEJ6cDFGUdIBiwFBVV95cUxQRG5MYTczZ1dwOVlGMWdSM3RFem9ueGJZRTdVcFJ6TENkaVotQnYzODZsb1JQYjVicF85cVM5eW1sd3lQbnZYblpJSFpmenJuSW5qQ0ZDMldTZjdzYXV1T1hUVzFGU3k3bmRRYm5vNXp6TEF2Z1JVQm9jR0loYld2ZUJKTkdGVTFTWjJJ?oc=5,2022-08-03,Ogun begins reconstruction of 32km Sango-Ijoko-Alagbole road The Sun Nigeria,0
Lagos Building Collapse Claims Two Lives - thebossnewspapers.com,https://news.google.com/rss/articles/CBMiggFBVV95cUxPOWRScDU0ZGllQzFXbVRvTW5SeUR2QUZfN3IzZ3l3UkpJbDlOTndMU3JZZG5MOTB5ZXl1TGFfTEFCSXQyNHNaXzRCVGU4SUhNSGZvY1U0Sk93WmZzNm9jNF8zVkpmVTFKckVLS2syTmRiQU1ocjU3RFZWZThKN05ZM1dR?oc=5,2022-08-22,Lagos Building Collapse Claims Two Lives thebossnewspapers.com,0
Make necessary provision for corps members – NYSC DG to stakeholders - Daily Post Nigeria,https://news.google.com/rss/articles/CBMioAFBVV95cUxQUHpJUGJWLUNXNng2RVRESkc4ZzQyVklERDFqalV4SVllT1BGbldjZ1YweFRuZmZySWxlRDZCWUZ4bUtxN3Q5UDNlNzRLWXhMSTZSZXdxcWMxeTNPdk13T2taeGJ0bU1KamFlS3lEaldMN1RzbHlVZ2hPQlBxS1VOR19tVzBtWkZaRmIxR2dBYXFWa2hwMl95OUxUaTkxZzdR?oc=5,2022-08-09,Make necessary provision for corps members – NYSC DG to stakeholders Daily Post Nigeria,0
Waste gradually returns to Abakaliki metropolis as residents call for urgent intervention - Vanguard News,https://news.google.com/rss/articles/CBMixAFBVV95cUxOYUxqX1ZhbFhNVmVTLXk2VUFCeXJFVndfMjNEd1JfWjEtR3QxTVZ4NjRRTHl3MWMtTk1pMzM5QW5wWnNWYjMtSkpMY3M0RFhsZHRIMVFuU3NRSGwxYWY4UjFvdGFBZUllWkg1cnN3QUN4YnlDUHhJOGF0NFI0bTlvQ0oxRWw1WC1aNlRKNlNlb3JrYUVIRmRWUFU3RGlEVmVMSlBSczBlZzVfMV9TU0hsVmF5aGQzbE0yamhvYVlIOVFxcFBP0gHKAUFVX3lxTFBWNVpPZUVWY1VCYlp0ZXo4VTVJVkpIUDhrUUpDV3Q1bTAxaDlSYjl6c0hnODhEb0ppY3VEcVc4MDRubktBNGFTTzF5d1l3dW5MYV9kWjVIanFlTEJaaGF1OFhzVlBSXzUxWGFYQUctOEFRUFJHbktMbmJJM3B4WmpPTWlKQ3RMVUVjeTQ0QnRiM2ZaN3BhZlIzd0VaMS12ZkQ0elZyUTJJSl90NlZwVDctWEJEbk9YdlJlWUdTMjVlNDBidTRqQS1MLXc?oc=5,2022-08-09,Waste gradually returns to Abakaliki metropolis as residents call for urgent intervention Vanguard News,1
"NiMet predicts Monday to Wednesday weather, alerts airlines - Punch Newspapers",https://news.google.com/rss/articles/CBMihgFBVV95cUxPYkZyaF9GVmdEdVAzZXp3NEdMNm5YOXFBQUFMVDdqdmlCZ2FLd0h2em5ld05XXzQ0S3JxZWh6VXktSVBYaHMtVWlZZnVsSDJYRDN1ZjBsRTFhQWFOYVdIckVFMHJOS0tzSDlKSFBuNFhwUnFYRWRPUy1XMVNfQWFUbjdXYnVTQQ?oc=5,2022-08-22,"NiMet predicts Monday to Wednesday weather, alerts airlines Punch Newspapers",0
"Those fighting Peter Obi never had sense, Obidient movement not ordinary – Catholic priest - Daily Post Nigeria",https://news.google.com/rss/articles/CBMivAFBVV95cUxOYTF2MDc3NlpXQXo2SjhCRGZDYVFJd2gzNm0zczc1MHJWQWdjQ0R6WHlmNWRzX0RBQ1VPX0V5RVhRLW5RbHVneklub09TeGxIUHB2THl3TGU2dlVweExUWkZFVWgzeFlKTXdEaUtGUzdSQU44VHFqcmhGaTZBQ3JneVRWUFpBQ1o0ZjBoZ01RNE9acTlUVU5NUk5xcEs4Q3EwVzYxQXVBcV9fWmZ5NFJvRFUzVjdTdDg4UUZlZg?oc=5,2022-08-08,"Those fighting Peter Obi never had sense, Obidient movement not ordinary – Catholic priest Daily Post Nigeria",0
Living on sachets - Borneo Bulletin,https://news.google.com/rss/articles/CBMiXEFVX3lxTE1SSDVoZ3NiRFVibTdMNkd5RFp0TklWQmNIdGJVZ21meVhNZndZR1hjbk1BV0RFVWt2dUlfaklDNmRuYWVXVkxIUC1wb1k2VURteE1BVTlUQ1ZOdW5t?oc=5,2022-08-15,Living on sachets Borneo Bulletin,0
Video of exploding wind turbine is a digital creation - AFP Fact Check,https://news.google.com/rss/articles/CBMiWEFVX3lxTFBvNUR1My1LLUFqVnM4TGxrdzQtRlpwSGc1SjNhOWhockZyaWs2bGwwWUhOeXY0eTNBc2hkNkRKdXg4elRrdVhBMWV5WG9KbmJjRndKWHozY1M?oc=5,2022-08-05,Video of exploding wind turbine is a digital creation AFP Fact Check,0
Flood: Lagos Govt urges Lagosians not to panic - freedomonline.com.ng,https://news.google.com/rss/articles/CBMigAFBVV95cUxNNmx1UkYyeVgxZDZrejA1T2UtM08tc3h0ZDB6SGdkd21BY2pnbS1YOHppRFJqbEYxMGprSnMtUDZ6TGdOd2kxRUx0RTVuT0JRaFZtczdici1BTDNhbUtyOEFiLUVIU21FdHNoeFU5aHlBSDRKUnEzX25jZXdMbDhwOA?oc=5,2022-08-26,Flood: Lagos Govt urges Lagosians not to panic freedomonline.com.ng,0
"REPORTER’S DIARY: A Visit to the Other Side of Lagos, Where Alcohol Is ‘Ribena’ to Kids - FIJ NG",https://news.google.com/rss/articles/CBMiqgFBVV95cUxPYmhka0tsVHV4aUZsdlFqbGIydHJhakw4SzJJb3FRWVlyeFJlOEZaT0JCb0JqMmNGdTFjU1lrQ1lYSWsxQU5fRFY4S0FmUzBKaG8tczNuOFA5QVlVMzdOYzNLeWwwNzRrMkU2cnlxNXhOLUlBaVAxejc1NGFNcEhlT3V5cVJNdTgtRXFYR3NRcThzbkxDdUU1cmpGLWhfbS1VSC14bV9Fa3MyUQ?oc=5,2022-08-16,"REPORTER’S DIARY: A Visit to the Other Side of Lagos, Where Alcohol Is ‘Ribena’ to Kids FIJ NG",0
Health: Minister reiterates FG effort to address brain drain - The Sun Nigeria,https://news.google.com/rss/articles/CBMihAFBVV95cUxORmNpeWt0Q0RQZlc5aE5aMHd3ZVhmNkZPMzU3dXRoa1AwT1dfNENHbVVwWWc1bEl3LUZiQ0kzN3QtQUhMNDJyNXZ1SkZ5QTZMSmZSRVkwVU82UTJ1emRIT0pyRVNXQWNMYTYyYTgyVUZPdHNfdlFEWUpuTmtWQnBRSlRFWEPSAYoBQVVfeXFMUFNFUFJickJKNGlDNFRvNzVSNFBlLV9xOUNnMVJqS0lMaEhrM0hoS05QekFEbzFYeldLNjhHWm9FZ3pQZ3dkd2RrUTA4TkNWajdwcVl4R0JxSU9rUlJnMmhNSjlrckplZkZ1bEJBdTlpWVlnQllJZ1E3c2tVNVFMdGxCeHJCTHY0dnln?oc=5,2022-08-23,Health: Minister reiterates FG effort to address brain drain The Sun Nigeria,1
"Doctors, nurses keep fleeing Nigeria under Buhari regime: Health Minister - Peoples Gazette Nigeria",https://news.google.com/rss/articles/CBMimwFBVV95cUxNb24wNTl2MkNfZHlsZkpmZFBnS2c4M1NZQmdHR2d1NnJCaVVDZTlXQ054VHJIN2xhQVk5T2ZuTmlRNEJaemZVUndPOEFQYjlYaXJoaWZDUFBSU1NCRjdJeTFrTEtCYzc3MWk5SkxPQ0YwWFYtZlVHR1dPQjJ6WkdsQkpNNGY4dXI3UEVZQjBfdnZhdlBNcDR6TzZ0TQ?oc=5,2022-08-23,"Doctors, nurses keep fleeing Nigeria under Buhari regime: Health Minister Peoples Gazette Nigeria",0
"How we’ve fared in two months, by trade fair complex boss - The Guardian Nigeria News",https://news.google.com/rss/articles/CBMiiAFBVV95cUxPamo0aTBOaTVNVXRzeE1FNGM1M0VkeHJjRVlaZGN6MGhleUpzMnRzSHZSNWRDWVRWQTNZMldrXzZuampraG94ZWRVUGhiSWtWT0hJQXdnd19DbUJseTMwZXVlUDZqN2VYZ3o4YTVIRTV2eUkwMjIwUEJ1SDFzWFRNX2pOdjFTNVZz?oc=5,2022-08-09,"How we’ve fared in two months, by trade fair complex boss The Guardian Nigeria News",0
"Gridlock, Outcry As Floods Hit Lagos, Kill Two - Channels Television",https://news.google.com/rss/articles/CBMiiwFBVV95cUxNaVFvdkRhd0xSWVZuZ1loX3VLUWVlZEV2Qk5hQTVxbEMzUHliNHJrLXFsdHN3SDFxUUhFZDVJbGZKSmljM1liZlNQVHBNaWlVOUpaN1E5M3NWWHNnV2tpREI2OHhEOVN2a1lvRjUyZDNzZUwwd3NMdG0tVEkxcHZwLUxKbThicldPUjhv?oc=5,2022-09-12,"Gridlock, Outcry As Floods Hit Lagos, Kill Two Channels Television",0
"Flooding: Lagos warns owners of structures on drainage alignments, setbacks to relocate - The Guardian Nigeria News",https://news.google.com/rss/articles/CBMisAFBVV95cUxNUjRaSG5KcWZhV3FqZkRiTXh2NGhGRTctQm5jMlF6Yk52d2tNRkZUd3ZQUVljbkdZRkpUNmJLdzJ6d09JTFlfMzZsdXdzS2pzQXNVWklWLTA0Mks2Sko3QXJRcEdjY25feWVnbTJuYTdaRHYtVlR3TjdVbUdXRXU1MG1tcVpjT2YtU0VXLWt4VkRoYzdaMWEzM0xVbHNjU1hZalpQSzVTRVlXbjJLNC1uNA?oc=5,2022-09-14,"Flooding: Lagos warns owners of structures on drainage alignments, setbacks to relocate The Guardian Nigeria News",1
Flooding: Lagos tenants fault emergency responders' claim of 'rescuing women trapped in homes' - Premium Times Nigeria,https://news.google.com/rss/articles/CBMi4AFBVV95cUxQWi1ZdUtlZXU1Z05LQ3NwdmxuS2xtelpyY0lIQ0ZNYmVNRHE4NzZ4cDFTcDVDb1NMRDBPYWh6bmpRS3NoVWdQc1BaNTFsSDNNcnJjbXFQaTU1Y2NKYU94MVRYNl82eTFDRjcyajNNbmY1OWRyekEzWXFRYUM2V1RDYy1PSTBXNWd2S01zcHh5U1czZXc1UVpVeEl1M256Rzc2QjU5cEFaR3F3RndMc1Z0TDFWenl1THRkT3I5b2lmY1E1T2gzZ2t5TC1NMFZ4LVNhbENDSFdBUnFlNFBJTXl3TA?oc=5,2022-09-12,Flooding: Lagos tenants fault emergency responders' claim of 'rescuing women trapped in homes' Premium Times Nigeria,0
"Floods kill over 300 in Nigeria this year, and could worsen -emergency agency - Reuters",https://news.google.com/rss/articles/CBMiuAFBVV95cUxObmFPenQ1Skpjb2xwNzBjSVhZRnJDRUEydjhob2R2cmh6aElxOEpWdThub2pWWG1QRjFzdl9HTEFLT1N0QUl3Q0h2S3ZCaDBSQW1lcGw2eGFCdmVYSE9pZy1xeWtYa0pkUGgwTXpTVE5FblNNdS1tcHBtVFV6YS1wcjVqenM5ZlhFeV8tUmlVZEtWMWk2WENfc0Y3MEFwemk4RGdSOW0ySHU2dHhid1RMUnNvVW9Ka3FY?oc=5,2022-09-21,"Floods kill over 300 in Nigeria this year, and could worsen -emergency agency Reuters",0
"Nigeria – 300 Dead, 100,000 Displaced as Government Warns of Worsening Floods - FloodList",https://news.google.com/rss/articles/CBMiakFVX3lxTE93YkhyRWJITmJtNjE5ZFk3cGlOQmhNQ001SG4yR2Y4ZEotQ2std2xIY0QwRkt3NURrY2Nkbzd1NXloVElaWnFmbTQyb3kzaklHTjlOcElyejRrU3VlQl9Kbzl6aXZ4REpyNlE?oc=5,2022-09-22,"Nigeria – 300 Dead, 100,000 Displaced as Government Warns of Worsening Floods FloodList",0
Niger state flood: How water carri hundreds of deadi body comot cemetery - BBC,https://news.google.com/rss/articles/CBMiXEFVX3lxTE5YNk9RMzlsb0d6Q3pNN3FDU2x2VFRRclJNR2ZpTlVlX2I5Q1lXRUFuUjhjaGFxS2R3aWQ3YVFBcWVaWlNGUFVfTnNJN0EyN1EzYTlBaTZhdlBwNXMt0gFiQVVfeXFMT0pZc0xCYndPUGh1VlItX3hFcnRsRGpFWmM1ZWY1Qy1ELU5za015ckxIRXRaZXdBVXpacV9VRWVKbFFtcmYydUQ1V013S0xER090SE1CcmpKN2JxZ2pxTk1ha0E?oc=5,2022-09-21,Niger state flood: How water carri hundreds of deadi body comot cemetery BBC,0
"Floods: Lagos To Demolish Marked Structures In Mende, Aboru - Channels Television",https://news.google.com/rss/articles/CBMinAFBVV95cUxQUklwbXI5RUYtOU4zbTRpNlNDWFpxVUlVUUpWdGdhWTZnUnk0TmpoTkFTWlBoSUx2eXpVZjRqR3g5MmFINzlFZmx3UnRaYXAtUGZFWHhoUUV4OVBUZ1hTNnN0MVRhWW8yUDFvR3o0MmxjbTBYS1J4b2prS19DTHRxdkpvZFlnTnNGWXdxVldQdE9EWHh2U05EUkk2TGU?oc=5,2022-09-14,"Floods: Lagos To Demolish Marked Structures In Mende, Aboru Channels Television",0
Motivating citizens to tackle Lagos flood: Solution to a perennial problem - The Nation Newspaper,https://news.google.com/rss/articles/CBMirAFBVV95cUxQQnMtR1JXVEJMTWN4amh2dnh4WTd0cXBpMm1xNXAxc09Xbmh1eF8wcVM0eXlSNE9MN0xsYmVabWk0MVZxdjU3dVVtVWl2TkhDT1VadTV3WEd6ZVN1M3lIelNMZl9GYnZuMnFIM2hBMXFNX2JZVDRpcnEwV0lBa09hVFFUZTB4YmZ2VzhNdXJ6X1ZHRDA3WEJoLVVDNHN3b3Y3U01NU0JlNjg1ZHBx0gGsAUFVX3lxTFBCcy1HUldUQkxNY3hqaHZ2eHhZN3RxcGkybXE1cDFzT1duaHV4XzBxUzR5eVI0T0w3TGxiZVptaTQxVnF2NTd1VW1VaXZOSENPVVp1NXdYR3plU3UzeUh6U0xmX0Zidm4ycUgzaEExcU1fYllUNGlycTBXSUFrT2FUUVRlMHhiZnZXOE11cnpfVkdEMDdYQmgtVUM0c3dvdjdTTU1TQmU2ODVkcHE?oc=5,2022-09-16,Motivating citizens to tackle Lagos flood: Solution to a perennial problem The Nation Newspaper,0
Floods Devastate West Africa - Foreign Policy,https://news.google.com/rss/articles/CBMinAFBVV95cUxQZUNteEx3VFdNTUVZc2NtNTlfTlR6dlhDaUFHOVNQeWpLa2wtbHdyTFhYX0dNbVlzVWx2eVNLOWVQYk9NcnZLZk9mYmVOcFFwbThkckp4bFdVQmNrTlBOdUNnWWszZlZETld1WExtREdwdzJRUzUwdmxQYTZOdkJIUE1RMFo1RUhBYXE3R0VTXzB4QTVBT3NwZlpuYXY?oc=5,2022-09-28,Floods Devastate West Africa Foreign Policy,0
Flooding: Lagos fire service rescues nine from sinking building - The Guardian Nigeria News,https://news.google.com/rss/articles/CBMikgFBVV95cUxPeHI2M2JfRFUxSEZmWWYzbk0yOUJFTmVKQmo4bnN6b1dGd0l5TGpGdWhWVUt2cXlJLTZNREpFNzhQWGptVnoxQjlQZnRXOEZWRjQ1enNfX2NkZDFyYkF2Z1YyLXQ1R1dKVEVRbFh6c1pKSTJEU1NGV2RpYTgzNW1FRzU5S0JWOXd4dEN4djN4U3JHZw?oc=5,2022-09-13,Flooding: Lagos fire service rescues nine from sinking building The Guardian Nigeria News,0
"NIHSA warns of heavy flooding from Rivers Niger, Benue between September, October - Vanguard News",https://news.google.com/rss/articles/CBMitwFBVV95cUxNZFJFcDllblE0RHBWQlkwbXJEWXhNc0xNWHZiU1NQSEFzM2RJYzZ2enpmMFBCNVpKSHk1dDBMMFJwSUFTeWpNczJub0FvNFVHcUtLajJOTFlYQVFwR3pHR2hDbzFEV0RGLUVDeDFBREFodzFlOTVVTVg2clE4YVJKdUEwTlhER1J3UU9GSFByMXF6bXhya3JBMk56bTlwTUYyMkdtZWNVZFB3OWRhdTBYUC00QlU0dWPSAbwBQVVfeXFMTVo2T3VrYjdfenIzOHFMNUNrRjhyVHJyeXgwWUJWekNhYXByRFQ0MFpFQnBBZG1OMEdNeno5SFJXQzk3TjdSekRlMlZQSXFqblFRRmhhVkRZdFBwdlY2OWY1S3NMOWZrSHp0dVRFRnRoUTZaMXlFc0tXem1uelpKQ00wd1RXdzJHZ2RxSkhJanhkeHo0MFFwSHdiZGZkMkk2SzN3ZWJCMWdGLWRLZHZwTVhsOXc4WDdpYm00ZHE?oc=5,2022-09-17,"NIHSA warns of heavy flooding from Rivers Niger, Benue between September, October Vanguard News",0
15 corpses recovered from flooded Borno river - Ripples Nigeria,https://news.google.com/rss/articles/CBMigwFBVV95cUxNYkhULWFHMFlqaTdDU2JOTGo5c2JOTEM3ajRDbUlUYkVxQ2M2dmZ6NzZCVGJsUUthZVJKbmFRTnZEd3V5TEl3eHVnSklmY3hCMV9xNklKTUNBMXpfR3phaXdwdWQ1bXJFaVdhNnVvVXJUbG5vVjVXVHJrMWFPNGxRTGNkVQ?oc=5,2022-09-01,15 corpses recovered from flooded Borno river Ripples Nigeria,0
Rescuers save nine women from sinking Lagos building - The Nation Newspaper,https://news.google.com/rss/articles/CBMiiwFBVV95cUxQRGkyVHEzeGttdVFFdlJRa1BPSlBQX0lmM0JlSHd6Y0w0dlVhSU4yNFV2SUhvVk11SmZPV2lBQ2xyOURMU3RBNHBMTkRXTUhfSEtUZVlObUhIWWROQnFJUDE0a0QwNm13VnZZcWhfNWhFV2tINDh2cUxtX20zTUhqVnQxd1FXZFBBNS1F0gGQAUFVX3lxTE4yWHY0cUR3V2hOUzJtY2ptNTJfWFE1cmRjT1RVZ3dheXllQW1zckNvb2lraFBQRWI0SENDNnVBMjhOUGpBTmE2cm5aOWJvQkM0Y1UtUVkxM0xUS2pubjVtNmJpN19odV9XajZFSzUxLWhfS0wyTmhaQ3VjbUsyZ1BOZi1CTG80YnRtV1p6bEN1TA?oc=5,2022-09-12,Rescuers save nine women from sinking Lagos building The Nation Newspaper,0
"Flood destroys over 200 houses, displaces thousands in Benue - Ripples Nigeria",https://news.google.com/rss/articles/CBMilgFBVV95cUxPWmVWcGpkWHN1bHRuMkl4Nm9jcEpoWEVrRUY3cFluT3BZU1N6a0tTb1pCc3U5VTQ0Tlh2U3VNZkhiMk9TMUxGM2x3dzBKUENaMkdqTGVULUhWak5rSFlLSEhlcTk0RHk2QzFYV2dvVlR5eFhVOFZ6TEl1NUZOVUJnNkkxdjQ2ZFZHOWxMMEszVU5pZzZrc2c?oc=5,2022-09-14,"Flood destroys over 200 houses, displaces thousands in Benue Ripples Nigeria",0
"Okota residents, commuters stranded as flood takes over roads - The Guardian Nigeria News",https://news.google.com/rss/articles/CBMijwFBVV95cUxPcnNKV0pueHpUa1lPbGs2R3ZwcHVOcW5McG9LM0Q1eTd5TDBlazR6TGl6WUdxOEtfRVdRem1yM1BZZ2dEVTRIZ2p6bjlsS1ZkVXg3MUkwcDUyUldNQ2VrV3k2SDBaOXlHaWF4c05OTHFLWXI3Yjh3ckZjek41eXRwSjR6YVJuRHMyajZiUWFyaw?oc=5,2022-09-27,"Okota residents, commuters stranded as flood takes over roads The Guardian Nigeria News",0
"‘Nigeria In Peak Of Flooding Season,’ FG Asks States To Avert Disaster - Channels Television",https://news.google.com/rss/articles/CBMiqgFBVV95cUxOcl9TX2Itb19yMnNuT2N4cUVHd2ZCYzkzY2IxLWh3a3c0RjF0T1ZUb0RoVVluTUxVb0g2eG1RaUE3ckVFbW81WW53Rk95bHZpUTR2ZHFwZ3I3WmlaYXBLYmJRamNVaUhGY0JsS0pZNWVRelUyVEg3SEN1U29qRGlYcExIY2lTbGZtb1hxRVNOX1pzTzI0WWVkcGw5R2w1bXBNZnJnUnJERkZNdw?oc=5,2022-09-16,"‘Nigeria In Peak Of Flooding Season,’ FG Asks States To Avert Disaster Channels Television",0
Flood threat: Ogun border community cries out over opening Oyan River dam - The Guardian Nigeria News,https://news.google.com/rss/articles/CBMinwFBVV95cUxNRlhDbjVKYXZpS3lhZm16SEZrMkF1al82SXlJRllYZnBUUURYeGRkMnRWVjhJRFpyXzNFSUxUVVdQalU4SFhVVHZSdFBiM3Qza1JLOVdib2loMkxSMjhLZjd4dTkzbHZtaGlpTFhCd2dMWmJmNGVDa2xGdkI4Y2JwbEtOZ1RVSlZrTkNFd09nQWZDbnhaSTRWMWVfTks1OFE?oc=5,2022-09-22,Flood threat: Ogun border community cries out over opening Oyan River dam The Guardian Nigeria News,0
Lagos To Divert Traffic At Maryland Over Link Bridge Construction - Channels Television,https://news.google.com/rss/articles/CBMipAFBVV95cUxQcTMyT1JkYTlWNjlDaTBIazFEc2RiZWlrYVdLZS02RlRpTy1wdXlKemJuU2JTeWtFNnhualYwaGhSYmF6T3k3NzdpR2ZyNGxaY0lCREtZTDhLNWhPd0tEc21YVkkwYWd3amtQTi1wMm1uUkZDTmlRRjBvOGk1d0ZyTEZHQ0dFaDlWUDJLVmtnWmd3Q19leFBCc0lHY0l0elVjeExveA?oc=5,2022-09-18,Lagos To Divert Traffic At Maryland Over Link Bridge Construction Channels Television,0
Gafaru: Lagos street burdened by erosion - The Guardian Nigeria News,https://news.google.com/rss/articles/CBMic0FVX3lxTE1LN3hfSHJLRWZhdWg2V3RYN19yV3NZTG5fZDJnVDFwcks2bWxNb1Q2VUQxZ3N6dVFuM25rRHZGeG1odkRkeE9yZjZuX3BCTVE3bVB3NmVmTnI2Ml9WaFpNSzlLUlZWclFzN0dHZG5GSzloMFk?oc=5,2022-09-01,Gafaru: Lagos street burdened by erosion The Guardian Nigeria News,0
Heavy Floods Ravage West Africa Farmlands - Channels Television,https://news.google.com/rss/articles/CBMihwFBVV95cUxNYkQyeWtGd1hPdTBRbk9pWlJteFppQmdIUzhNVXVsUjA0LW5hTE9CUVBlR3dlRkNLbGEzY2duOUJMVzVTTVE4eVhMal93U2ptVnBwNzNqbk5qcW9oYkJJejk1YkxYQXF5aXBNRFNFbENkN1BEWmF0WUxKUlUwcktmempfUk9mWVE?oc=5,2022-09-27,Heavy Floods Ravage West Africa Farmlands Channels Television,0
PHOTOS: Nine rescued as building sinks in Lagos - TheCable,https://news.google.com/rss/articles/CBMie0FVX3lxTE5jb1BZdkUwX3ZtZXJyOWxJRXZDNUk2dlVvbnhON1NQVGlEemphd2EyYWQtOXRaYmw4d2dhYTJTRmxjdFIweHp4ZnVhZzR4Tk9EYXN3dUhPUEhTR1Exd1lSNTZ5Yk5EUlNtMjEwd3EyQ1ZXSjlHQnRsVkRjNA?oc=5,2022-09-12,PHOTOS: Nine rescued as building sinks in Lagos TheCable,0
Okada rider crushed to death in Lagos - Ripples Nigeria,https://news.google.com/rss/articles/CBMieEFVX3lxTE1OV2VVc1VkakJndFRTVGhEVF9SaVFncEFfU3RISFhtQTNmd1lOMkxCdlhuUjlYV2N3alA0bnhNRWVvbTJCdjlvZnNwY0VXQzJBbEJBMHR6a25OYThfbVBNSkRVcUs3RGxUOHJ0VXBUQUFPWmVFaW94Qg?oc=5,2022-09-21,Okada rider crushed to death in Lagos Ripples Nigeria,0
Every year heavy rain brings misery and gridlock to west Africa - The Economist,https://news.google.com/rss/articles/CBMiwAFBVV95cUxOVmhlTkxiTjlrVTZ5OE1haTBHYm9kQXVfTEhrTmdlbFB2aGZReXl1dEF1SkxpcWNSRXBNd21PTWZiMVRIYWVjaUpmdUtDNnZwTGVRTXNza0RTTmgxczRQdmpKS2UzR2V6Y1FtdmRzTWFmTE9sSldrWEMxNXZkX3Q3S2FrdjdqRE9WTUl3OHlsT2F5RENQeEpXX0J4bU1yNFBnakEzcUxhUU5kV2pJdDBrdm1YUnY5bUJaNnlZWTlKRE0?oc=5,2022-09-01,Every year heavy rain brings misery and gridlock to west Africa The Economist,0
Opebi/Ojota link bridge: Lagos to divert traffic at Maryland/Mende underpass - Vanguard News,https://news.google.com/rss/articles/CBMisgFBVV95cUxOOU1YMW9LVjJiOS1fYlpUdV9kOU9QSjBCY3F1aUJ0ZUVPSjRSdEVwVXVsQlZKY25KT0E3OUVPeW90aWN0aGRpMGlZVHN1eHBXTVVvMVFCMGU0UXJiUjE0a2h4RmxiNEkwRzh4ak15TW53dU1KOHh2aEx4T0Q3S1JucmJmSUtRZjgzRXdIVWRNcGU0YVRpeXpnZ1huM0t4S3RYTGpVTFRZb0VQZ3BmRURGWHpR0gG3AUFVX3lxTFBYR3p0UXlDY0hmbEhoVVNRSTBDQUphMlRPZmpKWTYwWGVzcWlJaEE2dTZVN2ZEWWJNN2RVXzRLWG5GeG1GTG1NUFlGZmxQQlA3WFUxbGQ5RU5CbTZZQm9TU1hPYVFLSHdsOEU1TkhySm5fUzBfRENTVGg0S0szRldrSUVUZFVUMVRsanREVGZYSkdyUDRuUXYwc0YyYTR4UDZBLUlWdGNGUXlQbVgtZmVsdUYxdi1Lbw?oc=5,2022-09-18,Opebi/Ojota link bridge: Lagos to divert traffic at Maryland/Mende underpass Vanguard News,0
Villagers Accuse Govt of Neglect as Flood Sacks Communities in Anambra - Nigeria Info FM,https://news.google.com/rss/articles/CBMiuAFBVV95cUxOMUpldWQ4X3ZTMmVGZ3BaaS1xNmRfZExPWWswUmNFbXQyZm4xUk42aXIwQzgzSUE4TVFFUW1oRUZSRVNBdEg1Njh6aml1UFBFc1BudXU1TTB0djhDa00zSmJla1lLeE1pQm9jVGVNeWE5d3ktNXVXRzFHZHJPS2ZUZ3VkekdtRVpkRTJvY0hsMVQ3UmNfS0RXRXpuS3FiOTljZ0ZBSnNhYnpoYkRiY1hpN3NSblRxb2t1?oc=5,2022-09-27,Villagers Accuse Govt of Neglect as Flood Sacks Communities in Anambra Nigeria Info FM,0
Newspaper Headlines: FG hints at salary raise for civil servants - TheCable,https://news.google.com/rss/articles/CBMikgFBVV95cUxNVU1lcWpocjNCemoxWnJ6VUxNWFMtYldILVV5NFVfUVI0QTBQbW9UM3JUVUZLQmxCTmhGN0k3ZmdoZHRQdDFIeF9keUdWdWl5NmV4LWhENzhCY1UtVE5KQTBMYUJ6Nk5heUd6aTBTYU1pOVJSTkJsVXlJUk5QcGtIWlBvRVh2am9ueDlaRVk3OVJHUQ?oc=5,2022-09-20,Newspaper Headlines: FG hints at salary raise for civil servants TheCable,0
Seven Passengers Burnt To Death Near Third Mainland Bridge - Channels Television,https://news.google.com/rss/articles/CBMingFBVV95cUxNLXdFcnphMWhvMTBlaUFlcHJUSXZUSjdYcXBGNERDT3J1am9wMWdzdWY0aVl1cE5WdHJSckhSdzRqYnh2ZVgwVUhmZWgtT1IweWFzMEZDT2RpR2lEd1BrMmZyN0xXNUFhbDZRNk1vOGtoS3o0M2ZkX0djU3RIVDJJdjIycS1JYTZNMm9NSGFLUlIxemIxbTl4QzBnZmg0QQ?oc=5,2022-09-26,Seven Passengers Burnt To Death Near Third Mainland Bridge Channels Television,0
Fire Razes University of Lagos Alumni Building - thebossnewspapers.com,https://news.google.com/rss/articles/CBMijwFBVV95cUxOaHZCZnQxX1F2QXFQZklOSE1aWjNtZlhEQm5KcGRJX0JDNE9VRG9hczJzcHFScl9KWW9hYlh2WTBOdjNJTWptazhQV1dFUmM3Zll4MmpHLWJocnFQWWRlYngtZnRxX1F0QW1qNTZ0WEV6bV9MYlJ2eGphVjhsRUFENF9TTVRsemFJU1RSMXBsRQ?oc=5,2022-09-11,Fire Razes University of Lagos Alumni Building thebossnewspapers.com,0
FLOODING: Bauchi Gov urges Nigerian govt to actualize Kafin Zaki Dam project - Ripples Nigeria,https://news.google.com/rss/articles/CBMiqwFBVV95cUxQOWVucXdFSnlyMHR2dHNtWXUzOHB5RnozaFpZNThHT2FBc0pQbkFaSVEtRFR5TXJ2SVFubDREcEQtN3BweVZkNlFxNnZwOHlPR0NyRnFhSDV4OTN2cUtmcFc5QkYwc2s0U0FQaDcyalpyVFhCNTYxSlVZaXAyQVdOWkRTZUtMMVM3MERZYV9FSTVjN1ZYY09Sa3J6SXI2UXVvWDBidXlVNTRtSW8?oc=5,2022-09-11,FLOODING: Bauchi Gov urges Nigerian govt to actualize Kafin Zaki Dam project Ripples Nigeria,0
Tiga Dam Flood: Kano State Govt. Confirms 23 Deaths - Nigeria Info FM,https://news.google.com/rss/articles/CBMinAFBVV95cUxOaXlOOS1scEZfTzVWZWxfbklVRE1kUkE4QUJHRndhZl9Yd1QwZzVXb0xQcjBvRzMzazNCV251cl9IT2JlYWh0NGc0bFh1M2pVWHJVSnE4ZVZoc1VaV1luOXdOMHYtZ01uS1hRUi1LOE5DdzJfTzg5Ymx0bzNiTzRtME1fdjlwQjd3ajJ0UTY1V0JqT2NWUy1fZHFuRlo?oc=5,2022-09-20,Tiga Dam Flood: Kano State Govt. Confirms 23 Deaths Nigeria Info FM,0
"Pipeline Surveillance Contract: Tompolo explodes, opens up on crude oil cartel - Vanguard News",https://news.google.com/rss/articles/CBMiswFBVV95cUxPZG1reklidnRENUxKWGEtSGY3cFp4aE1IM29IWmJVS0NVdWJCWTdfTXRDZ1lES0N0d0hZcVhDaTg1eE4yeGo4T0NQWFN0cjV1a1NqNWhXckZZNFBTZGk5SW5oQXotbXFvZkpLT2tuRDIxaFIyTUZQRTJsVGF2Wlh2TWpUMUFORzhSTWktTUxUZVEtSkozVF9VLVR6RWRsalRSUHNwU1R5eU5YNFNvS1VXTjhFVdIBuAFBVV95cUxQQUR3OExVWUJrckRjeWhxSFI0b2xfQ0Nmd3RZTklSQVF5M0VYSjlvaDU0clROQkQ4bkMxV3ZkSEZ2NHoxZjFDYWRwcUZ4SVJYOTZEUXV6dEM5b3BodjNVWkRyb014czhya3BFTFoyTlpYRk5Wamw3blBBRUFCUVlpcWNKajg1ZDVjMUdHUmJHVmRCaHlsRnEzLXdUS1hHNEQ4djJtWnhObWZIbVZDUzVfRnE5a3JqeGQ4?oc=5,2022-09-03,"Pipeline Surveillance Contract: Tompolo explodes, opens up on crude oil cartel Vanguard News",0
EFCC Arrests Ogun Speaker at Lagos Airport - thebossnewspapers.com,https://news.google.com/rss/articles/CBMihAFBVV95cUxNaGRQTGljYlVFTTZSM1ZXNThsdkcwQ2ZlT2hHZFREQVRaakpxblpkTHQtZnFReno1TmlYSVhoRmFDbnFhbWZrdHBFNlpyS2RNclBFenRFSE9TemVNd1VNdUo4Q2ZWMHVmT2tJTzVIdTdZZDJtUDk3N2ZkY1FjT0dkdzBHQ2E?oc=5,2022-09-01,EFCC Arrests Ogun Speaker at Lagos Airport thebossnewspapers.com,0
Just In: NFF Elects Gusau As New President - thebossnewspapers.com,https://news.google.com/rss/articles/CBMihgFBVV95cUxPSVZwUVR4QVFJNFh3MXJFdDd5aDI1SEViWUxvZktKYWJGd3ZEU3psTjVKY2xONzFfNVA3cE5kRDBEd09JUXY4MHBBOHlIZWZKQlJLdVpscTMwSGJWQzAyaFBpMU1kNnlXejgzRG1JVHktQ0Z0cFZFbl9rUjl1NEhZMjA2WkFPQQ?oc=5,2022-09-30,Just In: NFF Elects Gusau As New President thebossnewspapers.com,0
"On Peter Obi We Stand, Afenifere Declares, Gives Reasons - thebossnewspapers.com",https://news.google.com/rss/articles/CBMimgFBVV95cUxPOGRKa1NvdVpHUG5kN0ZOT2ptcU5xeW9mZ3hxeW5jWkdnUVdqZlhXU3FHV21nTUV5WkNPZzNRdnotWXdkWmhwSERQMEpvR1lwQWJVazg0amloeW13MjBrMzlFUWdUd1lGRkZ0ai15SnFIWFJrdDh2djRieHk5aS1EYVlQZzdxa1NiN0xLUF9mcXloSHliX2hEMzZ3?oc=5,2022-09-27,"On Peter Obi We Stand, Afenifere Declares, Gives Reasons thebossnewspapers.com",0
Ogun monarch’s son allegedly hires cultists to kill father - Ripples Nigeria,https://news.google.com/rss/articles/CBMikwFBVV95cUxQSHNncE5MQjJoMERaYWh0YjJOR01YaWFvQWV5cDVRN3RyamJwM0RmRFVLTDUwNzdaMlV5WThiLTdXcU1JVXNVQ2J1NFl5Y0FsTEdoUUY2TUM2cVdBUVJkMTduVmR4ZWI3RjBNYzRFRzFESHJfazVESFNRb0pCSklPLWdja3FBTTNVbEdqSXpxNmlzTkE?oc=5,2022-09-12,Ogun monarch’s son allegedly hires cultists to kill father Ripples Nigeria,0
"BAYANIHAN SA BAHA WATCH: Residents in New San Isidro, Buhangin, Davao City can be seen pushing a multicab vehicle that encountered mechanical failure brought about the waist-high flooding on Wednesday evening, September 28. Some areas in the - facebook.com",https://news.google.com/rss/articles/CBMi3wFBVV95cUxPdTdTX3IzcUJtLTRESV96VlNJSURQaVE0VU1LMnhIODFEQmY4aEV3T2s3UkFFTmxZSTU0WXJkRktTSGFaWWdxU1VIUk56eUM3UmFQbHV1Uk1HQXozVjdLU2dxM1Bxc1BRbEZkOGFDZDV3MDg4VW5oNWI4bk5VZ2syTWpXQnA0Y0RrdHMzQktURlZfMWhuN0VvNFRnd1NHRi1sSmxlQU9sNkJ3ZjdnQmM1MEhaWEwxamhUS0pZdlR0SkJjaHkzMmhTTkJ0YkVMYlljdTdkS0R1T2REbi1Qc0dJ?oc=5,2022-09-28,"BAYANIHAN SA BAHA WATCH: Residents in New San Isidro, Buhangin, Davao City can be seen pushing a multicab vehicle that encountered mechanical failure brought about the waist-high flooding on Wednesday evening, September 28. Some areas in the facebook.com",0
Wildfire and floods don’t need to turn into disasters: UN risk report - Khmer Times,https://news.google.com/rss/articles/CBMiqwFBVV95cUxNX1RVc2NxeFlhb3A4aVBSTFVlcHJiOXRrZnhldzNvMGRkdWppQ01uSW1nTGNRc2lRY2NYaEhpVExFbElFd0QyX09scDJLOUdzcG5jSkZ3R3dhZ1pLZFZtREx1UWEwM0NsTlBOcjNrMHBzMzduY1BtSWFmcUExY0l5aGhqZDNGSEUzV0pnWmU2U2FxU2pOSmRLTUxUZTltZUQ5T2p6dm1NYlpRcFU?oc=5,2022-09-02,Wildfire and floods don’t need to turn into disasters: UN risk report Khmer Times,0
"Thunderstorm Floods I-15 Lanes, Wreaks Havoc On Commute - patch.com",https://news.google.com/rss/articles/CBMipAFBVV95cUxORHR4cFdrcEU4ZkFzSFF4eDZ2cU8zMEoxNDVwMmNxYUhLcnIxTXlnbTI0Wlp4T180V05IVVoxUzN4bmlLczI5N1pRT1AyZlNGZkNqeTVmX3lxSWxNQ1lXMWUwWFBfQ3pBQ0FyM3BtZml6djZVSkpfeDNzMlhiTFVJcEdCbUh3enp6SjBmX25xc0pNcFZCc1hGWWY1YkJCN3AzZDlqMg?oc=5,2022-09-12,"Thunderstorm Floods I-15 Lanes, Wreaks Havoc On Commute patch.com",0
Flooding: Victims recount ordeal as Ureje River sacks residents in Ado-Ekiti - New Telegraph,https://news.google.com/rss/articles/CBMipgFBVV95cUxNSjRjQzZMVVRhY2hWV0RXZkhTUFZfRkQ3cUgzdklJME15cURXVmJjYUdpVzZBbGlINUxvQVJIY0swNmppeUk2dTdFYWFlaUhMQUxJLTdVWmJFX3ctbGpxX0pqN2lyWTlEWDFxZkZxR1c1Zmg1MUh5N1otclI4eDNjbzFQNEJ2UklqdXAzNHkwbTd3M2RkR3N2MDRxQ3dUSFBIRzk3SDF3?oc=5,2022-09-30,Flooding: Victims recount ordeal as Ureje River sacks residents in Ado-Ekiti New Telegraph,0
"Ohaneze Ndigbo resolves crisis in Lagos, inaugurates new executive - Daily Trust",https://news.google.com/rss/articles/CBMikwFBVV95cUxOT21MVGxpY0hQVmw5OWI1dURwV1RQVXpnekwzN2hxYV9RSlEtX2VTSkRYVjBmRGczQVczazFCRkFEemtrVGEydWhkeVFPVlRIMUQ3R2o5VmR6YVBTNWJWS29XVFc5b3R6eFRHVXVIQjNWTGtyZWtoNUctZzZ0S1phVlBRNlpYSmhxaDJkR2RyZjU0VGc?oc=5,2022-09-11,"Ohaneze Ndigbo resolves crisis in Lagos, inaugurates new executive Daily Trust",0
"Ogun, Lagos, Rivers communities battle hazardous waste - Punch Newspapers",https://news.google.com/rss/articles/CBMifkFVX3lxTE1ZTmFQdUdET0FlSC1JcHpNSHN4bHV3YWctN213T2tTcERXd2FrWjZnWHJ0UEpLZWJXcHpKQjZRUWFDSHM0UHZXbG1ERGNQamJXUndGaUx4OTE1Tl9PZ1JCaDEwNlU5bWtFR1V4V1FpNmRvQktXUWNqdEZaRU5MQQ?oc=5,2022-09-05,"Ogun, Lagos, Rivers communities battle hazardous waste Punch Newspapers",1
"In Nigeria, finding value in waste recycling - Phys.org",https://news.google.com/rss/articles/CBMiYkFVX3lxTFByQlN1RWJnbEhOWlhKdEFhRHhCTERHVnFQSjgyZkdXNDdHVzFrenduekZRbjZYOUx5RHplWV9SSEhPXzA2NDg0RXdlekYxZGsyMzYzakZHMFU2dWM0ckRhckZB?oc=5,2022-09-13,"In Nigeria, finding value in waste recycling Phys.org",1
"Unveiling HarmonyVille, estate where big boys buy properties - Vanguard News",https://news.google.com/rss/articles/CBMinAFBVV95cUxNY2Z4cVpncTRFQTVCc2hhejNIYXhSNTNGbjZfWF9ORkI2cTBDMWpOanlfUEozdTJNZDBZN21SbThHVGxaWGUtR1QwLXhFbTI2aFc3MU94VnliVHkwSUlaa2w2bVRzUVNVWlhQaHZPNlZKaFp4TDN0aTBzVkdsV082RENkMEdTb2otcTVVaXhYQVUxY1hwbXFXTnJPV0XSAaIBQVVfeXFMUG1LTXc1UUlQZVpTNFFLUjZEUWxRSkJfSmY1TWNEWkN0d3RlZDRVSlNUaFVubG1sOXp4WVhBeGhEUDBIQzRQRmM3Z1lXQUlrVzVKTWJiaUpvaEVONnNfeDhSM19iMFBGYUJuOHNvMndGR2pBUTFTQzFldVIyRXVPR0JKcVNnTzFoTG82dmg5N2QtU2c2UUJmbkJaMGNhUVNtWEpB?oc=5,2022-09-06,"Unveiling HarmonyVille, estate where big boys buy properties Vanguard News",0
Stemming Nigeria’s brain drain by growing local opportunities with global companies - Business News Nigeria,https://news.google.com/rss/articles/CBMixgFBVV95cUxOVkxodHBiSVdRMDBJNXc5cmNYREdpOFNmcU1LSktNYWJkbmJFRmNaT0k4UDFORGN2eVRHaXZYUGVYNVhyZGtpeC1WdjNZWHVMMzUyUEdWTFJyaEx5elVaUGhrazFkbmNfemhiTTE4MTk2aFpLaGdTVXFOdWxjWnQtY1ZlLU03ZmxYaEFYMm9mSmVqdFRrSFllNnJ5VWJzcGJ6REMwbzdBUXFLdDVyN2ZhdkR0UXdRa1ROT3VjWC1MV0lGTXFoU3c?oc=5,2022-09-08,Stemming Nigeria’s brain drain by growing local opportunities with global companies Business News Nigeria,1
Nigerian tech is booming but a talent drain threatens its growth - TechCabal,https://news.google.com/rss/articles/CBMilgFBVV95cUxPUF83RnpyT0VvR1N3RkNoTWNQX2JzbjJXbS1OQWxLaUtkbWV3ejFwTWtUaUZfbTlzY3Fid0lzdlFKNDJibVVmdlJNcGNHdC1ibElpUVhoTzBFei1qZ3M4QjU1eDQwVlY3dXIwM2NJdFNhZ3lzbUJ1MlE5ODhuQ1VfTm5IMXVXVUFhbk90Wk9sdDBoTWluNkE?oc=5,2022-09-13,Nigerian tech is booming but a talent drain threatens its growth TechCabal,1
"Dukia Africa is providing biggest resort with real estate ecosystem, says Dr. Israel - The Guardian Nigeria News",https://news.google.com/rss/articles/CBMirAFBVV95cUxNeXY1SGpzdy0yQV9BSFgyNEpYMlhEYy1EVU5Na2VQcURFU180dUlVRDR6a1FEak9mLXZHZzNHSWw5djFxelJXTng5UF9IUmxzd1hvZmc1cXBnTE9jamdmQU8zNGpnQ3ptOEI4MTZjakV4d1RDMk1GdDdCcjNQWGVwaWhKMVFfSngzWnA3aXpNMkhGc1lJbi1PNldvXzkyNk5Tck0wQ0VXdEFTajMt?oc=5,2022-09-23,"Dukia Africa is providing biggest resort with real estate ecosystem, says Dr. Israel The Guardian Nigeria News",0
Developer plans N1.4b Husssey Bay apartments - The Guardian Nigeria News,https://news.google.com/rss/articles/CBMif0FVX3lxTFA1cEhPZnNFNjA0OHNqOEJtSmpPVWFVUThFTzk3ODdOc2lpTVZiN3ZUc085dVpESmtLNnhSalZVeDczbEsxWU1MdUJVMWhIektXYjFmSDZYaTFlcWJZcWd2N0tfcEtIU01RM0dtS21kSGpza1A1Zk5qLTNtNDJzZWM?oc=5,2022-09-05,Developer plans N1.4b Husssey Bay apartments The Guardian Nigeria News,0
"Motorists, commuters stranded as Ilawe–Ado-Ekiti road collapses - The Guardian Nigeria News",https://news.google.com/rss/articles/CBMikgFBVV95cUxOVHdBNk9KaG9NZGNfY0tBNkNXWXNBNG5XRi04Umw4bF9lZEdjekdpV3I4c25vZ25LRHNTbGhZRGhJVjZWWm1wVVRUSGs4b1lZd2JrdVRGeG1WcDZ2OFdqS0ZkZGlCeUpfSVdva3BGdFhwejM3dDI1aWZlY1ltRkJqZ2xLMVJHbmFXcFJfMHlzV1lSZw?oc=5,2022-09-15,"Motorists, commuters stranded as Ilawe–Ado-Ekiti road collapses The Guardian Nigeria News",0
"NiMet Predicts Rainfall, Thunderstorms Across Nigeria; Flooding Most Likely In North - CrossRiverWatch -",https://news.google.com/rss/articles/CBMiuwFBVV95cUxPSFpzeHppNk1yb0xId1JtWlBjUFBMVEIzUHNuNUlXenJMejFkaGt5OHI5OTAtU2xlYUNNRGxlSHdDRTl6WVFzRWtVdWZkWEo5ME9GN0lyaFdoU2RFQk9qcko2ZjhlLUNQS2dkMGw3SDd4UFRXbGpQaHV5cmZzWUFSOHR5M3hPalFqOFpaSTV6T2hJZmItSW14a3JsTXFfREhtT3EybFBtXzF3OWRrdXo3VTJ1WVFVSEY5cURz?oc=5,2022-09-12,"NiMet Predicts Rainfall, Thunderstorms Across Nigeria; Flooding Most Likely In North CrossRiverWatch -",0
Lagos charges LGs to stop touts from establishing illegal markets - PM News Nigeria,https://news.google.com/rss/articles/CBMipgFBVV95cUxONU52QWtnX3l6YXV0aG1lUHlZUGdkR2pmX21hay1ZcG5mU0JkbHNvRTBESW51bHBHTXRVYWRmR1dWZDJaTWZwTzA4WjRGWkpDUld5anFocFpoUExrMUJueWdlb1NSdnNRUnZReUczbWZPWDNvOFptSVJlR09jMm53QXFsTndlT005VlZrTDh1RUNtVE11SThhV0tDTm5JcWFvLWQxM0pR?oc=5,2022-09-28,Lagos charges LGs to stop touts from establishing illegal markets PM News Nigeria,0
Lagos building collapse: How Lekki seven storey building fall down - Fotos - BBC,https://news.google.com/rss/articles/CBMiXEFVX3lxTFByM1JDbUtFdjZudXlOT3hJeWxxdkdxSTQyQWIydlBVSWJuSWUxT1kzZHhkZDF5RFZ2ZGQ2OWVDRXFUYUpYMl9ndk5rdE1sa0IyN2FkR0Fha1p5RzN60gFiQVVfeXFMT0k0bGVmSG1FN3dwVXpXX3B2emhWbVczM2NBWV9RdVhJX29BaVljYnI3bGs4aVNTVW1TRzdQb1FQYWJxWG9pYmpnWUZlSG5qUTdzR0FXcGhVbmFlaGs5TWs3bGc?oc=5,2022-09-04,Lagos building collapse: How Lekki seven storey building fall down - Fotos BBC,0
Six people trapped as seven-storey building collapses in Lagos - Ripples Nigeria,https://news.google.com/rss/articles/CBMipAFBVV95cUxPdzVnXzI3c2JnNUFxTnJFa1dLZXgzMFlJTWp2amk4dWFOV0dJWnNTVy1JU2JzRWRIV3R4UVoxVXhJblJSQXRLc05XWng0dFgyMlUxUndnTGVxSHlSa045WENUSzdnX3JLd3VqcF9Ycks3Y0F1MGw0cld1N3FhdkhxV2hQZC04cWpnQ2NUTmVSaWtDYlNVXy0tS2VIREZWYWNPbUsyNw?oc=5,2022-09-04,Six people trapped as seven-storey building collapses in Lagos Ripples Nigeria,0
"Lagos Issues Fresh Flood Advisory For Lekki, Ikoyi, Others - Channels Television",https://news.google.com/rss/articles/CBMimwFBVV95cUxQRnNxUzdCd1d6M2NtQmt5TFlMSzAwYnE5dVJvMnRyeGROcldsS2VPbWlKTG15ZXM5RjlHSlpoRTg5YzlYNzNncEtLRlMxNEFZQTJhRzJZdERtQTZ2NTM4eWlMMFUwTWFOM1U2VjBIRWJFbzVqazZCRGp5Wk9ZYUpGaTJEZ1liQ194RTNGeVpmY01HMEdoRXV0RFl0NA?oc=5,2022-10-25,"Lagos Issues Fresh Flood Advisory For Lekki, Ikoyi, Others Channels Television",0
"Flood alert in Lagos: Threat for Ikoyi, VI, Lekki, as water begin rise for part of Third Mainland Bridge - BBC",https://news.google.com/rss/articles/CBMiXEFVX3lxTE1yNEswNU9uUFR3dFJzMFNvUWFqbEhoY182aFhNRXRQRDExMWtqbFRoVHZBWTZibzN4dDNBZW0zdEhoUkhfdmowNlZSenZaSThJbnZ2dzlKRFpzN1pG0gFiQVVfeXFMTUZfb2twVkw0TzFuTXdWN0RjX3BDWnIxR1BrbjRhYnZhdWdaZmFvU2JaS05rajdPeUJlNlk3U0Jya1hjOVBWTWJxMDUyNHBHOXppNFZhTWFnLVNzZmFzMHB0X1E?oc=5,2022-10-24,"Flood alert in Lagos: Threat for Ikoyi, VI, Lekki, as water begin rise for part of Third Mainland Bridge BBC",0
Lagos disclaims narrative on viral flood video in Oko oba - The Guardian Nigeria News,https://news.google.com/rss/articles/CBMiiwFBVV95cUxQQW5tN1ZnSXFSUGE4dXFTUWR5eDcxanY5Y05XZllJVmZ6MmJWYTE2U3o5dHp4cTRJM2xCZlZ5ZGp3Sk5GLTBDYXgyUTRaWEgxaTEwZWRVbXFoVFFWNFo0c0VFVlh6c2ctX19penlNNHVFd0kyM0dzaWwwNWFiT1k5RGNwMEdVOEJOQk1v?oc=5,2022-10-27,Lagos disclaims narrative on viral flood video in Oko oba The Guardian Nigeria News,0
"Lagos floods: 24,131 households affected, families construct, sleep on slabs in flooded rooms - tribuneonlineng.com",https://news.google.com/rss/articles/CBMiugFBVV95cUxQSmFEWVRFaTJVd0xwNzhjdXFRekpSbmQyS2o1NlU3SjZNbWpUMXUzaUxNMW5TUjd4clFlLUZMenBMV0tyMk1ReEVoVjVKWVRoeVhjZkNoejdmT0dhclZ6TjFLeVdnMF9vbFBrX01WYnJEdEdTNlRLOFFRRXpHSTBKUFVZS2NRcU9BRkE4Q19jZnl0eHhaRG1FaTNOQUN2VWdPUFFyR1F2Y1VYUEVuQmpwd3haZFFvQjYxLXfSAb8BQVVfeXFMUFpRZzRLSGJCYW83R0VrSnpkNVROUmdQekI4a2hJS1FydXFldEJMVXhvclBVQnVXblctcVlSUHozTU5YUWVsWUlIV3N3REItb0ItZnVEa0VNQnJJb0dQN2E4aUxEcTBOZmZUa0ticERwdHhyYm1HWjVIRndfeXprUW5vcmZoYWxPQmVIWk9oMjYxYmt4NFE5cllIRGl4ZHRCUldZX3NaY2l0bWgwQl9EX0lhQS0tM2hZRVFjR1BqeG8?oc=5,2022-10-29,"Lagos floods: 24,131 households affected, families construct, sleep on slabs in flooded rooms tribuneonlineng.com",0
SINKING CITY: Lagos' Wetlands Are Sacrificed for Real Estate Profits and Future Generations May Pay the Price - FIJ NG,https://news.google.com/rss/articles/CBMiywFBVV95cUxNand3SndNQzExcF9pN2FzSE5ZZGY4Y2VUelVNTEh4QVlNLS1STnJwV1ZSejRLOVlSTkxMbS1yVW5VWW5zV1NKLTF6NC1yQ3Yyb3RSNWhpQTJLc3VhRVViWmh3MmVveXJHbDZDSjhmQmdMcGVVLWRGY0kzN3k5emVSZGZyLU1Sa19XcWhINkFTSmpOWXVPSmdRSjdqLTlKSTJ3N3ZndTlmc2o3VTVpYzJWeURNVjRIMjc0SmJDT2N3NVFPRGI5TVIzZGVaZw?oc=5,2022-10-26,SINKING CITY: Lagos' Wetlands Are Sacrificed for Real Estate Profits and Future Generations May Pay the Price FIJ NG,0
"Lokoja Flood Paralyses Business For Transport, Logistics Companies - The Whistler Newspaper",https://news.google.com/rss/articles/CBMikwFBVV95cUxNY2dGdDI1QnBZcUxwYlV5X1ZEZHYwZllXRU0zX1F4cEZvY25pRzZtWnR4V3dxLVEwTi1Ibi1VMFZvZ2E0UUZLSGw2TVRkN2VQZFNQeE5yMENjU0RWR0tfQk9rQ0QwR0R0bk03b1JlQjVfWkhob2k2YTlmZ3BiU3A1R1RQUXI3QjNHY2dRS1pLTV9hMjA?oc=5,2022-10-10,"Lokoja Flood Paralyses Business For Transport, Logistics Companies The Whistler Newspaper",0
These Other Areas in Lagos Are Also at the Risk of Flooding - Zikoko!,https://news.google.com/rss/articles/CBMilgFBVV95cUxPcXFqQlJMaGwwRnRYLTJRNGFLOVBRanhheU5ObWNyU0tqVVI1X0N3X2M4NW9jRFV1czk3U0FiSkk3UXRhRktqRC1LaXh1V0NONU02S1JZVjdiSjcxYlB6ano3NTBGSDBVS1l1NllYLWpiQlR3Y2VicjNKU1JIRldrVGUzYkdsN3ZkVU44VHpHVkVyUkFiR2c?oc=5,2022-10-26,These Other Areas in Lagos Are Also at the Risk of Flooding Zikoko!,0
Flood alert in Lagos: Wetin occur for di viral flooding video of Lagos Third Mainland Bridge - BBC,https://news.google.com/rss/articles/CBMiXEFVX3lxTE00TDgtVVdnX0k2YmFZS3h0eGN1TmhMczJxd2NMV2JaOXIxSXh0Wnh1LUJENUo2NGo3WXFwbWFkUGhlSDMzaktQZ3RiSWc1NnljbXo4cnl2UkVhb3Qx0gFiQVVfeXFMTnA4VGVKck1OWEhlNkRoaWg4SjM1ckUzbTlkMjhfWmtCWUt5bE5wblZteEpfR0h4QnR0WXJfOUdwcV9hSzBUeWxsRHBkbEhHWFFEeUo1cUgyVGp0d3BkTzZNa1E?oc=5,2022-10-26,Flood alert in Lagos: Wetin occur for di viral flooding video of Lagos Third Mainland Bridge BBC,0
Lagos set to demolish Agege buildings in viral flood video - Vanguard News,https://news.google.com/rss/articles/CBMimwFBVV95cUxOYXlTODcxdnNvRzBvSDNXVExoZGdYVUVWRlVEbjIzUnVOYjhid2tHMjEyV3F6MHJnbE15RmliN3l4U25TMnVocTRyYXh0SlpSblV0NWNRVWs2VTNFLUY3cm9TbHR2UTZwN1AyNEdxMmpBejJaazFfNXd6OG9jcV9jRHNGb3RkZTVzNTN1Q2k0R21lN3cyZXlVNUZZd9IBoAFBVV95cUxNMm95bGZ0X2VLNWw5QVVlSFdsSjJseDNIMl9kNG1fMGk0SmdPZ1JOcy11ZVJHMW5CN09QRmZRMVlVRXdJU0VQMzBxS05vZm5FcW9NQ2RIdjNobVU0dENDWFhFNkJQZmFRWWZEdEY1cUZzVWJMZ1c2NFZVeElCR1h1dmNwSlBqTWJYWHVEc1FuWTlaRDVENGxTWXVHQjNQQUR3?oc=5,2022-10-26,Lagos set to demolish Agege buildings in viral flood video Vanguard News,0
FG distributes relief materials to flood victims in Lagos - The Sun Nigeria,https://news.google.com/rss/articles/CBMiggFBVV95cUxNdUpfREVTT2NXaTVJbVRpMjJlUUlfcEF6eDRfOVdmSERGMDFZNC0wUEQ4UklQTFh3ME9lcjFYUGpSNHVYQURkNHNkOHJOb3VyOG1SUDZwVWxtSjVocDNfTFRvYmNQdGkyWTdIVUs3VlZxd05kLUtPY29ib25zTFdlSWpR0gGHAUFVX3lxTE8tZzR0NDRoZ2dGejNvRnhDdjh2cVBPNFR1MkxoMHZvX2tpVWs2TmlxVFBrLUYyM0JPVkltX05UVDJCTkVfYWZhMmJJUW00dnJHRWE2b2tEYzJBNWp2NEUwN01HR2FDT3gxaUdvUWNrQXJlX1dSR2ZfMWI1WFNHSFhDQm1TeW82Yw?oc=5,2022-10-18,FG distributes relief materials to flood victims in Lagos The Sun Nigeria,0
"Flood takes over Oko Oba, Lagos community - Business News Nigeria",https://news.google.com/rss/articles/CBMigwFBVV95cUxNNUFKLXBaaEZQejFVcWdnWmFEVlZhMzRaR2tiWk1ETXd6MjhsQTNCVUoxdG5CZE5hdDBBS1AtZnNkOF9GMC04cHRuSjlZTkMwU21aV2lKaV9NVWxaSjhweE1ab0lKZXoxSVNMdkZoWmV0eHhCbFhaMENZWjc5a0pjYWRyaw?oc=5,2022-10-24,"Flood takes over Oko Oba, Lagos community Business News Nigeria",0
"Ikoyi, Lekki, Victoria Island residents must beware: Water level of Lagos Lagoon rises - PM News Nigeria",https://news.google.com/rss/articles/CBMivgFBVV95cUxPZ3pSd0dqUktuOE1lT3ZGcG1zMDZzNy1uUEZ5ZjNFWHVYNVdZV01GdGVxNWNJaXo5THFDZGlCTzhWMl9xYzRlU3llbjRuUDA3eUNadk9KSW12Tm50dmpUc3otdXJSa1piOUpoUHItU1VLWUNFTVdGdWtMN0dhWHpSSnVHT01nRnREblZuRWhwaXVkQ1JDUXhPMndiNjBMSUxiU1R4X2VMUm9vaXRsUG14WjFDQkp4NTQ4UVh1TndB?oc=5,2022-10-24,"Ikoyi, Lekki, Victoria Island residents must beware: Water level of Lagos Lagoon rises PM News Nigeria",0
"Lagos State on Red Alert as Flood Threatens Lekki, Ikoyi, Epe, Victoria Island Among Others - Investors King",https://news.google.com/rss/articles/CBMixAFBVV95cUxNdWZldEgzbmlGdkloQ1Fhb1FNRjJ5MmU5WTQ0YS1aMjREMkxlRjFUd3p2ckxqSm0yTmdrRlc4UWxMWWVldmxkYU9WVGxpRUFacTdsbFNrWkdIT2wxLV9ndXVXVlpvOXVwbmdlRkVackpGRXFxaVVpd19KY3FoSzhUdGM5T3MwdURJaVBRczhCN3ZUdjRDd0t4TUV6MmctMFVWS29ydFNpYjNhWlNZQUh5U3BETjlhQ2pMWTJFSjdDMFI0SnRB0gHKAUFVX3lxTE9SQXBUZlJ3cUM5dnJLb3N4bU5MWkJTU0dvMlJLckhRd0R2UXh4blhvdzRmYjRPRzR1V1lJcEF2Z1Y0VkxqUnlWclgxVTNPTFNwMTE2ekVPTWVVVUtxMlNhbndRWlA5ZVdXMVBUVmo1Wm1MRjNWVUVoTTJRX0ZTWEJyb1BnaDh2dlV3THhUb01NX3REVWVGRHN2SXEwWHA0LWZNeXRpVWVrek9mazFvYmNoVHpKVVUxOWl3T1ZXcWRCS3REV3g4RlZMRFE?oc=5,2022-10-25,"Lagos State on Red Alert as Flood Threatens Lekki, Ikoyi, Epe, Victoria Island Among Others Investors King",0
How flood take over school for Lagos community - BBC,https://news.google.com/rss/articles/CBMiXEFVX3lxTFBqZThTY1RRaDZDOUpfQTFkRmJNMVZUQ3FlVGFfTDBlQXktdHNxdVpyVi1PbjdwLWJQSkNpTVdfRFhPTFc1MmtfbVpvbEt5eTYtblRjUlVwc24yZHJH?oc=5,2022-10-15,How flood take over school for Lagos community BBC,0
Omojuwa: A Lagos community under the water - New Telegraph,https://news.google.com/rss/articles/CBMieEFVX3lxTFBQakdBeXEyZ3RkT2c3cEEzdWlNRzhhWmQwd2V6SzVrRXNOdVNxWkcwWGdHZkhjQnhWamE3a2MzeG5qNVkxMWdhR3JpUThZN0dtOTZ0YkJtcnVlTzllN01qNVBwejhmbTFlX2dQZWRuU2RRd0VqTnNqYg?oc=5,2022-10-29,Omojuwa: A Lagos community under the water New Telegraph,0
"""I can't swim o"": Skits maker Nonso Miraj raises concerns over flood in Lagos - Legit News",https://news.google.com/rss/articles/CBMi0AFBVV95cUxNWVcwbnc1UWR0a3BLVklwRTlGcmhkS00zQnJEa0hqRnRXdWxPY0tteEhONzhHMjVIbHdaNWdaeDZnVWRmYjVtMU1iRkpfUHFiRjdHRERsd1hzX2NBRDZIOFZfcHg3QWNxWHE5MzRVRTFUQ0k0cVdGT0w2LUtjaTY3ZGpSU0l2NXdqeXg2bEliSzJBN2EtTGRnaTdvbWFzQXJ2dGtqSGFyc0t3clM0bUpzaTV3bU5xSDFPSmZoclp2QmZ3OUlQMUdxSnZpR3J2TVhr?oc=5,2022-10-26,"""I can't swim o"": Skits maker Nonso Miraj raises concerns over flood in Lagos Legit News",0
Lagos embarks on massive dredging of canals across the state - DredgingToday,https://news.google.com/rss/articles/CBMingFBVV95cUxOeFJQalJyWjZrYzduQm4xTndZQm1iMkg5bDYzUzZMTnRnd1FfSy1GaWd5dWJrYUgxdGx3R01JTWl5eEVnbGpmd0VrNEVSckdFUXZ4XzZsV0syTnB3Qjc5QUtkZHpsTFBRa25XMnZ1a0VVX1NmZmRoa3haQzNZRUlOZkE3OG9pNk5DeUgySmpJNTdNc2Y3X2xOb1RwS2owdw?oc=5,2022-10-24,Lagos embarks on massive dredging of canals across the state DredgingToday,1
"'Be wary of flooding from lagoon's high tide,' Lagos govt warns residents of Ikoyi, Lekki, others - thestreetjournal.org",https://news.google.com/rss/articles/CBMivgFBVV95cUxOcVd0cTgxcFUxNzI0NVc5V2k2NWIxY0lOSXJ3QXo4SGlrblVRSmZmbXlBNjYyTTY5M2dhWEFmdDJjQUlIWDJQX0JEcC1EYnlFdzBXaHlsNFZ0V3BvS3A1QW1CcC1WUll6aGZZZi1xbGI3RUJzd21nSV9Ga01oRkFXZlA0eXJKRzlISm55QjNEQ0pmUFdIQnl3d2MtWjVLU3o1Y3E5MFlsQlMwendDUTVSUk5oSF90bEhLSFFVZHh3?oc=5,2022-10-25,"'Be wary of flooding from lagoon's high tide,' Lagos govt warns residents of Ikoyi, Lekki, others thestreetjournal.org",0
Residents beg Lagos govt to stop demolition of Ikota Estate structures - The Guardian Nigeria News,https://news.google.com/rss/articles/CBMinAFBVV95cUxQTU9iT0FUQVVvUUUyQTVab0NUcGxLb0VSR3JMaDJFeE81WnE5U0htODlraW84Ym5hWmo2aUNiNzZmZnJfSG9BaXFMUlpuMnN2MW1aTWtjcEdrcV9nTzlFS3V1dTlJSjVKb2Y1SEwwMEZLd081LUdJa1RtVzI3SWtsUkNTZHJ0OVBUaXlmOWpnU3ZxUmRnZVpBOEZKOGo?oc=5,2022-10-30,Residents beg Lagos govt to stop demolition of Ikota Estate structures The Guardian Nigeria News,0
"Bells University, Ota, Produces 47 First Class Graduates, Decries Brain Drain Syndrome - Independent Newspaper Nigeria",https://news.google.com/rss/articles/CBMiqwFBVV95cUxPeXVxX2drNXVsRmFvUVhhamdDa0NSUzZiZWRTX2xGTEhVYWZiV2RDSjBrSnpYNkdseFBvbWMyMVJ6WFRrOUZvcVNUd1VrcW9XendnTzJEYVJSM1EtNmw2blNQUE53MHczT1VQZXN5OHFqUlVrdW9faFR5U1g4VWgwRnNaVm9xeERqNTRfXzdSejF3Zl9lVXkybnlGSWJwYUoxMWNqbmg2TGRiTHM?oc=5,2022-10-26,"Bells University, Ota, Produces 47 First Class Graduates, Decries Brain Drain Syndrome Independent Newspaper Nigeria",1
Frustrated Nigerians ‘flee’ abroad in punishing pre-election brain drain - The Fiji Times,https://news.google.com/rss/articles/CBMiogFBVV95cUxNRWR0UmdiX19TU2hyc213Wkw5bW1PV080cUp0WjUwUHJpTVVoYkptNG9WclVFNm1ISGhmWUx4NGxLSGFHTnduSlFnaFU3czJFMm1jcWIzOFlBNXg2SzA5bGtOdmNPVGhQR25LMDBBVTA2bnZjRjA5ZmVwSWdEX2F2UzFzTjk3V3QxWkdIZjlCdlhWaGNNdURQNkpmQnhTdGdxOUE?oc=5,2022-10-20,Frustrated Nigerians ‘flee’ abroad in punishing pre-election brain drain The Fiji Times,1
Lagos residents lament looming epidemic from overflowing wastewater plant - The Guardian Nigeria News,https://news.google.com/rss/articles/CBMioAFBVV95cUxPR1FLd2JvSkZidi1PS3RQbWk2TldKNzMwSEt1Yzk3b0g5aENlM2ZpMXhzamtZVnpXNWJTSnZFUTZacTZoUUJ2anloX0hNcE5jRnBjZUt2c3lVTHhfRW9oNDlOTW1jSV9RcDFMQjRTQ1Z4RWRQamVucnpMRnprQkhBLXl4NFVsdm1IbG1TTW12MWkxMU5xRGhTb3ZQeVpyeExS?oc=5,2022-10-13,Lagos residents lament looming epidemic from overflowing wastewater plant The Guardian Nigeria News,1
BRAIN DRAIN: 40 Doctors Leave Nigeria Weekly — REPORT - Vanguard News,https://news.google.com/rss/articles/CBMikAFBVV95cUxOM2I2ZlRYNDA0WVQ0UGlUb1I2R1ZQeG1RVzQxQ1l3LWZnelR6ZDNBcUdpaXBfNXJMcVV2dEZEMERFVXRuakVlOEdJYV90X2k3c1ZWYTZ6ci1xY2N6X1o5cVY1bklKakY5NVFWNnpYcXNyYjRrMWljN19aaEJvemMyV0VTRk1Ra2hfZ1VFUzFUaGrSAZYBQVVfeXFMTkRhSFBqRlBqYXVBdzJTem0tNUhfSEp1akU3SDhjTDkzTHJ2NzJ0aTdmVGZ2bnA3cEw1YW9DTHUzZmZmMER6NUFrQUpxUWE4QWdLbXVILVgxaXVCNV9WMU9kaVhuS3J4cW5DQ0FEY2VPV1QtNFBhRnVvOHY0bTU0dTFaQjFneHQyX19CVXQzTW1RVXNCV1F3?oc=5,2022-10-30,BRAIN DRAIN: 40 Doctors Leave Nigeria Weekly — REPORT Vanguard News,1
Flooding: Ogun govt allays fears over Oyan Dam - PM News Nigeria,https://news.google.com/rss/articles/CBMiiwFBVV95cUxPeWpLSloyWnp0NWR3S2pLazRTbHJtM0dhZ0VUX0djLVdXeVBhUEw1SS15bV82cmtwSWlOaGF4MktoZjhCb0c1YnE5Z3ZuT2VJNS1FZHlYRi0xbkM3NklNU19uS1J2cWtOQTdCQXJNeTJBNk5sQlEtSURxMXc1WVc2QkJIblA2X2VxTHpR?oc=5,2022-10-07,Flooding: Ogun govt allays fears over Oyan Dam PM News Nigeria,0
Ikeja GRA: Telltale signs of a Government Rejected Area - The Guardian Nigeria News,https://news.google.com/rss/articles/CBMihwFBVV95cUxNa21UcnpCNEg5SGFJaFJFM09vakx6WFc3TU9BdEs1TjlrYzZpRlpfS09IMDZkc3YwRG1uUFJfamt2RFprWHJIMmhLaW5yTTBJMkFSbFE2NlpWcGc4S24yMlJfYzZvdkl1SVBMMVhqeEpKMWQyYXlIcVNjRGl2TGl2VHMzYUVJY1U?oc=5,2022-10-17,Ikeja GRA: Telltale signs of a Government Rejected Area The Guardian Nigeria News,0
Ogun allays fears over flooding threat from Oyan Dam - The Guardian Nigeria News,https://news.google.com/rss/articles/CBMihAFBVV95cUxPYkFrNGJOb2VvNGdzeFlxWWN3aWRyb0R4SHdNMjdhLTVkLTU0THNHTTlRdlFleV9scFRxenRBMnkyX2NubnFLQUVvRjhtZVJ1TkJUdDJFUnFQZkhRdEN2dElISlh0NkZRX0JnQ2duT013LWdodi1NWkpMVjlBMjdxcjBxVWI?oc=5,2022-10-09,Ogun allays fears over flooding threat from Oyan Dam The Guardian Nigeria News,0
"Some Nigerian firms now pay employees’ spouses to avoid 'japa', says Oloba - Legit News",https://news.google.com/rss/articles/CBMivwFBVV95cUxOV1BPdDJkZ0FONG1RY2l1cDNRTHVtX0kzbnBIYWhLLXFwVlNQUnBHejdsNENZaFhjSzBJelBCNDNVMDNtWlA5ZVJjLUxCbTN6d3hDZHdlNWZISGVKZzI5VnNjcFVkd1RWaE5xYXh4cjEzc0xuX0lNTW1yWnlqTjVmSkFoMXBzZmo5Umxpdm81UEktb2VBMWJ4Q1BxcC16NWRvVVE4MkdlNkk2VmFDQkxPTkpKX3FYejN5bm1FQlpUWQ?oc=5,2022-10-01,"Some Nigerian firms now pay employees’ spouses to avoid 'japa', says Oloba Legit News",0
Nigeria floods: 'I have nowhere to go' - BBC,https://news.google.com/rss/articles/CBMiWkFVX3lxTFB5MGdqQWdkcUdaWXZWS182OEV1YktURzNCRmhqdWtqSDYtV3lxU2V3UVdHM3dqejZ5aGZHZG54eUZaczR4Vmg4aFVWUEx5MHJzQ0FzeTJBY3loQQ?oc=5,2022-10-31,Nigeria floods: 'I have nowhere to go' BBC,0
Nigeria floods: expert insights into why they’re so devastating and what to do about them - The Conversation,https://news.google.com/rss/articles/CBMivwFBVV95cUxNQ2l3Ukcwc3B5Q0pTQUdhT0pWOW9vcWJWaExUOTg1MGt6cTJmQWsxMEhTLWZtYVNreUhCRUlyVGtpOXNIR2FoR1ZHVWVEOWpoZ1pGdTRkLTNKazcteGsydHVVVmRYV0w5QzNrd3dHR3BSYTdKT0NVTGFERzhqeVFzay1KaWJTTHZYc055dU9uV1JDeWtudElVRF9aWG0xVnMyakNUWVFsTFFWak1NWlk2QTJKLWVWcjJ1MVhnS3N5VQ?oc=5,2022-10-13,Nigeria floods: expert insights into why they’re so devastating and what to do about them The Conversation,0
Nigeria's worst floods in a decade have displaced over a million people - The World Economic Forum,https://news.google.com/rss/articles/CBMif0FVX3lxTE8wYm1ralFUYk13eUNSRzl2NXlSb0k4bVpBRnh5QXVpSldBZnhzbDNIYk1qbHNldlBSWnlWN3RLczQxUUlTXzJtaWxxSlZtX3pKeEh2NzF2S0J6ZlRLdEpUQkluZlhLRzJ4RVhQbHFUbGtPaGdld0l4TlFYVE1oNU0?oc=5,2022-10-20,Nigeria's worst floods in a decade have displaced over a million people The World Economic Forum,0
Explainer: How Nigeria can better manage flooding - Business News Nigeria,https://news.google.com/rss/articles/CBMilwFBVV95cUxQeE9EVE1DM0RyS3VRVVJGSjhGUURrUmV3M3lHUndkTnRXZjExU2VBWGkzREZGLWQ0cjQxa01Gck5mTTFES1FKb2F5TnRRSnpOV0M1akVKT20wWERCc2hDQTNSb2ozSUlZZmZtTTdBMDZpLURYS0RlMy0xazdKRF9qVzV0dnczTEJ3d2dvbHhfMDBpZ1FSUktF?oc=5,2022-10-14,Explainer: How Nigeria can better manage flooding Business News Nigeria,0
"Floods: Be on alert, Lagos tells residents of Ikoyi, VI, Epe others - The Sun Nigeria",https://news.google.com/rss/articles/CBMiigFBVV95cUxObkE4UVZFTmh4YU5EREVhZVBSeWZFSWU3N1hHUGlXSlBCLXpGQWFaYlF2Wno2eklUdmo0YndmN2IzMjlXeFpHU3c4RHZ1M1hMTzJLSU9SeF9leTdtOXhJQ1hvUWV6TVF1OUljLU9ueTgwck9iMHdkcWczNzdGOURuNE5pVm5lbGM3TlHSAY8BQVVfeXFMTUN0d2VBRjYxM1VIQUJ3aW96NTNaVUFNbk9DN1k3aGhGN0x0ZWdBYk81MVZaLURxdm1SbnF6cHZfd0pnLUJvZXp6TjhXaWE3NG5DUGVBVUxOejl6ejc1c19INHVxa2l3MmhrZXFlT1BQNlZiUE9IX2lycWo2WktuZ3E5c2lCWUR0b0dIcWV6Z3M?oc=5,2022-10-24,"Floods: Be on alert, Lagos tells residents of Ikoyi, VI, Epe others The Sun Nigeria",0
"PHOTOS: Submerged Buildings, Floating Vehicles. Nigeria’s Ongoing Flooding Disaster - FIJ NG",https://news.google.com/rss/articles/CBMipgFBVV95cUxNQmpSZEoxa3h0aVFocnFJS1prVlQ3dElQZDJFVnRrT2J5Q3ltZ1l4V1RpaHllWS1zTDExeTNRZF96YklEd2N6YlI0THpDQkdkODg5M0JYclk4bXR0dGtic08zZkpyMHhzNGw5QTNrMzM2eGVVVGtvVjluQ3YyVVBjdnRuQUNFbXdQZ0hkQTg2VkYxQlhpTUNLc0I3WEowanBDdVBNSXB3?oc=5,2022-10-12,"PHOTOS: Submerged Buildings, Floating Vehicles. Nigeria’s Ongoing Flooding Disaster FIJ NG",0
"""Flooding everywhere. No food, no road, nowhere to sleep"": Flood victims lament - Legit News",https://news.google.com/rss/articles/CBMirAFBVV95cUxQMGxBZlpIak4tUFpXVVdkMWI2UHlMSER1amsyc1BEZ0JJV2ZEak4tcVRkekt1WGlqYXdNX2RocXVMLTg4Nnp2NFRNZWI0U1c3aWVJNTdUb2owWU1CRXJZM3dURFJpT1BiXzBhNDJtWHp4ZkRFNFpRV2E2MU9iZlprc1hCN2RMSDh5RmNtWjlXQlk3QzRKY2hjcFd2RFEwTEtJVndOc3h2OWZTNDgx?oc=5,2022-10-10,"""Flooding everywhere. No food, no road, nowhere to sleep"": Flood victims lament Legit News",0
Flood: Concerns mount over effect on structures - The Guardian Nigeria News,https://news.google.com/rss/articles/CBMiggFBVV95cUxPSXJtR2NxWDdkdjNIcmtpR25LUDlmWWF3RjBJRUVnRDU0aGtOWndTQ2h1OTJSQ1VFNXBYcTByRGtXT1Y3OUNWbTRNMms1TjBVTXlKaWNJWmhTQll3N2ZiMnFBNDZhSXZtTDFCWkl5NXFmVkwwZkxUR1B2c1o3a2s5WjVR?oc=5,2022-10-31,Flood: Concerns mount over effect on structures The Guardian Nigeria News,0
PHOTOS: LASEMA Recovers Waste Truck From Lagos Lagoon - Channels Television,https://news.google.com/rss/articles/CBMilgFBVV95cUxOajcwczE4dUp5cjVsbDFBS09zSk1OTk9WZUdxVVZFV0ZremRYRWlpVGVlYWFERzUyeDRDY3gxVms5VDFqRTRPeEpDdjBSaGpPOXJvTTNxUC0zYk5Ha3p0VkxmejBrc1ZHSXc3R3FYc3U1X0NNaTVmdkxtYzczNWVBWDNxTTNaRXVtNGNPVUR4RmpZZWxmU1E?oc=5,2022-10-23,PHOTOS: LASEMA Recovers Waste Truck From Lagos Lagoon Channels Television,1
Seven Rescued As Fire Guts WAEC Headquarters In Lagos - Channels Television,https://news.google.com/rss/articles/CBMilwFBVV95cUxNRGs1ODk3NU5sNmFIZ0RVTGJVejVhdXFWQmxHRVlkQTRSSlYxN3lHR0hUTUtsQ3dZblRwWXRtTXZ2SkRXMDlqeG1iMkkyY3BMajBKelFHUF9aMUMyb21DUnVQOUlOblRaclpmOEdMVkYtVHJ4MjI0aUpSbXI5bE9Tb2dENDA5MlNHQzN6RlRXOUpYdGw4cGpV?oc=5,2022-10-26,Seven Rescued As Fire Guts WAEC Headquarters In Lagos Channels Television,0
"Flooding: 23 communities on danger list in Ogun, Lagos - The ICIR",https://news.google.com/rss/articles/CBMiigFBVV95cUxOSmtfR3YzZmNmUHhVeERFM1pMM21QUkRGVWE2M2F4NWhtaW1JTy1JY2lSZDFaZmoyeFhKX0Z4OE5FNU1ITGpNcjdaZG9aWjBSb1pmaHZCbjktYm1Dbk9oRndLaE9TMnRpT0RRb2dJbi14OUtZczUtTHRxdzJuTFZPSjFtVU13YUtpaEE?oc=5,2023-04-26,"Flooding: 23 communities on danger list in Ogun, Lagos The ICIR",0
Flood light pole collapses at National Stadium in Lagos after downpour - Premium Times Nigeria,https://news.google.com/rss/articles/CBMiyAFBVV95cUxQcVZ0eU9Hc2VlazFkRlRraEF6WEJyU2NBODBENzIydjZxQmZ5VUU1MGJVLTRITnBhb0VBcHJXa3RoMEpMb2NFb2dYNU9oV2NvWlo5cXktS25rV0V0ZFMwbzVRcmZZcVRzQVBQZEIyaGczZmdIVmZmSnFPSTl0S0NydWo2Q09kYllMczlrdmkyYkh4S2FBY085eGpaMUpmeVFEVXo5T010dzhwT2RZdnIteWhfOGdXcm1hX3VjUUF0ZS1tV050dGVheg?oc=5,2023-04-19,Flood light pole collapses at National Stadium in Lagos after downpour Premium Times Nigeria,0
"Roads, houses flooded as rain pounds Lagos - The Guardian Nigeria News",https://news.google.com/rss/articles/CBMidkFVX3lxTFBFUEkxcV8wYi1FVlZyX2xSdEZpQ082dHUzMGFhX1p3cWdOcEVJRkVMeVZvaktyajBRTDhqaFJWSWVyWjdLcjhGZFdYRU5pUk9jMWg5X0k1Z1JOUTFfQTV5NDdtLVdIbnBYN2daMG5MYmlYMXJiZ2c?oc=5,2023-04-28,"Roads, houses flooded as rain pounds Lagos The Guardian Nigeria News",0
Food crisis threatens Nigeria as flood-hit farms cut back planting - Context News,https://news.google.com/rss/articles/CBMitgFBVV95cUxQbFJDS0tzM3dUQUlYVmhhX21kb25RUUhQSVpVS1hWS3dJeFdVSEFycXZoZ2JDS0ZsTW92eXJkQTJzN2tERkNFbjFkNWRiTzktbmd1aFBKQWdEWXpleXRrbEg2aUlvSEhNWXRNQ1RvUGR0SnFmMW5WZnN2cW5xTTc0SEF0WUctNVM5WTN5Z18yajMzVTU3VnpNRVZUZ2FXU2ppWjBRRWM4MGJiS3A0ZzEzcTh6bC04Zw?oc=5,2023-04-18,Food crisis threatens Nigeria as flood-hit farms cut back planting Context News,0
Here’re 4 ways flood can damage your car - Business News Nigeria,https://news.google.com/rss/articles/CBMiiAFBVV95cUxQSHF5Z2U5WjZTZ3dzc1h2TFR5ZXN6aEo3T0JDTWd4N1NaMzlTQVJBMXhJTXRGWHg5TjhscWt0S0xOVHlYUHpPdUpGbEF4eWc1UjNyMmxkbGFsOGtGSTlRa3NlTG1Gb2cyLXdXR0xlWXREUDg2R0tFMFE1aTNsYmUzVHMyc282WTNI?oc=5,2023-04-04,Here’re 4 ways flood can damage your car Business News Nigeria,0
"Flooding: Ogun warns Akute, Isheri, Mowe, Ibafo residents to vacate areas - PM News Nigeria",https://news.google.com/rss/articles/CBMiqwFBVV95cUxNaGxZZWFxUmg1eC1icnF1eF8yUG5kb245c21QaUZlVlB4NUFxS0FjSnhVOWpGS09DbnBia2dPQTFfZ01adG92TU04bW9fRGdRNjA1N3Q2ai10UDVzZ3hkSmJUYU5TY2tzRER1QlRhWUh3TTNmUkdxakFTZUQ2WWFHa0F6aUlRdnZ5R25nOGFMLTl4LWNJa05qUW5jdG9RWTh4Tzl6X0h5XzRTdGM?oc=5,2023-04-26,"Flooding: Ogun warns Akute, Isheri, Mowe, Ibafo residents to vacate areas PM News Nigeria",0
Lagos stadium: From West Africa’s best to national shame - Punch Newspapers,https://news.google.com/rss/articles/CBMigAFBVV95cUxQX085d1l1VkNjaDVVbXFfZWZZczZkZGg3dXBGM2t1Y1RjZzkzcG85bGx2TndzU2RGeHJZSU90ejBOczZKYkFWNTlSX2ZRUVZBSEVwa1dVb1h2dGM5aV9kY1Nka0M4M1lqeGdsbTVUS1JTbXoyZXhLR2RXNzdFUlFtRg?oc=5,2023-04-25,Lagos stadium: From West Africa’s best to national shame Punch Newspapers,0
"Property Destroyed As Fire Breaks Out At Flux Logistix, Lagos - Channels Television",https://news.google.com/rss/articles/CBMinwFBVV95cUxOd3J2Z2VmWE9DVm5lXzBKd21FWU4zWGZvV3NpS1B1Qy0yNEc0aWFNbVJwc3dPYk1nenRYaUVrTzVXTGtDQkVyaDJOXzlZdW9XdXRYUVVqRDhpbHZ0ck9MM0lxRXZRV0k3SkRZTnMzVHNBV2pLVldGZ0lNUkJGQ29sNDJJYVFVNXhSTnQtT1NYS3ktdTVOUk1hSV9WZWZVOW8?oc=5,2023-04-02,"Property Destroyed As Fire Breaks Out At Flux Logistix, Lagos Channels Television",0
Out-Of-School Children: Lagos Moves To Leverage Digital Platforms To Address Menace - Independent Newspaper Nigeria,https://news.google.com/rss/articles/CBMiqgFBVV95cUxQQ3ZNVFdveVlGZmVhQy1NS1h1UnhfTnNmZTlCU3prQjZXZ1VFbW95c0RFd2JtVzNvQThqUWN5cEdLcDNBSjBYNVg0TWw4NjlNZ3JyRVF4VWdiMU03Unl6UlNTdmxXMFB2SW53TjJuMDRVQUxmbVprOV80bWFQd0xkM08wNnR5TDFaRW5ZY29EYlhjTGJQbDdibDdJbjJsSlFnX0ZVcmNSOGRxdw?oc=5,2023-04-27,Out-Of-School Children: Lagos Moves To Leverage Digital Platforms To Address Menace Independent Newspaper Nigeria,0
Why we demolished 13 buildings at Ajao estate – Lagos govt - Vanguard News,https://news.google.com/rss/articles/CBMimAFBVV95cUxOdjFIMWl6RHh6TGNmNU12SmVMRU9Hc3h2bU1PbFJydUlWbVhURlZSTEd4MzMtQV9MeFhwcGZyTVNjeTAyYmRDdTNNc2p3VTdYMnE1MWtuV2xvNkZUb2NYUXpNcEU2bXBmSl80eVVtWFVEejYyUkd6WGpjbnhvYXc4OF9NYlV3TDRxM1NGUE5ENzUtZDhGNWtrMtIBngFBVV95cUxQWU9vbFdhZUpLZVJkbm1DZ1BZenNCdE1KYTNVVFdOWWRnSThqLUg0eEIwcFVlREpJaDFYMWRwSmZGVlQ0VUJKN0hEcEVBYXJoWkNuSm5qZVpTS2lhUFFqNVBXYnI5eUwteTdJbUR0TDhTTlpJRk93dnMyMEhtbGxRTTdFS0tCTUE2Ni1iWm5aaTg1WHJNWWxEQ3piZUFQZw?oc=5,2023-04-30,Why we demolished 13 buildings at Ajao estate – Lagos govt Vanguard News,0
"Athletes, officials panic as National Stadium Lagos floodlight collapses - The Guardian Nigeria News",https://news.google.com/rss/articles/CBMingFBVV95cUxQWHJPOHVXUzF3U1pLMUk5OWFBY0ZDNkdUSHp2aFhBQlVQVEJZYThRNTVWLWpnaTAyU0p1YnFobWdwUnVBdlU3VWluNjRoSEdJc1dzVWZzNDdZVUdOcHdKVFRhczg3SV85VDFjdjFwc3M3OGRuNk1DQ2tOZ2UtVVB6ZThvLWVMMlBGaVVnN0hfOV82SW9jeGFHbWY1ck82dw?oc=5,2023-04-20,"Athletes, officials panic as National Stadium Lagos floodlight collapses The Guardian Nigeria News",0
One Body Recovered From Collapsed Banana Island Building - Channels Television,https://news.google.com/rss/articles/CBMimwFBVV95cUxOa1RPbDdaZDZWLVJzRlAzYm1wNE9SSjA5aUEyZGR3eXllc3Y3elFlYzNmai10ZGIzUjMwb2s4WTNKMDczbkFWZ1dIU0laVng0UlpMbDRKWGpPZENjaHRDa3VYVWhVOTFjcDEtTFFoQ0pCV2hLZ3JIS2xnaFlQLU52cmplM2RhUDNBajVlU3FlV1loMlh4V2hzNXlUVQ?oc=5,2023-04-14,One Body Recovered From Collapsed Banana Island Building Channels Television,0
Insurer warns Nigerians over 2023 NiMET’s weather forecast - Business News Nigeria,https://news.google.com/rss/articles/CBMimgFBVV95cUxPOTdsZVFwU1dWLTRYSUdOYkU0Q0hMbVpqX3pDclBsQjd5Y1JHOWE1ZDRicVdOOHoyaHhJYzRmd18wNnVfUUpldVZxVnFBOVM1bEViWktPOGlGSzgyN09ZV3l0bnFuUXpheTZIMlpmLXl1bWJNOWdGZk04OHNrVGNKcmdkZzF5T2Rycm5hX0N0UnBGMlJteHJHWE9n?oc=5,2023-04-25,Insurer warns Nigerians over 2023 NiMET’s weather forecast Business News Nigeria,0
Abuja residents panic as flooding looms - PM News Nigeria,https://news.google.com/rss/articles/CBMigwFBVV95cUxPaGM4LUUtS19FYU9BSDRmRklGNFBGZlUyVlpoNUpUTVp5RjBIUWJGZjFXWUpMZWZ4ZjM2dGIwQ3p1SzFFR2NRZ1o0ajBIMDVWTEd5THJmcXFBSnQ3Q0JZcTdDNi11d29LWmwzNHF4bXAwN1loSXF2Y0lCYm83eHkzaFpHWQ?oc=5,2023-04-23,Abuja residents panic as flooding looms PM News Nigeria,0
Are 'sponge cities' enough to curb climate-fuelled floods? - Context News,https://news.google.com/rss/articles/CBMimAFBVV95cUxOV290WVd0dmdZeDk3OTQtSmFZRWFhNDZDQy1VSDRjVUpPZ0FMTFUxTHkybm5Ma2hkN09NQnlXeEtteGZIbHVaR3hBNGJtdGowamNva2VZek9icXZ6c1hQSWFTNU5pS1BpM0JiRnphVG9ucnBHVEp4YXliV3FYOWw2anNmRU5NVTQzSW9sT3lvRkVmQ3JKT29qQw?oc=5,2023-04-18,Are 'sponge cities' enough to curb climate-fuelled floods? Context News,0
Flooding: Abuja residents embark on clearing of drains - The Guardian Nigeria News,https://news.google.com/rss/articles/CBMihgFBVV95cUxNRlIxVDVqNUhHcFFjTjUwTXMyS3pCc3VxQmV5ang2b1RGVTVHTkQ2SUQyd0ZBaGRvcmFGWHBsSUJqMm9xU2xVNkZVV3doZGJVZVlpUjdwT3k3cGlXT3RzSXVTU2M3eUJuOVFZM0xlWVVXMG1hdXVYcjltMUZIMGR0d0xWRnpqdw?oc=5,2023-04-04,Flooding: Abuja residents embark on clearing of drains The Guardian Nigeria News,1
Unilever Nigeria strikes $2m plastic waste collection deal with Wecyclers - Vanguard News,https://news.google.com/rss/articles/CBMisAFBVV95cUxPRUVIUGNmUE4zdkx2Wm1fY1FYbVE3bWU2QVd2WjhRMGpuLXplRzExSVFSaWpBTHpCbTk2VkJ0M2RpaVhTY3JWVkltX3RBLUZPT0dMcnk4bzVKNnZnT0FSZV9qNXhvNlFMdmFtUkJpay1TdF9adllFNEZnRkt4M0NlYTRfZk15c19OdlFzWFpEZDNxZ2xHN1NneGRsQ1BmM2paMlZ1RWdrVUZteWtXeVBjd9IBtgFBVV95cUxQbUY1aDRQcFFIdnRWd3dBUWxjNDMxYkoxNktLOWZKUkVySm5zTUdYS2FYaXZ6eXZ2UC1ranY1dVcxYjZIUkdUdm4xdU5PLXRjOExlWEwwa1h4ZEdMUzl0eWhtZFBqTlg4UlhXY2oxOEUzbGFEcHdzUWpkMEJ3b3dBWTJKM3BCYkVDb1dlWHVYZTlMeldWRXAxYlBKNEFZLXlfYVpVeURNZ2hMYUhqRnNyNHdad1dwUQ?oc=5,2023-04-18,Unilever Nigeria strikes $2m plastic waste collection deal with Wecyclers Vanguard News,1
Sea-level data shared by climate skeptics omits global trend - AFP Fact Check,https://news.google.com/rss/articles/CBMiWEFVX3lxTE5NTnh3QUd0UjVIZ3djelJUR3RPWkprbWVXd1oxZ2JZQnNwbmpvY092ZE1ObnByVWVQb3VOR0hKQlEwZVF5cndFREljaVdPaVQxLVZvenVIeFM?oc=5,2023-04-17,Sea-level data shared by climate skeptics omits global trend AFP Fact Check,0
Waterfront real estate remains bullish amid challenges - The Guardian Nigeria News,https://news.google.com/rss/articles/CBMijAFBVV95cUxOaGVqNFgwOFlvM2ZrT1lJT0FUXzliZmxKb2hZNjB5a0xCcFpGcEhSVWV3SWtqUHdVUE1ibTBxSFYzUEk0MGkwemk4b2RpblM0LTJaMGFncW5iaTlqT0pYeG9IaVd6SkV3SHAzVTNvVkZZaHFLWU9tNEVtNkdxSDkyaU9zMzRMdzhkUXlxOA?oc=5,2023-04-10,Waterfront real estate remains bullish amid challenges The Guardian Nigeria News,0
"LASTMA officer gets N100,000 reward for service to community - The Guardian Nigeria News",https://news.google.com/rss/articles/CBMijgFBVV95cUxORFdBNFhpZEg1THdtTEl3N3h0cWttX2h6Q1V4emxhQVpzVTM0NlU1UWtVREZUNUhLWWxXcmREbC01X3hQOExHZi1uMWEtTW5KUlBRODdHNWZJRHJ1c1lyVHBRR1JnY0VSVDlITTU3alY4ZmNKQ1ZKVEU0T2VZRlBLVFZ6M2t6SE95R214Z21R?oc=5,2023-04-27,"LASTMA officer gets N100,000 reward for service to community The Guardian Nigeria News",0
"PHOTOS: Flood takes over NPC, NYSC premises in Lagos - thestar.ng",https://news.google.com/rss/articles/CBMif0FVX3lxTE5YRlRNWXRFdkgxTmRxdy1DYlJYSTFvXzNSeUpHV1dBZGJqc3B1cTZGTkdyYWNFWDg5MFh6b240NE9QR3g1ZWpGaU5ySjhsSUgtQlZ6VWdra3AzNW5hekQ2MGM4V0NmdFdrQ0FLb2hyYU1DZ1M3RE9hRUFoMi1XaDTSAYQBQVVfeXFMTmRsTWN0R21HbTAxTVZ0RW4zeUJ4RXJ5U1hybTdzQ2pwang1VHR5V2xac3V6VTUtU2tMbWk5MDdrTS02d2Z0eG5Td1hUUVg3RXVoZmFIQlZaWFJIUlZmQnlFZkEzXzRGbE1JcGt1V0tTRl9nY1B2dkUtYW9pcTBpR1RmcDNa?oc=5,2023-04-28,"PHOTOS: Flood takes over NPC, NYSC premises in Lagos thestar.ng",0
"""Always ready to help"": Lady narrates how Lagos agbero came through for her - Legit News",https://news.google.com/rss/articles/CBMimwFBVV95cUxPZm9zaVZUOHhNS2FwcUNjMEJ2d3BtSS01MThLczFjU0MtdGpaTENuUmc1bDhjRFhlY1VhNDg5M2VONVJCTE9PSmdaTHpabTRIUTlzRmtJQ2Zyc1k3RjV6SXRTdDdsM1lkOVRtZ2RUR1VMQ3cwZVl4eFBuRnd0OEFYR0hfUUJEaTRUdlh2MWlXTW04RVh6NzYtLUQwSQ?oc=5,2023-04-12,"""Always ready to help"": Lady narrates how Lagos agbero came through for her Legit News",0
Air Peace Resumes Operations in Makurdi - Abuja City Journal,https://news.google.com/rss/articles/CBMiiwFBVV95cUxQbFhKRmNOUFhtU1IyMl9mdjFqT0NKRmxPZEFDcmVNd1VXODhMMjNRTGNEZzUzZnBSdDhueDE4c1RscFV0MW1TY3dTRUJfZXZsZEhhZ0dIQk10TXFUOWh1OXBacEZGSFRWOS1RX3gtUDIyR05HRGNmME5iRWh6SzItU2VHWXNkT2Q1ZFZ3?oc=5,2023-04-18,Air Peace Resumes Operations in Makurdi Abuja City Journal,0
Bill to Stop Medical Brain Drain Stirs Controversy – PLAC Legist - Policy and Legal Advocacy Centre,https://news.google.com/rss/articles/CBMigwFBVV95cUxPVkRlb0FabVdsOHE2ZTRHblpLYXFMWDY2TkRacjl6alY5MGxpNE81Zk1haTBSanpoOHdETFNVX09xM1FRUThuSTAzSDh3QXdNS3B0TW5HcUstYjlqT2N5cS1zTjdSQzg5YXpkXzFqSzVOZWYwOXhMY3ZzQXA2ZV9hOFVubw?oc=5,2023-04-13,Bill to Stop Medical Brain Drain Stirs Controversy – PLAC Legist Policy and Legal Advocacy Centre,1
Panacea to perennial building collapses in Lagos Islands - The Guardian Nigeria News,https://news.google.com/rss/articles/CBMijgFBVV95cUxPUHE0MTMwWEYtTFZGamMzNU1hVXB4Rm9TV0x5eG1NRmJEckNuRmdoTmlEcmpHd3JmMFMtYW9hSXVsbWc3MU9NNjduVjlJalVpRUlybE13Q1FMdV9PS2V6S2xUbFA2S29QY2l5NFNIaFFkMkRoeS1YS2dwbzZ2cXhCbjJYYWIta0NrMjJ6MXl3?oc=5,2023-04-24,Panacea to perennial building collapses in Lagos Islands The Guardian Nigeria News,0
Lagos-Ibadan expressway to be completed in April – FG - Daily Trust,https://news.google.com/rss/articles/CBMigAFBVV95cUxNVEtaY2RUOUY0M0VBLTlCaDl6a0tlZUNFN1VKM2VacUFkTWxuU29RdVBIaks4QzZZTDc3YWZIc29PdmR1cmVfcEpTMzVUN2lPV3VObGVTYXpnNkZmaG9OOFdWTHl5YVhxRlMxTFBlOVZFVl8ydFQzQXFuMU5iOURtMw?oc=5,2023-04-05,Lagos-Ibadan expressway to be completed in April – FG Daily Trust,0
"Bill to curb doctors’ brain-drain: Doctors plan court action, lawyers back them - Vanguard News",https://news.google.com/rss/articles/CBMiswFBVV95cUxOLUczNG0tOGZnSUNRNzBqdjYza2l4MkNDU0M0eWxVZmkzZUNhVFNDa0xmRlExM0NFUnlRN0ZlMUwxUGlxVTBSZnVHUTVmV3BvSFhhQU1rWWFaY18zNW1IVGk1aktNV2RWalBzNzROV3JVaTEzQVlMSTF4ZkpXMV9kSll5ZVpWajFFZVd5ZHE2QWRMSXNEQ3lnTExNZGZuUWRQdDhMWU5aRUR1VGFaME9aYTRpQdIBuAFBVV95cUxNS0xQX3FKV0d4aUFkc0Y5bWktWVdXMGtVem5UVWRkbzl1eEcyLW1wUGVSUzdBZkRDcV91U2h2SXNqb0VyYnBrUmFuVVNuZmhnU1lOb0hjOG4wSVpWbW5PUVRfZ2ttVEZvQ245ejV1VDdja3BJY0FNWDhLQTVPR19URTZ6ZllaeWN2RlZlRVlRLVBHUGt3NnVqR1FidW1ZbGdQenRGWW9IdDdOcFpkeEFCa2tmY2hjWFh1?oc=5,2023-04-15,"Bill to curb doctors’ brain-drain: Doctors plan court action, lawyers back them Vanguard News",1
Mixta Africa expands Lagos new town development project - The Guardian Nigeria News,https://news.google.com/rss/articles/CBMijgFBVV95cUxObWptcWpILUVpVDY5UlJKbGtuVG1LR2RUY01jMmpJSUVuekxwU2FtN0FlWlMtTGRWSVhxSWdGQmsyMFVkanY0aFpyRXBvdDB5Y1RaeFJvNTBTZ3pyM2JJdXBWVUxRZTZaMlFPTlEzaHp3U3ZfY3RCZWdlZzZzRlNqUE1KcC00RUZFdVBQTzZR?oc=5,2023-04-17,Mixta Africa expands Lagos new town development project The Guardian Nigeria News,0
"Flooding: Relocate now, Ogun warns 23 communities - Daily Trust",https://news.google.com/rss/articles/CBMie0FVX3lxTE9IdUZILWU0QUdlYjRucXhtQjhPdFplX3owcHFfR1lfUXF0R1BTVWVXc2VJMW5zMEhqTEtESkZkZ0VpR3luUjdpZHRtRXlwUU14S09tY09Jdm1nS0tKanFtNkxoaDBvQjlTQlJlTU1LSnZHODNTU0I2U2FOVQ?oc=5,2023-04-26,"Flooding: Relocate now, Ogun warns 23 communities Daily Trust",0
Five years mandatory practice: Medical doctors draw battle line - Daily Post Nigeria,https://news.google.com/rss/articles/CBMimwFBVV95cUxPcEgwMWY4NzFuVkE3SUZRY0pYNEQtVTdENUFweW1xSWg1WWlTRWVWQ0NpX1ZoMzlJd0ZNQmRmUHN0ZV9yMzdrbl96VUJvR0YxWS1qaDVhdFp1X1dpNEhOVVNVQVdTTl95S1R5Y1V2V2ZGRFBwWE53QmU0RkZPTnMyeXFFX2VyeFJod0hfRi1VbFFrZVJyY1l4QjdHdw?oc=5,2023-04-12,Five years mandatory practice: Medical doctors draw battle line Daily Post Nigeria,0
Controversy trails reconstruction of Aswani Market road - The Guardian Nigeria News,https://news.google.com/rss/articles/CBMiiAFBVV95cUxQbUFRVUVDb3Y4UnFNdjQ1SGljcjNZOXdUTE5BMDRfSDc3eWU0czBKNVNzQnZYNnROU2hTc0RIc2lrMXBRS2tUMDEyWUpGU3lxUmZMUzhJNndodVBpYm15bmp4YXB5Q1pfTkdOdG84dmNkUzdhbzlPem5rbTdfLWdtTlEzYjM2T1FB?oc=5,2023-04-26,Controversy trails reconstruction of Aswani Market road The Guardian Nigeria News,0
"Agbele, Eruwen Roads Construction Ongoing Steadily - - theimpactnewspaper.com",https://news.google.com/rss/articles/CBMinAFBVV95cUxNQ0pEMEg1QkctSTdtcWV2TllKaWNLbVVSQ054ZFJOTzJERHJ2Tk83SG11a2duLVdMTURfYlRiMHUwdkJBODY0TThNdFRtYi1jQTFFTG9idU1OTFExYlA1U3ZmU01RNDA0R0ZTa1YyU0s3ZTVyQlZkYmFlQ3ZIQ29Yd0o3RmsyTF9DMExzU0N5YUdxTE5VVVFlMUIxOHg?oc=5,2023-04-21,"Agbele, Eruwen Roads Construction Ongoing Steadily - theimpactnewspaper.com",0
Founder of Adonis American College Charges FG To Address Health Sector’s Brain Drain - New Telegraph,https://news.google.com/rss/articles/CBMisAFBVV95cUxQakQ5bXY1NkFEQ19yckJzYzgyMm5FNW4tMXlRYkFKU2FXS3pqYV9paTNPZzVjNHl3YkJ5R0k3RGtabE9jUHNUelQ2ZC1vRzZyQkM0NXB4T0c5cGJzYkxsZWNlXzBzZ1JzMzFzdWM4czRzbUh4Z0RvcExsbU5kX3NmZl83WHJEZmhsckg0Z1pUTDB2VURUNEdEYUZiNnJ2eDliZTJMaGFHaWtCWFNHbTlBTg?oc=5,2023-04-15,Founder of Adonis American College Charges FG To Address Health Sector’s Brain Drain New Telegraph,1
Three storey-building collapses in Lagos - The Nation Newspaper,https://news.google.com/rss/articles/CBMifkFVX3lxTE5DaFkxenVIYXFJc1ludWdDNTRBUWpUYy14TlNwSTc3WHN6Ry1xWG1OYUN0ZmZoQkY1c2RQNGtHWVJUU1VXR0ItQWVjRXdkbmY3ZXRpejJlYnY5UkZWX2JWYXc4YklWbHhhQm5BenMxSzBPeWxLTGtsUmZBS3V1d9IBgwFBVV95cUxPVEYzeE1DRF9peDFlMkhCSUkzQlZYaWtyU1VSREFacTFFcGF1YzZaSDJ1QTBwRlJsTW54bWwtajYtNWV5YlZLdXktSHV6VkRmd2F2aGRDUDdXOTNoX3VKNkRlUXQ2Tm9QdzFjSk5adkdMRWJpQ29jTFgtNUxseUJ6d1ZZYw?oc=5,2023-04-24,Three storey-building collapses in Lagos The Nation Newspaper,0
NiMet disowns forecast on severe lightning strikes - The Guardian Nigeria News,https://news.google.com/rss/articles/CBMiggFBVV95cUxNb0tlYlg4TmV5TmtsNHZOTUFWS2w0VlMxeUViSGlsOGRUQ3lQS2ZjWERCZ0YyVG5OMUJjOThhd3AxSnF2VDlvaWpvczdtdUFvc0txLUljVHJzVVhUQ0lHS2F5U0pGNEU5RlV5QTQwVl9WWDNUNXFZMTRaQ0pzbzBxaVV3?oc=5,2023-04-25,NiMet disowns forecast on severe lightning strikes The Guardian Nigeria News,0
Lagos State Police Command deletes tweet response to David Hundeyin - Business News Nigeria,https://news.google.com/rss/articles/CBMipwFBVV95cUxPOE8tNWVtX2hSYnBwQTBELXVsaEJOLVA3YVJDRkgtdWtZR3hKa2loZFIwYXdPcjN3OFdtdXhjX3JZaXltNjRiWFVUMHdfbGFIeXV0ODQ1VWVEdlB0WXhuaWRWR3dKaWstU2VtNWxtTVNxX0NRX25HdC1nV1RPWm5DT1Q1N0FESE5nUzZweHNwX3ZfZ2lNdUtZSC1XdmxHNkpTLUhmWFYydw?oc=5,2023-04-21,Lagos State Police Command deletes tweet response to David Hundeyin Business News Nigeria,0
MEGA PUMPING STATION TO PERMANENTLY ADDRESS ISSUE OF FLOODING IN LAGOS ISLAND TO COME ON STREAM IN JULY – Lagos State Ministry of the Environment and Water Resources - moelagos.gov.ng,https://news.google.com/rss/articles/CBMixwFBVV95cUxPM1piR21KZFg1bXQzVXBCYzRNdWpDUkJ2Z29LLXR4N2pSVG8zcUJJNkdqZ1htcTN0b2hvWHJFUDEzX203bDdEYy1uNkUtQWlNVG9LNUs5SmMwSDZlN1AzV1hIZUc4TE5fQ2ROX0dlN013dXNHQzBxX2IzX096Y2FuRExxX0pHcElwY2xUdkNqZHFsamRZTjZZLUctbUhhN0JDV2pMOXRUekxxUUZoSHFOSDB6S1pQaVUteU1xeXpvVVBoUVR3ZFdv?oc=5,2023-05-03,MEGA PUMPING STATION TO PERMANENTLY ADDRESS ISSUE OF FLOODING IN LAGOS ISLAND TO COME ON STREAM IN JULY – Lagos State Ministry of the Environment and Water Resources moelagos.gov.ng,0
Inside Lagos Estate Where Residents Are Getting Ready for Disruptive Flood - FIJ NG,https://news.google.com/rss/articles/CBMinwFBVV95cUxNWDZVZnJzc1NpdlYycVlLTUc1QkotNzRlQkxfMGVQRVN3WEFwZ2k2X3Q2bVdKcTV0bTBxUDdKZmxPWmRVZWlXdklfVFhmZGRqUDdrNzVXRVRtUGtOSGtKUGpyOUhkSHJLNjhIWU5wdU1yWFFPUmM2MHltekJEclRCd0ZZVzIyNE5CRzVlVUNCOC1GcWlVXzZRT2w0OEZ3RXc?oc=5,2023-05-30,Inside Lagos Estate Where Residents Are Getting Ready for Disruptive Flood FIJ NG,0
"Sanwo-Olu unveils dual carriageway, bridge linking Ogudu to Alapere - PM News Nigeria",https://news.google.com/rss/articles/CBMipwFBVV95cUxQM2FwazR6TE82S01ScnNlRWhUR1pmR2FxcUxDaDB2d0VNUWRrZXZ0UTVFSklxOWNjQUtQUWo2RFhvWUx4MnBJT001SS1EMDYzRERoc0J6TmNEdUVqUXIwZXNldTZXY0hIY3V6YXhHbm5hNDlvT3I2ZlJ5M0N1bkdRZ1NFLUZtRG0xNVgxdVFjSGo0eUVSRENfekhYam5SRUJxTkRxeHFhVQ?oc=5,2023-05-26,"Sanwo-Olu unveils dual carriageway, bridge linking Ogudu to Alapere PM News Nigeria",0
Rivers Residents Complain of Flooding - Nigeria Info FM,https://news.google.com/rss/articles/CBMijAFBVV95cUxOaEVUb2dZZDNhUkNGeXNXLVdsS244bHN0Slh3WWZUQ2lFbW9HLVNXamQzSDdoc1B0b1NiVTFqanF0bWxnRzZDSHhybGIweVRuZXVvdlh3ZTFaUUZTVnp1VUlnQzl0MXhpdEZMak56ckJrUm83UGZLWXUxUzRPSXVpMkhwYWVDYU9waDRybQ?oc=5,2023-05-26,Rivers Residents Complain of Flooding Nigeria Info FM,0
Patients suffer as Nigerian doctors’ strike enters third day - Premium Times Nigeria,https://news.google.com/rss/articles/CBMivgFBVV95cUxPMGdRVi1SUjlNVm1ub2h5YlM0MnRDb05DcGVwbVd4R1B1Y09aaTdoQk1fRW9aV0JDdVJPNjU0VnJmQ25oLVE0Z05yUVJWRng0eW1pdU42Yll0OWdpZVdSdWtYNllFVjBSZ3pmMUxudlVxX1FDMGJZSk1hNUV6cXU0VUlVY3B6UXI3ZW5NYy1XZk5rWTJTM2FuNHdvRVhtbkZiNTBNOHpwU21qbnJoWXRVUUVYRzJiMDU5OXZBNmFB?oc=5,2023-05-19,Patients suffer as Nigerian doctors’ strike enters third day Premium Times Nigeria,0
"cmDesign Atelier built family house with crisp lines, geometric patterns and solid walls in Lagos - World Architecture Community",https://news.google.com/rss/articles/CBMi6wFBVV95cUxQaFE3Q2lFcm5saHNNaGhNaGM2N0xNcjV0SGxCQmY3ZjlWMHZtdHAxNHhLRG9VNm5veXRBOFpfYnk2R1NqZ25GMTNXbGFjWVpNS2ZVcHZKdDFRRk1hei1iZmNaNUVqWU92dlZvcnlGamRybWZvWTRsTWE4WTk3TFJJeHFGOVE3OEtSWmM0RXI4QUZPcFdKamp4M0R5d2h6cFEzVlR1S1gwTTY2VVBtVVctN1lGaWJ2Uks2b3h2Y3pUUlptVzRmSG1ZeFFtZ0hPNlZDeGFPdTZqdTJ2eWpGUTdOekFWQzVaSzlWN0N3?oc=5,2023-05-01,"cmDesign Atelier built family house with crisp lines, geometric patterns and solid walls in Lagos World Architecture Community",0
Brain Drain: New Report Puts Percentage of Professionals Willing to Leave Nigeria at 52% - Arise News,https://news.google.com/rss/articles/CBMirAFBVV95cUxPb3pDdm9UVjF3Ri1VTmk3VjloN1B2VDBDVUZRNFA3THZBVXJEU1JtbjQ1WnNNbFl6SGtPWVpYMFFYelAtZ1A1Mkl2azE1QU5OV0Q0Rjh0UUx5dnZRVUJRbkg2Vl9tY253bkxVeGY5aU9DYXZ0UkhvWldlMnlnLW04Y2ktN1pnbzdfMkwtdk8xM3pnVTczbDQ4TU5pb0J5YlE0cldNcTJDNFdQUkxI?oc=5,2023-05-26,Brain Drain: New Report Puts Percentage of Professionals Willing to Leave Nigeria at 52% Arise News,1
"Traders, residents lament poor state of Olodi Apapa road - The Guardian Nigeria News",https://news.google.com/rss/articles/CBMiiwFBVV95cUxNUDRmRnU4a2JPc01UYVRXNlhIbFdpX3oyYzNFUUdkUWtuc3M1Q3JVOWNXVElxeE1YZmhtZXBxSGw5WFdrX3JtQlZ5aE5leE5oZC1NYjNwWjJsX1FFT0R1Z0tRUERPTXJJRUVNbktrZmRuVmljWFdZRW1HR2hRMlVBemx5Wmdsa2xsc2dv?oc=5,2023-05-17,"Traders, residents lament poor state of Olodi Apapa road The Guardian Nigeria News",0
Imo monarch commends subjects for their support - The Sun Nigeria,https://news.google.com/rss/articles/CBMidEFVX3lxTE1lUVZla0dKejNVd2Nxb0YzQ3YtZzRYNlNrbklrTTFwR2pVTGhzWDV4MkxKTV9aZW1oY1F4OXBFSHZXanFpd0FaamN6VzZTYm5KUk1nVGpKMkx4SFE2RGNNVDJaeU5JZ0JXS2NmSzZwSi1sRkZL0gF6QVVfeXFMTjh6LVNMVEZQWXUxYzFBcXRsNTdqU3ZHSHNEZzZLZE1kUTgwSXN3NVd2X0ZWeXc4d1ZWRFJ2MjZpN1NQSkg1UTlCNlRabkVUTnQ4TUlwTXVCT3hCdkZhaUd2VDYtSnl3eVF3Z2Y1RHNSNXZSb1d2ZnRLbGc?oc=5,2023-05-03,Imo monarch commends subjects for their support The Sun Nigeria,0
Nigeria's outgoing president opens major oil plant - ET EnergyWorld,https://news.google.com/rss/articles/CBMivAFBVV95cUxNVzJ3X0drRVlxZE1jN1loc19hXzNQaGRhRnYwM3NnclBjVGhfV3V1Q2I1MnlrMmNEQlI5M2FxV3B0czVYSGswdEpsQWpEZ3VkOTF5Z3hGSk5HWldXVjUyVDJjd0dtekNSM1luRDUzekVhTTFkV3otaXU3QW9neDU4QWJjaXpCM0ZsNWowb21rV2FCOGhQUDNIZGJxVVpqZUk5QlJHOHdzUmpNQkp5MGxtVHRIZFA3bEJpOHZpNtIBwgFBVV95cUxNdThOeDEzYkQ2S2RyZkJhV2MwQXBTcGtKQXlZVEhBRjg3VkgxbThSS0hJNFhLOUJzSFpBQ0VHNWZ2X09Lc3B5dFRUZVRNeXk5UFdmSXp2ZXVzWFlONnducnBkMXJzbEN6OTl6blNHTFJYdGdIZ2NaOS1IT3ZyRUlIX3JjWTBaRk12WFJVbG1kbVRxRTVMOUhDY0hiMVllLUh6bFZDeko5LUlLSUtTYXkyQ2ZFY2NXTTBPTjl6SG1kYThqUQ?oc=5,2023-05-22,Nigeria's outgoing president opens major oil plant ET EnergyWorld,0
Plastic waste puts millions of world’s poorest at higher risk from floods - The Guardian,https://news.google.com/rss/articles/CBMiwgFBVV95cUxQMnI5NmNHOXJWbHVaXzdVS2JCQ3M4VFAzVzdkRW5jQjZWaTdkRzNvcjNOekJ6UjRmeVZGVUxnOGNuSG9BZmRMR2NoNTlmU3ZtVzZNLWV5Nmk3bzlwOGp3bEMzS0lMMFJIcWdXWGttRk05LWp2TXQ4NEZUWFRCWmY4YmstaVRWMDJVXzB6S0NHZDhDd3VoVF9EeTdxd3Q2Nzhna1FwM09EZ1ZkVVZ4QUx6d2M2YUp3bUdXby03aTVRaEs1Zw?oc=5,2023-05-24,Plastic waste puts millions of world’s poorest at higher risk from floods The Guardian,1
"Ogudu-Alapere link road: Sanwo Olu tasks motorists, residents on maintenance culture - The Guardian Nigeria News",https://news.google.com/rss/articles/CBMirAFBVV95cUxQRnZrVkJ1THJtMDJ0TFRyajd1UHVsRUZiOExZYmRmNlN4b1BHcFRHcG9RY1luczZhXzVHS2Q1eC1JbDZJTmVwRDVXU1RDTkFCbHVQTVVqUTN6NkhQbTVERVE4TER0U3ViSWRlU3poWGFoczVBdWlZai01ZFk3SWY5YmM1NXdnOXA1UzZNaXRvd2VQMEdWTGNJQTVPVWtpUG91bFBpQ214S0t1amo0?oc=5,2023-05-29,"Ogudu-Alapere link road: Sanwo Olu tasks motorists, residents on maintenance culture The Guardian Nigeria News",0
"Sanwo-Olu to commission housing projects in Gbagada, Odo Onosa, others - The Guardian Nigeria News",https://news.google.com/rss/articles/CBMimgFBVV95cUxORzFJTXlCLTRjVTBBV0MzWW1RNGpwUzhJTjBuWk1xOEFoeGZRQzMxd1h3dEw0U0JGdEdxTEhZQnRwTm9zV3p5RTJPUGtMSkxtb1RkTkVQYmJDOUlralQ3M0wwend0YXdzYjYzSTJ3YUgxQk5xLWFiY1VfQ2V2UzRaaUI0VXVuUWdVTXdBZmRMSFR3Y1pCYkN3UjF3?oc=5,2023-05-23,"Sanwo-Olu to commission housing projects in Gbagada, Odo Onosa, others The Guardian Nigeria News",0
"Lagos State Government, UNDP, German Government and the Insurance Development Forum launch a Flood Risk Insurance project to cover citizens against urban floods in Lagos State. - United Nations Development Programme",https://news.google.com/rss/articles/CBMi9gFBVV95cUxQMU92SzJqVjF0elg0WExXTjk4T2ZYcUhRanRUM0J1bkVsN3BjRjBTQU94elRGdkZjX3dIaHBRblNiS0gyNHZwRC16M2kxWFA5US02N0ljWm5VTFdZcVZRZkxnMWhVU0Nwc1Nxa012VFU5VmNjVFUtS2JKUVMtYTlxZU5DSk9YVnZFNjkzZUlIOHRrekhZSUtLTks2S080bzZScEp2VTdkOEdTMUpoVEw4ek9jdlpDOFItb2VheGFscFZTazBZT3dCc0NfQTBVb2FBYW1icnpLUGxibjdVOTlfdDRpOU4zTk9zV1NXT285d1JNUElieUE?oc=5,2023-05-18,"Lagos State Government, UNDP, German Government and the Insurance Development Forum launch a Flood Risk Insurance project to cover citizens against urban floods in Lagos State. United Nations Development Programme",0
"Windstorm destroys 98 buildings, 13 electric poles in Lagos - The Nation Newspaper",https://news.google.com/rss/articles/CBMikwFBVV95cUxNc1lnVXBzazdWU1dfamZ4RVJ2OWpNMWF2QU8xeVM1d2xSTWNNWGlWakpJdVJkcmtTYlNfazd6M3VyYkY1dGcwNlNRVVFfTTVNaWcwOXdMU1o3T2hIVVJ2amRfX0dnOV8xRHVjVGdQZnktUUhCeFppcWV6TGJ4MlFEU0Z6dFdmOUxVeno5ZTNxOGlScE3SAZgBQVVfeXFMT2Q3NmxzMENzeFRTWXlld2VIeTdwblFzczR3VVdaUGFqYmZjZDQ4dHFMS2hLY1dneDlPU2tTZWJZUjhoeXJ0cG1PeFFvallZblM2TWZ5SW55enI1Nl9FeC0zNmdmRE5kZEkzbnoxNXVjSkxCSTlRSGs5UlFyNDdCY2JjNTVCakhXV3VJSTBFMHhUclNGV05paU0?oc=5,2023-05-15,"Windstorm destroys 98 buildings, 13 electric poles in Lagos The Nation Newspaper",0
Badagry LG chair urges residents to be conscious of sanitation to check floods - Peoples Gazette Nigeria,https://news.google.com/rss/articles/CBMipAFBVV95cUxOWVMxdFh6V1prdFpQNFJfeERqOHlWSEJIamNjX19ZQWtVMkRhTHhTZzFDY1hEOVBoUUNxY1JlYk9idEFFQlBweUE3RWd2TmExdHY1UUExenlUeXNxM05fVGxkTUpTcWNaS1lackc2aUs2NnJwZnFCckZqb1lKNHc1dlItMGtVZmhWVHVnNy1zamo4Tk1pYmoxUldfSjlvMENWNVJDZA?oc=5,2023-05-15,Badagry LG chair urges residents to be conscious of sanitation to check floods Peoples Gazette Nigeria,0
Concerns over deplorable state of Lagos NSITF office - The Guardian Nigeria News,https://news.google.com/rss/articles/CBMihAFBVV95cUxOU25sdTdmbFc4WFA0OG9mWXdqVlM1U2FqNHVKa0l1RGNDYjlPdW44QnQ0U3JLTzRLSmU5MVVzU0ZVM1hNSVBIQVhiTjQtV0I1SmdNczhVZ3VlNXNGMUFTdkwyb045NlR6UW1UY3JKV0RIVTFQNjVmcGJoalZSdERidkJJM1I?oc=5,2023-05-30,Concerns over deplorable state of Lagos NSITF office The Guardian Nigeria News,0
"Agiliti Residents Sacked by Lagos Gov’t Ahead of Impending Flood, but They Don't Know Where to Go - FIJ NG",https://news.google.com/rss/articles/CBMiugFBVV95cUxPeXB2LXd1TXoyYzRjRVBNLXA4WURSM2hCLUJWNk1kWkNTSkJIZE9aNEljRUJTN09qME1QUVdrNlpmNU9DV1BzeTFpZVFpUm4tNHVVRE9aN1NmaUhxaGhiNjBpWDhaREV2aHJIWTZfY25oZ3d3N21xRTZwcm91RjJnUXBwbElRYXlZZnZtaHlUa2d0X043WGpXOWRyTlU4bFlhT28zR05veXRkMFBZeGFuekp6TDRnSE5IUXc?oc=5,2023-05-11,"Agiliti Residents Sacked by Lagos Gov’t Ahead of Impending Flood, but They Don't Know Where to Go FIJ NG",0
Rising seas have flooded this Lagos town three times. It may not survive a fourth - The Guardian,https://news.google.com/rss/articles/CBMiuwFBVV95cUxPMGJ6U0NBYjl2QWRmeXNnbWE4dnkwX1ZSQ1Z4WlBueDZ1WDhDWC1RcVc5SXlkdmlUZ28xSFRFTDdmTWdNSVhfQ045Q3dsUXJqSUs2TG56TWpkSGtkVHV3ekY1WW1COUowdFdjYWZNRndLRUdwSXZkRUhyWE94TThTX1JhalhJTjlVY3AxYU14RU5GZktobkVYZEI5WUlqekpKc2xTakVkd2JtLThoczRyRXQzNURBZDdIVVZR?oc=5,2023-06-29,Rising seas have flooded this Lagos town three times. It may not survive a fourth The Guardian,0
Ogun estate residents stranded as flood overruns link road - Punch Newspapers,https://news.google.com/rss/articles/CBMihgFBVV95cUxORlRXS2JrdmxtX29xQnR4Qk9hRllhUnhaNVdrSmk5WjZ3blVYVU5US2dPQ0RnM1pHZ3VQRnRTRk1IZjE1elVXeThLYTFNN1huemFEX2h5N0dULVlmNFRrZ25qbDdqY0tIMTVFTHZxLXJZdl9MbExBbklpTkdaRDFiUTRKTzljQQ?oc=5,2023-06-09,Ogun estate residents stranded as flood overruns link road Punch Newspapers,0
"Flood of fury: No respite for Bayelsa, Kogi, Rivers, 30 others ahead of another cloudburst - The Guardian Nigeria News",https://news.google.com/rss/articles/CBMivwFBVV95cUxQU1BhSTNoa2wzTFNlOVNIRlNKeGxQU3ktVFFPdTNvRThXS3JoTzhkdGFJdWRoM002UzBqSjFJT3lsRWFnc29lQUNsWVhKNmNUMFpNVEcxbTJTakx0NjRWYWxhX19BeS1QdTQ5Y05UdUFySXd1MDN4eHRZdGVEZlZRODVqN0RVcXJVTU5fYW9HWi16dTVMUWdMazVTVTdScTg5b092S1ZocGctcFkwS1JyYWo2V3JnM0EtRUNUaGtKNA?oc=5,2023-06-23,"Flood of fury: No respite for Bayelsa, Kogi, Rivers, 30 others ahead of another cloudburst The Guardian Nigeria News",0
Lagos Climate Crises Deepens as Coastal Communities are Washed Away - Nigeria Info FM,https://news.google.com/rss/articles/CBMitAFBVV95cUxNNmkwYWxUeWlTcnBXbm9XN2tQSWRjU1NtUkVXa1JXT0ZZc1JXTGNRUEEyT3ZLYVhuVHNvVUtqOEhaUmxMTzhrTE0tQndncVB2eTY5N3pROHQ4SzdPRnZzMWxUNTZNVXozM2dfLXNxaXkxRW1VbmViTThIZmlDc3RGSzdtN3ZiLTdyZC03cllSZHltOEVaeVgtSUpMMWxJTzFab29ZUldFNlQxbGpSMFA5RVk0U2w?oc=5,2023-06-09,Lagos Climate Crises Deepens as Coastal Communities are Washed Away Nigeria Info FM,0
Tears On The Shore: How Lagos $1.5 Billion Seaport Ruined Fortunes Of Local Communities - humanglemedia.com,https://news.google.com/rss/articles/CBMisAFBVV95cUxPUTZITVNjM3M5MzRKX2Z6QTR4dzhYY2FjSWNtQkVGRUlsb25NR2M5UEpuelVYanhhZ3dydVdTdjZuVGFQVE9jWE9xVkZ1OS0wT3lzLXplX25GbGQzclVTbm5OMWdUWHNYLWlzVkdQZDk1UnJkRE5PZ293QnZUd21QRXJMUlJDTnQ1MFV3b3RCMkIyem5ud1YzUEQxMTdFaGZqb2VsNWZvb1gxb1h2S3dwbw?oc=5,2023-06-26,Tears On The Shore: How Lagos $1.5 Billion Seaport Ruined Fortunes Of Local Communities humanglemedia.com,0
Now That There Is No Immediate Threat of Floods in Nigeria - Business Post Nigeria,https://news.google.com/rss/articles/CBMimwFBVV95cUxPZHE1TVh1N1o1eFUwY09PNTBJanJJSXZwVmdvUUpadlZTUW5Ucy1QQjhfYTdwVEszVldoSmdqcVBrVDNfTHg4M0lFQWRnU21Uelh2bFRNYWsyc055Ym5fZzZxd3FhNnI0R0huWVBSb19Eb0tZU3RVZFpyNFZGR2JBMDFYbWlxVWJoVWE2dDFkTEF4dFRhQXpCeDZsOA?oc=5,2023-06-09,Now That There Is No Immediate Threat of Floods in Nigeria Business Post Nigeria,0
"Trademore Flood: FCTA officials playing the ostrich, says Residents’ Association - Vanguard News",https://news.google.com/rss/articles/CBMitAFBVV95cUxOT0YtUmtuemtobzZJdVRXQlQ2cU1WZDF1OHdiVFlfRUMxaHRsTDN5dkREZktfWFIzQmc5U0VEZkxTVGxxUEFtWHg1bFdjaW5CS3ZxOEV0WTRkWnhsd3R6a25qVW84SjBjUzhnamVocklDTW9reE80YkxlM0tPdlVTT2RLall1YnZ0RjRJMnprcGhERW0wNldad2hyWlRQYWgyU2N5cWkzRUR6cnRMYVdjaXhvcm7SAboBQVVfeXFMTWlBTHpFZXl3M29LRUlqbEEwWWJzdkFaeFRBdnVYU2l5OUl4MHczSXFWYlRaVXBhMXpwZThlUWxSZHF5WnN3dnFIbG9pYkhHZ296ODdUU2haWkd6RHVJbTVzVVdrQXpiSDJidjFKV0xzOGRMbHlWcGZ5VUJHRU9uSGlra2ZLcjI2OV9TbldOZ0N0OWNyb0ZDeG45RmJIajRvd25XeGFRb1JhSGlXdjJxcGxhdVNBQklVODlR?oc=5,2023-06-28,"Trademore Flood: FCTA officials playing the ostrich, says Residents’ Association Vanguard News",0
"Heavy Rainfall Submerges Lugbe, Abuja - THISDAYLIVE",https://news.google.com/rss/articles/CBMiggFBVV95cUxQMm95VzlsNVU5Vk9RSjdGOGVxRGUzZGJuMlhCTGd0dkZKdHZUVWlaQ2NGUF8xTlVYOG5ka1hyU092S2k1azIyN1RYc3dzcFY5a2doa0dyNG5mODJpT1YtTmVMdk53SE1NQVRaUmR0RXF0U0tFNEhQMExtOW5Xbmg0TVNR?oc=5,2023-06-24,"Heavy Rainfall Submerges Lugbe, Abuja THISDAYLIVE",0
"On Snake Island, No Rest for Residents, No Rest for EKEDC — Because of Prepaid Meters - FIJ NG",https://news.google.com/rss/articles/CBMiqAFBVV95cUxQRFRpLVdlR1o3N2NZUFg2X0dFV3FOdnVrLVB3Z2E4eVRQLUxDOGU5WHItamlmOXNTV1RmVEtVNkVHN0YwZ1d5U2g4NzlSdlRJR3FiUW1zNG5LclJWYWpKV0ptdjc4Q3RGNFNZTldtREtIV0w5TVFDOWFLTlBRdUY3ek52NzV5ZEFJd3NLZDJHYXdPdWZYai1WRGloZ2JXQ2YtOUN1V2FMVXE?oc=5,2023-06-08,"On Snake Island, No Rest for Residents, No Rest for EKEDC — Because of Prepaid Meters FIJ NG",0
Lagos is no jungle as Sonala Olumhense wants us to believe - The Nation Newspaper,https://news.google.com/rss/articles/CBMikwFBVV95cUxNc3dDa1N3ZlNPa0ZhbER5NVBkbEZFT2lfOTg0ZnJQak5xZk1vLUtHVWZucGZBZjRJV3BpWW1JcGRnaDI0VzlsR0NCUDY3aExQeWtJNzhOMTk0bFpXUjJEeW85ajFRaGlZU0FUSzQ1ZTZsMWRLd0c5OUc4X2NueVY4enl5WUd6RW43b1FFR3M0YU9mcmvSAZgBQVVfeXFMT3ItaHN2TFNRZHFubDcwN0ZuT3NhX1E0a1VOR2lkOHJzTEtmc1h6MzhvZzZQOURLeERWVFV2Njc5THNpOHBxWGE2VkJkTDVZOV91WDFURmlqeGJwTHJaT1J1MW5iMXUzcTEtNzZUOFh1b0o0eWN5RG10ZGNSQVNzSS1MR0xzSFJpWjJmaFc0a1ZnQW85NjVBckc?oc=5,2023-06-29,Lagos is no jungle as Sonala Olumhense wants us to believe The Nation Newspaper,0
Heavy rains leave Lagos roads in shambles - The Guardian Nigeria News,https://news.google.com/rss/articles/CBMidkFVX3lxTE04RWtiWGlGWDQ1eFptbV9jZEVHQU0waHphWDJiUGE3ZHc1R083enpIbkJPZldzd0h1bk50a1pBMFBSQ2NlU3lKNk4zUnZiS2NLRTlTV3Z3dmxIak95cnJ0cU1zTlFXc3hTWXFqNXBOTzRiWmNmQUE?oc=5,2023-06-13,Heavy rains leave Lagos roads in shambles The Guardian Nigeria News,0
"Flood overwhelms Ogun communities, residents cry out for help - Punch Newspapers",https://news.google.com/rss/articles/CBMiiAFBVV95cUxQbG5mYjBGQlJweTNFWkI4WGVQeUh1eExDc2xwcURSS2ZuWGZrSWI0UWdCWWhRWk9uZGJ2SEpGUGxwdGJCYnhwMV9ZdXBhX1BCVlBZaTFsRzZwWk5yRk96ZWNVYTR6MDRjLWxHYlNmbWlMZ3Zxd3FaakhUUWFOS0d6cmdVTnRwV0pB?oc=5,2023-06-10,"Flood overwhelms Ogun communities, residents cry out for help Punch Newspapers",0
"Floods: Akwa Ibom residents count loses, solicit govt's support Separato - tribuneonlineng.com",https://news.google.com/rss/articles/CBMikwFBVV95cUxOcy02bVhjOHVqZ0FfYi1OamRaV1hUSkgxLWd3elBKOWhKaUtSa2lWQ193Z3RNTk9sZ1Q2M1ItQ2R3RFRQaTBQaXVJLWl5NUVNRGFLNXBfSElLNWtQTTNRRmlNZnh5LTlOWE9WVFZFUnBhNWdhUF9SZVNkM3Y5cDRUYkhsS0ExUzB3OF9hV2U0VzlzNUHSAZgBQVVfeXFMTkZkaGtmWl9jbUE3cUUzYTNlZ1B2UGwtanVzb0hQZHkyMmlnWnc0R0RJbk1DM25yQ2cxaG9WbXdDX3dxOFBHQ2JVWExYUHhvRUs4UHZkSU1TNmdKSENIcVdnM3FhX2Q0TVlNQkd4SUpSa0htSVh3am4xeVhabUJBUjN0dThFbEtfRmVOSGNDQWZteXpUMU02VnM?oc=5,2023-06-13,"Floods: Akwa Ibom residents count loses, solicit govt's support Separato tribuneonlineng.com",0
"Obafemi Hamzat renounced Nigerian citizenship, US immigration lawyer tells Lagos tribunal - TheCable",https://news.google.com/rss/articles/CBMiswFBVV95cUxNOF9XWTkzNVhxQWF3b2JYLVFzWUl5YkxXcmNSYmZpSjF2NnRGVGNJbDRBb1FnX1RrTVVyUGhiTzdTNjR3QTFwbW0yUllUNUxsRjQxYnlmaGRyM25WZzdSZ1YtaFFsN2ZGeXlORy1INEFiNndLeXotWGJxNDdQYzg3aGpmZ0ZDallDcmMySkRCSVR2Szlibm9mNF9wUk5HdGNkbWdHV3U3a1BKSG03T0d3UHQ4MA?oc=5,2023-06-23,"Obafemi Hamzat renounced Nigerian citizenship, US immigration lawyer tells Lagos tribunal TheCable",0
Immigration officer recovers lost $5000 other items for foreigner at Lagos Int’l airport - thestreetjournal.org,https://news.google.com/rss/articles/CBMitwFBVV95cUxPSWE1U1BOS0xDQmRlYi1RR2ppelcwcXBhZDlYZWtrMGJidW1XN0haNmdFQkV2VHVhaTN2bGVmbkZlaXRDYld0OExrdkt3V3pYSmt5OHhhUEwwLTVaTTQ4SEdqYThYVUVZX0VZWWJyLUJSZ1NvMThmQ2hMblhhSHNIaHJtTE1fMUl1M3NZLVNJQndWTzRWRmdEbHg2ZWRMZ3FiSlVUbUE0MVZLMExnMlMzRHBTUlpGLWc?oc=5,2023-06-12,Immigration officer recovers lost $5000 other items for foreigner at Lagos Int’l airport thestreetjournal.org,0
Dolapo Fasawe: The Doctor of the Environment - PM News Nigeria,https://news.google.com/rss/articles/CBMiiAFBVV95cUxPckNDSFBPcVFSbTVXdGQ3MmcyOUV6NWVqSHdGenZVTHhpOU1mS21ZdHgyRU1STHAwQldIaWZFMlMwSXhWRU9DV1NpMjJ2TGZrbXVSalRwZXRPeVNGai00OUZabFVwcEZTRmxjbWMzM0RtbUJLTjNOMkZrTUhsQW04Y1c1azBvd2J4?oc=5,2023-06-22,Dolapo Fasawe: The Doctor of the Environment PM News Nigeria,0
"Six things to know about new acting Inspector-General of Police, Egbetokun - Daily Post Nigeria",https://news.google.com/rss/articles/CBMiqgFBVV95cUxORHhYTXVVaUNxTy1lU00tdElJdk9MdGx2MWdjTmp3THNFSlY4dGhHRHJMMzZuekhSVlV2U29Wc19GM0tFRXFHYWl3bFNOWFBZMnJCTncyNGxNdEVYLUpaaFVVTnNHRnRDU3FEMFJ1TUNMNXBXUWd0bG5tdkhLX2hkaUVlTTdHWFJ2Zl91N0lCbGpmMVFES3lyZ2pYZXMwa0t5dktJajF1MnVmZw?oc=5,2023-06-20,"Six things to know about new acting Inspector-General of Police, Egbetokun Daily Post Nigeria",0
Lagos Civil Servants’ Cooperative Savings Are Disappearing — To an Unknown Account in Shomolu - FIJ NG,https://news.google.com/rss/articles/CBMitAFBVV95cUxOdXlHX0xrRFFlbDctcXdOVHdKYTZBZUpmM3l5Wm9OdHhnczFRUmxLWUxmQWg2NlNJUVk1Z0laeFpHUVlUbkpZSEh2c0ZxYUx0QUJzVE0taTBwUVV4bGtvaEZGN2I1V05wQWhYTlB1NGN2dW8tUHk2ZUlfNjdVUktfdFlXZ1JWTlJpSjV2bnhBVjRwRFlhRnpNdHl6Smlxb3NGTXFWT1hwUkJvb1Q2TkhqSGRneWs?oc=5,2023-06-13,Lagos Civil Servants’ Cooperative Savings Are Disappearing — To an Unknown Account in Shomolu FIJ NG,0
"Lagos residents defy govt’s warning, hide ‘ponmo’ consumption - Vanguard News",https://news.google.com/rss/articles/CBMimgFBVV95cUxNTTcwdTVDY1pVT3dHdUFwMWNHSi1WY3gxX29xWWktSjdrUlYyTHFOdzdOdmJuTkJkdF9xWjlMb2RNZk1zcHlybll3OGRrdS1ZVEhlSUs5RXZxRVlYZGRTUUY2UkhONHNCcXBaVW5EcGVtQTlWMlpqbW1UYXJIZnpkTnNEMTVCYzR2S1JqbEhNcFVCZmNPUm5LRENn0gGfAUFVX3lxTFAwdnBSTk9ncXZBTFVERkpvYVNSb1BwWFVBbEY1WVZkTUVOeENXcnVMeVRHMlRtM0g1aFc5c0VGV1c0NU5iWnRyZWVFMWZlM01vTmd5ZGNaNEh4a05VV082LXF1LWt4dTFpd3BsYUEzdHNGTHRZLU5DajRlNTJ5ZmFjajQ3NXozOHkxM3BmTnN5VTN0YUtIV3VJdWtaYTJvcw?oc=5,2023-06-22,"Lagos residents defy govt’s warning, hide ‘ponmo’ consumption Vanguard News",0
Reps Dismiss Nigeria Air As Fraud - thebossnewspapers.com,https://news.google.com/rss/articles/CBMifkFVX3lxTE9VOE1KbjJYaFNIRkNZUUZhNVRZYlphVFVrTTRObG53bFU0R2Y1RlBtaVlMdDJ0WnpNZXhVei1hTFg5QWlpQS1VU2xYWE9UQ1g2WFhVU3Q1QjhpRjBHU3p0TzZnZ3p6bVFyVTJJWHdMUUNNT21leUpmbUt3V2xGZw?oc=5,2023-06-06,Reps Dismiss Nigeria Air As Fraud thebossnewspapers.com,0
"Flood, GLOF warning for GB, parts of KP - Dawn",https://news.google.com/rss/articles/CBMiSEFVX3lxTE9EblF2dGg1aDByWXFWUHVVRDBXMkJXd2pzaXJBYTQ0MnU3LUdfN0l5UHlaa05fdjBXOTBxdUVTVXljU0FqTzViWNIBTkFVX3lxTE04WU1odzlSRnhIYVBzNlJtX3JIRlFiNE1hSC1DTUdtekFtd09rZWVvMTM4RDJsOVJFMlhzZlpsYTFjZkpZT2tPb25mOGtKZw?oc=5,2023-06-22,"Flood, GLOF warning for GB, parts of KP Dawn",0
The dos and don'ts of dressing fashionably during rainy season - Pulse Nigeria,https://news.google.com/rss/articles/CBMif0FVX3lxTE9XWjhvQkQ4OTFjQW14bEdCSzdGcFJ3bWpqMFI3TnIyNUw0RUFFOHNuWk1UOEEyZ2ZuYXVUZlQtc2RCUkdEQmV5dHg0T2laSGhtTURCU1Mzdk5GSWZ4UWlzNXJEbkZoZFB0dUNmMUd0aXBQV1VsWnRmTTJXd29GdWM?oc=5,2023-06-22,The dos and don'ts of dressing fashionably during rainy season Pulse Nigeria,0
WE MUST COLLABORATE TO FIND A SUSTAINABLE SOLUTION TO PLASTIC POLLUTION -SANWO-OLU - moelagos.gov.ng,https://news.google.com/rss/articles/CBMiqgFBVV95cUxQdWQ4eThpaFZVS19EYTRsMlBFUXN3WWYxYnNVUGRrQ2lvc0pmc2E1bHJ6RmpuQ182N2VZcWk3R3dVT1RyczIyVVk3aHpqRWZsOXRzc21lSkhFUWF0aUdiZWRpX0c2dDIwSTBmMXo2WnNDUXF4R2VCdVNDTVhBeGdHc1lveUFJZ29RVGxQQkpxcUo1MUdZTkFwX0dUcW43cWJ3b1Y5WnRvNXowZw?oc=5,2023-06-05,WE MUST COLLABORATE TO FIND A SUSTAINABLE SOLUTION TO PLASTIC POLLUTION -SANWO-OLU moelagos.gov.ng,0
"Retired nurses turn reinforcements at short-staffed Lagos health facilities - Gavi, the Vaccine Alliance",https://news.google.com/rss/articles/CBMiqgFBVV95cUxNM1hpT0NOQWNLUDdqMkRFM2RXV2hjRDgzaFh6Y3FqRkZVWmNvLU1HYWJjOFg0RjdWcFdiTk1GNmdtamRuMWFEdDFhbGs4MTJTQUpmVDNvYkRGY3ZFQkhVU0l6aFpteG9YeVlNREczVThhSHdEQ3BnajF6dWY0TG90Y1Q5a3hraDJfZEtKZXg0NUMtRG4zMmtINWFleVF6ZmduQlNVWDd2TmIyZw?oc=5,2023-06-20,"Retired nurses turn reinforcements at short-staffed Lagos health facilities Gavi, the Vaccine Alliance",0
Brain drain: Nigeria must increase capacity to train more doctors – Hamzat - Vanguard News,https://news.google.com/rss/articles/CBMirAFBVV95cUxPRXZSV2g2TDI1ZG5fd2RWUmxRWlZwd3kxSk9pOEszaVdLOUZaZVNBVnlMYnFndFNYZlU4QzU0MUltd05wSjNxQzhDM2Q3aWpfdHR6NkE5Y25tT0wySVMxb2xSWDJoNXdnR3RVQ3R3VTFYeXJ0ODdILU05R0ZxZnM3Z1paWWttUV8zdHVNV0FVeVlNWTV3MVZKUEtiTG4tbTJ1NlJvWDJhMng0OGo20gGyAUFVX3lxTE1iYkF6c1l5bVRIanVkSnVpUmFmNlVvVUlwOGUya2NSblM1M05CMm02U2VXQlRpX1BMa1N6cXV4OFVuUnhGN0V1VkppR0tPSVRzOFlHanh0ZGw2M1E4ai02RDVCd20tajJtaURPNUZ4Z1Q0S2NqeDVmZ2lHVVRONmZIYlpwb2ROSXpEZ3I4cWxORU5jRnp2QUVhX01ja3dqWTBUSmhUb01oY0F1VS1PSXoxZXc?oc=5,2023-06-04,Brain drain: Nigeria must increase capacity to train more doctors – Hamzat Vanguard News,1
Woman nabbed for improper waste disposal sentenced to 144 hours of community service - Ripples Nigeria,https://news.google.com/rss/articles/CBMitwFBVV95cUxOTUR0NndBcWhfRDU5bkxzc01mMUlrblNma1FJREVueHhxUm9Gel9QeGYyX2h4WmJOSmxLT2RyaVFlMmE5RkM3azZKZEJVRmhNcUhNMTRrZUJISC1rOXlzT3Y5M3BhSUFrUzFESllCdGIySDBmdEZISTFrbWRWVl9aeGxRck5FUmI5LS1YS3JmUHdjTmZ2Q3liTC1IRVdMTlFtMF9uN3UzLUhSQXJUaG9vOVRTT3JlNW8?oc=5,2023-06-11,Woman nabbed for improper waste disposal sentenced to 144 hours of community service Ripples Nigeria,1
‘Japa’: Our Brain Drain Will Be Brain Gain Tomorrow — Obi Agrees With Bill Gates - Channels Television,https://news.google.com/rss/articles/CBMitAFBVV95cUxNajdvaGpaTlNybVVXMUtoT2pNYlgxcEplZy14YktObHlXeHdmVE5wR1RaeExjdlVrQVlwUGlSX0Jvb0NLcDBxb3RmdGRhLWc4ZjdwVU95Z25SV1hLeHhzYjl6cmRtWGxzNUx5MEFrbmVQR1FKU25nVVVuQkhNUmtzN2FqRnVGc0ZwVXBpSHBtLVZxM09sVTJlLU55TDJUcFBSUThwSS1QZEZwQTEwV1VrQk1OTVE?oc=5,2023-06-22,‘Japa’: Our Brain Drain Will Be Brain Gain Tomorrow — Obi Agrees With Bill Gates Channels Television,1
Alaba market: What Ohaneze said about Igbo traders’ plight - PM News Nigeria,https://news.google.com/rss/articles/CBMimgFBVV95cUxQNDM0Sk9mTXlodjBsTFZmRmQ4NXExcnZtdXo1Z1Vad3RVTmhBNm14WXZmSWh0Y0c4ODZUelZ6cTZMbEtEWWN4WWlQUGNzV0lWandFR2RuLUlIWHdwNnlsU0ZtZnZfbEVLT2pyb3M1bHlMNW91S1VfRHlGd1VIbm1NZzFNVTJ1dm9ZUTNBTDZKWF9rcVQ0ZG04R2N3?oc=5,2023-06-18,Alaba market: What Ohaneze said about Igbo traders’ plight PM News Nigeria,0
Plastic waste: Sanwo-Olu urges cooperation against menace - The Guardian Nigeria News,https://news.google.com/rss/articles/CBMiigFBVV95cUxOMW1vODVpRDI2VXhjQVJ1WjBZUmN4UGZ2enpRRXl2VElCSk1nQ3R1aE11Zmt4V1F4RUlob1BUMWwxaWl4YkFLNVNZY0RVUlZ0c3R1MnNYam9pbGtiZWxIbUtCNjJ3U2ZuX1VkbUJHaXV0RmVoeGtjVDJkNFVaMFZMM0I0M3RnejJMS3c?oc=5,2023-06-06,Plastic waste: Sanwo-Olu urges cooperation against menace The Guardian Nigeria News,1
"52 per cent of Nigerian professionals considering migration, survey uncovers - The Guardian Nigeria News",https://news.google.com/rss/articles/CBMiowFBVV95cUxNMjJtakY5OGZqYTNXZDRNYndMR0t5MTJBb1dTTE9UY0RJN2dxOHlXbG5uY3FxOVlWLUZNSFpiWUxaQnl6Rm9VeFVJMlBYeVR1YnRsd3VuNld3aXc0UFR3VWJ1Mng1LUJkRVVWTjlSVm9KY0NWQjRlY1cyY3huLVlHMjRzcDNIRW5HWkJSd3BFRlVfWUtjX0JGUDA3eDBlZGJ1cjBv?oc=5,2023-06-13,"52 per cent of Nigerian professionals considering migration, survey uncovers The Guardian Nigeria News",0
"Waging sustainable war against single-use plastic, others - The Guardian Nigeria News",https://news.google.com/rss/articles/CBMijwFBVV95cUxQNWRJYlNfOElUS2ZaRTlodHlyWGlIa2o3T1k1UVRoVG9jaXN3MzZXYVlUT0JXYUxCcHBlVWFacVdFM2RBZFZIR09lQnJ0a2o2Y1JxX0FVMVh0ZGxBRmRMSUk1QnU3Nm5zSmhJZGdPN1dYMEhCWnpULU9qbm94aWtvcVRpREZ4N2hranI5RlVYWQ?oc=5,2023-06-11,"Waging sustainable war against single-use plastic, others The Guardian Nigeria News",0
"Popular Business Magnate, Okoya’s Last Child Finishes High School With Style (Photos) - Naija News",https://news.google.com/rss/articles/CBMiuwFBVV95cUxPOHY5SUlVM01ocGFHNjEwQVVNSHoyTkl4SW9GUnRubUUzS3AzRkgtNml3dmNXejVWWjdVZGNVZGxRX0FSMVhNN1lDUW9vdDlQbVl0aHRVbTRidGctb1dvQXhFUjR2VVVNd1BvZ2lrbWRlQXJCbUNXTmgxZFZyZi1kbzRJalhPUmRiR2tQNE1pLUFJa2VybGJMdEx3a2d0RTJUNnozYWpILWlmNjI1eFJJTzRWY080TGdOdkxN?oc=5,2023-06-28,"Popular Business Magnate, Okoya’s Last Child Finishes High School With Style (Photos) Naija News",0
"NiMet predicts 3-day cloud, thunderstorms from Friday - The Guardian Nigeria News",https://news.google.com/rss/articles/CBMihAFBVV95cUxPTkZ4akNKRTZYSWcydk1NN1IxSGNqZHpGRGVtUmdTMmVmcUhvVFRpQk9KU2JqOWkxQV9mWXhtSFJLekJMZ3ZWbEdRZ2FWM2RDazR0WV9JaFNvbDByZzR4TkxLRFBxSWhiQkZIS0NrTVF3eHNrLW80RVFqaGhkNElTX0pjMnE?oc=5,2023-06-23,"NiMet predicts 3-day cloud, thunderstorms from Friday The Guardian Nigeria News",0
Gas Explosion Injures Four In Lagos - Channels Television,https://news.google.com/rss/articles/CBMif0FVX3lxTE1acFNwZF9sTHFKLVBEdjUyWHEzZmNTZG1wVFVlb3lkTGtlN3VlVHZPelhrSDBZbTY0bXYyaURxQ0szNGRHSlpURlFvX3ZOcm5TUGZob3lDSUtPamkwU1ZLc284TzNhWG5JVUUzNGdfaDNZelFmdlBsbTRnRXdhdGs?oc=5,2023-06-26,Gas Explosion Injures Four In Lagos Channels Television,0
"Lagos-Abeokuta Expressway: Residents lament dilapidation, accidents - The Guardian Nigeria News",https://news.google.com/rss/articles/CBMilgFBVV95cUxPSTR1M0hhck93V29ZZVAtQVprY0lfQzdlMGdjbWhSUVl3bEt4T2pkLUczdUpJelAteEdYdzJzQ2hDb2dXQ1BDd3BxbmtDRXRzN3RlRW1lNVZ1aVREU1BIdkJmNmxQeUxnNlM3Q0Nnam5aZnBoeUFCSHlYYjNnZkhEVXhwNGlPQVR1WFN0MlkxOHhCbF8yLXc?oc=5,2023-07-02,"Lagos-Abeokuta Expressway: Residents lament dilapidation, accidents The Guardian Nigeria News",0
"FG issues flood alert, says 14 states may record heavy rainfall - Vanguard News",https://news.google.com/rss/articles/CBMioAFBVV95cUxQUi1xZUFUS1Z2Y2NOUkE0MFJ1THh4SUFWS09XeVFWRHI3X3lvUVlseFdPd1VjN1BmSk1taDhMZ1ExeU9jMXpCeUxsQjdPTW8yS1lDNzIwamxaUUdIMWZCaFpIVUN0bzFMbTkyRW9BQ2dTcTR0RWZfZFByeTRnQ2hyMkdMNkRzalkwaHN0SUFyY2Jka1ZFTjZ6M1RFNWpYUE1r0gGmAUFVX3lxTE1nOUtTZVliUTRtc3N2LTJNNU84ekVQUmJONXdrWTVKa19iWjdudVk5MzB3LXI3R1d1dXc1bEpmUzc5ZV96dllkV1ZrS1JqVzVzLV92SnRaMmdxS05Hak40aExBNEVyeV9oOXJxSzhXNEgwYWF0UmtCWXliNDVhT1BkS1FMMnBnSkFUUjlpVDFOR21rWU1ZUXBwY0NiMEZwS3JHVHRWQ1E?oc=5,2023-07-06,"FG issues flood alert, says 14 states may record heavy rainfall Vanguard News",0
Benin: African Development Bank provides €164 million loan to tackle urban flooding caused by climate change - African Development Bank Group,https://news.google.com/rss/articles/CBMi9gFBVV95cUxNVmFDMmtmR2NTS2xrSmtKQ1VYMktIbE1NUWY0UnRmMjktbWI3c29rNkpabnFwWmtmeVdOcGRoSGs0Yk02RDhVcEZBV2s3ZjZ6NUdEZ2VsR0xTNVdONTRUd1pnVmYtSmFMRVFXZ0FILUdoM0xFYXJ1d2kzSG1uNTdFekVYSjlILTI4SElDY1I3YlpUQTRKVjltb2p2d0tWT0F4aVBjTlFFcUI2c3BjUThLNHVRRE9jaEdRWUlWRTVjbkZFYTNCMHlRVDRqMjdvMlJzbGZYUm1iUFlfNFU0OVpPbktqN1hpamFjeDFnanUzZW1TWlBaVkE?oc=5,2023-07-05,Benin: African Development Bank provides €164 million loan to tackle urban flooding caused by climate change African Development Bank Group,0
Chinese Warships On ‘Port Call’ In Nigeria - Channels Television,https://news.google.com/rss/articles/CBMihgFBVV95cUxQdXJ4QmZycXU5ell3OXFmZDRiUURvbDRIekJGRzlXM2FRVzBBYWlSTkhBT3k0b3RXYzBoQk5RRS1pQXVnTmtpOE5wT3Jya3A5UkEwZVl1dHBLaWUzSG5zYWVOcTd4d2lfSklWVEh4Q21jRVUtcEFxTHJ4elBxT183RlQyQTlkZw?oc=5,2023-07-03,Chinese Warships On ‘Port Call’ In Nigeria Channels Television,0
Flooding: States undermine disaster mitigation efforts — NEMA - The ICIR,https://news.google.com/rss/articles/CBMikAFBVV95cUxPcm83bHNZUDJyQ1k2MXp2QlRuWmtMVFdLWXh5ckVJdFBHRl9JMGlxY2R5QU95aFdIRFM3T3RpRjlEWGRfeEEyMWVqc1o3WGY3TGlmNVR1UVlZSjRjdE55Y0xmLVpVa2RzbzRZbTJoM0pIYlBnSWRXbjVIWFF4YXI4U0JQdUFiU3kzb2loVUJraEg?oc=5,2023-07-21,Flooding: States undermine disaster mitigation efforts — NEMA The ICIR,0
"Flood: Revisit construction of Dasin Hausa Dam, Senate urges FG - tribuneonlineng.com",https://news.google.com/rss/articles/CBMilAFBVV95cUxNOWExQlRrWFFJcWYwdWJ3bUp0NkN0RUt1RWxFYkZUUm1wcUF6ZHBMa0NaVmF2TkgwOHZDMzRyZ1JPd3NyZ015ajVDRGtDaC15OTVGQlBPTkNOYkFhYVBHSFpQTGo5M3I5cjMxNDRTbkE0RFlkSXhOd3h1T2t4Q1F0X3MySzhkNFg3M2g0anlyVXVMV1Jf0gGaAUFVX3lxTFBaN3JqZDh3UWwyUXk2OS15TkxHd3Q5MVhlV1N5UmM5VG1jS0lfOFNZQUZYZWxBZWU4QlEwaFp2Y3ZDd1AtaUlDekc4ZHpVem96dlh6czFrYmttR2tLSW4tZWVkUUNWN2RwRnFSWlNGLTVhMnZBVWRYZmhUYlFYaEdSTFlGRmxKZWo2QkJBMGREZG9yQ0tjVFp4clE?oc=5,2023-07-05,"Flood: Revisit construction of Dasin Hausa Dam, Senate urges FG tribuneonlineng.com",0
"FLOOD: 31 Communities In 14 States May Be Affected In July, NEMA Warns - The Whistler Newspaper",https://news.google.com/rss/articles/CBMilwFBVV95cUxNOVpsZFhaS1RBOGpvUlVxb3JlS09ncjFyc20yUWhlM0hFU0pSOThpdmtfQWgxc2x4YjUydUNfWGFmbkFUUXF0UWJiUXl3VDJ0R0lIZEM1NlBORHBrMFRkdGhZVHRZM18yN1VRRmhyMDQyV1c1bW01R1ctMDBCRzJPSUk1YllvQkd5cGIxTEc2VVE3SnBGN3E0?oc=5,2023-07-05,"FLOOD: 31 Communities In 14 States May Be Affected In July, NEMA Warns The Whistler Newspaper",0
Trademore Megacity Estate Flood Crisis: Matters Arising - THISDAYLIVE,https://news.google.com/rss/articles/CBMimgFBVV95cUxNVE1lTE45ZnJCcWYycWk5bmloa2QyTmVaU3Y2WjlqM0trYXE4Sk93Z0J6R3NNSTVJWHFCWU5rRG5STm4wMTllSjk2QmQwT1ItX1dvUjFjckFPZXY4ODhCSllHN2ptQU9ocDNKRlFTeVgtZ2hqSjY0UW1MTE5nV2xTU3c4YWFpcDRMTWxwTlhmQ2NiN3FXTU14cmx3?oc=5,2023-07-18,Trademore Megacity Estate Flood Crisis: Matters Arising THISDAYLIVE,0
"Flood Alert: NEMA cautions 14 states, 31 communities - Premium Times Nigeria",https://news.google.com/rss/articles/CBMiqwFBVV95cUxQZjQ0Zy1ycWdDUUpTOGhhWXZFSXpNWm41R0pQR1pCNDZ1TlFrN2JuVW9zVDM1ci0xS2plSE9saEVDZ0xtUHA0VXd0aGlwbUNER1dfVFFqWko5WVRtdTNXdUdnYldGb19La2xhVEo0QkFVYUpnallsdDV5UHc3S2pWNlhMRHUzUHdZRHZGczRWS2lRMV9zcFh5R3Fxa2FZeVQ3ZU41eGdIMGZRQVE?oc=5,2023-07-05,"Flood Alert: NEMA cautions 14 states, 31 communities Premium Times Nigeria",0
Flood-prone communities more predisposed to anthrax infections – Experts - Punch Newspapers,https://news.google.com/rss/articles/CBMipAFBVV95cUxQVGIyc015eC1JM3JPbnhjWlhoVFRvTl9iQ19HQjFNTHdsSjR5SzNoZWxDMUNkYlBzQXJ4dFBydXJIT2xjbVhqOVR4WWFMSmhVc3BUQVp2ZXRxX1BKZlAxY2h3dTZHQkNxVlBnTGlrWmhaZDRzODREeVIxRlhoNHE5QnF6OC1pRlhMNzI4WXpBSk9pR2pjczJnNDYxS19RZWU5YU5NTw?oc=5,2023-07-21,Flood-prone communities more predisposed to anthrax infections – Experts Punch Newspapers,0
"OMIYALE: Safe Our Souls— Ajibode, Other Communities Cry Out - Oyoinsight",https://news.google.com/rss/articles/CBMihwFBVV95cUxPaGVRTEYybFRvX2R2TlVnZW56ckZzUm13X3J4b04xMThlNUlHdmpFeDN0dzRIMGk2MXdmckI3WmxVeDNBejhNSXMyZlFxVTNKcUNGdEl4b3FfV1dsejVRMFltdkw5MG81TVFjN2FCczNvbXc2TDRucjlnQ1AxbTh2bE01TE1ndXc?oc=5,2023-07-24,"OMIYALE: Safe Our Souls— Ajibode, Other Communities Cry Out Oyoinsight",0
Killaboi: Police dey investigate death of 21-year-old student wey her boyfriend allegedly kill - BBC,https://news.google.com/rss/articles/CBMiXEFVX3lxTE1yWktKUHhyT0xySnhkVkRoRktRZDduMnpWcUdjQXJiQ3R4RTFKRUFzX3Nqbzl6bGItSEV6ZE1vaUxFT29ndFRIN3h1WTJLVlkxY3o2ZFlQN1NyM3d20gFiQVVfeXFMT3dRUDBQSUJDb2dBUExySHVhXzU0UEFhVXlULU9CSDRfOVBQTzN0d0I1V1lnM1J5cEg1cjFfYjlKZlRXWDJRTGxvTjZVYnFfZHIzUWtvWFhlSUJLVWVyVXZyUlE?oc=5,2023-07-17,Killaboi: Police dey investigate death of 21-year-old student wey her boyfriend allegedly kill BBC,0
Flooding: Gombe SEMA cautions against dumping wastes in drainages - The Guardian Nigeria News,https://news.google.com/rss/articles/CBMilAFBVV95cUxPbFlCMHZTQ3NfUmhIUnBoaDNGWXdGdVh5dzFCUmZ3ZE40QmViejBIUUZHQlo1b0dNQUFDclNsQWcwMXY0RzlBNnVXcEhweXowS3JoY3M1a05nd3VDOWNLaTVYcEdYRnh5Si1zcWllTGFkb2ZRZ3o2QTlTQlVVUS1heUxLS3VVTDYwcjg1azZiYUdUdUlQ?oc=5,2023-07-03,Flooding: Gombe SEMA cautions against dumping wastes in drainages The Guardian Nigeria News,1
Agura/Gberigbe: Shame of Lagos - Vanguard News,https://news.google.com/rss/articles/CBMidEFVX3lxTE90RFNCY1A2N0Z1YlRXNUdBaDRabTBlMUI1RWhpVERVY1lzSy1YcGNFZld0dVNJbWVZeFEwOGp0WXR5djd3UXBfSHlEMGpaWmhuT1hrRE5sZnBreU40X0Fmb1B1UjAwMHB2YnY4SzliZ1Nhb0pL0gF6QVVfeXFMTzBtc1pUWUYxc1NCRmQ2cXhCSEltN1l5b043bXBhU0NYSDk5Mk9sSWdqVXJlOWx0Rzd1OWZjOW9EYWF1SXg5Q29yRjZoR1Z1RTRoTG5JRzdvdFJXSnNhZ19CYXFkdXplOXBkTVNJX3J2TkpQLV9FYjY5X0E?oc=5,2023-07-15,Agura/Gberigbe: Shame of Lagos Vanguard News,0
Community Reports - Channels Television,https://news.google.com/rss/articles/CBMiZ0FVX3lxTE4tWXdBTFFvcDZJbDF4Q0dibzR1ZmVIY3FKUWpqdnBqVGpvT0QtMXhVUmM3UFJoVEtwRm0yQXBiMW1acUhFVTJBdXV2ZEhpQVZ0ZTUtQm16bGJydTBTM2ZoY0NNTFp2ZWc?oc=5,2023-07-22,Community Reports Channels Television,0
"Please, fix our roads, residents appeal to Lagos Government - The Guardian Nigeria News",https://news.google.com/rss/articles/CBMimAFBVV95cUxObktXaGFQdW94Um5iSlNaS09KNXZlb3JoMzlpQkdyWW5GRWJIME9YRDdzTFVoWVkwcHdsa1VUNEdueUdwOXdRb2FGcDlCdERzR3hkTkVRY2RhOTlNdDNwbElpM3dRY05YR29SUjVYdTlOcTNvQWxOTm1PRFNON0phU2lVcUlJbHFGcDZxWDVkc0cwZXdzeWdlVQ?oc=5,2023-07-09,"Please, fix our roads, residents appeal to Lagos Government The Guardian Nigeria News",0
"Four missing, homes plunged into darkness as floods hit Canada - Vanguard News",https://news.google.com/rss/articles/CBMinwFBVV95cUxPa2lSNGlUMC1HVWR4RF9wc0toM1htd2VibDhwVEFGVDhqUTM1LVVRZ3BJZ3F4YnRUTm41YjkzMEZMV21OTnYyZllTYWZ4SlJiSEpEZ0RjM0ZLc0JkVHdiUHlGd2V3VnFlQVdmT2xlSi1jNGZUZXJvNVhMbWt5UlVmNGYzU3RTc3RCcE1jMmY5RHRFc09DNXgycUdMcWxEbG_SAaQBQVVfeXFMT1pqZGNZVUNpQjdUdHdvbnFXd0d6X2FDRUlBN3VtdUpUQzRtcTAyMVBVazNLSjBlNmtwLUxuR3NvNDdyM2x2Z1hSd3RURmdINTk1SkZhVlBKSGlmazY3anVuRUxkejVHc0hmaDRaYlZXcjdxbzc2QzNmU2dhNzdpUDl2MXRDbDh2QVVyVFBiMHNlWmZuaFVLYVNUQ0N4UlF4QmVPckg?oc=5,2023-07-23,"Four missing, homes plunged into darkness as floods hit Canada Vanguard News",0
"Green Spaces: Rotary, One Million Trees Movement Take Campaign To Lagos School - The Guardian Nigeria News",https://news.google.com/rss/articles/CBMipAFBVV95cUxOS1J6Q0RYZGdiVGZONDJWSUpaamM0TWhvaEdJZnZGeFN0VHlfT1dKd0VJRkZqS2hWM3c4T0RHYTVLVGJyNzAzWUQ5ZkhBZUJoZ3k0Nm9OMmV0VEtuZWdzR0F2RjQtVi1odU04UzA2VVdKWGdxbXpFblNVNXVvdF90amI0aU1nSkE3RU1CVHZQVXZCdExFNWpYMlJqRmpLZXoxYWczVA?oc=5,2023-07-29,"Green Spaces: Rotary, One Million Trees Movement Take Campaign To Lagos School The Guardian Nigeria News",0
LASTMA and deployment of modern technology in traffic management - Vanguard News,https://news.google.com/rss/articles/CBMiowFBVV95cUxQZW1LQ3owODRHcEprMEtkNUtEbEtCdmxOM0gtZ1dobEdBWFIyT095SnEtRXktYlZmY2lhUXVndXNPdVF5QXlSdW0tMmNqZlBKNkNlNTBZT1JzRlVOZGNkMmI5cWoxa2wwTkVKdV8wWWNlYVgta0swZnlkZVpHbWFVUkQ0LVlyQ2dYQk1jOVcxRUc0eU1FTmJhZ1Zxc2EzWEhXbDJv0gGoAUFVX3lxTE9sZ0ZpNmw0b28xLUJ3R2wyazhZZWpNN0ItaVd6RkVhYWtlYzlGVUYtR3ZvdWF4Zkg4SHp4U25fdk15WGVZX0JxX2hISGFObVRKWUdxS3VwOGlZaW50aWJvYUNXN1haUTRDQUMzY1JIUEN6ZksxNjA1TFYzcjhnTUs1YmlZUEFzSHhiM3lQZVNHVWkyTGJkaGJMUUVZNmZDOEU1aTlEaGR1Vg?oc=5,2023-07-27,LASTMA and deployment of modern technology in traffic management Vanguard News,0
Planned demolition of Abuja’s Trademore Estate - Vanguard News,https://news.google.com/rss/articles/CBMiigFBVV95cUxQMkRIZmJmZm5LTGQ0QmNfYlM3dUtWelVvZ3pxaEd1Z2R1LXBuY0ZVSWJzbDRoZUZvSHBIMFZ5bTdkaVV2bWdNSkM5cFgwckpmU2VGUldHaGJyZVJTbnVVOUFpN3ZKOU95bGNqTURfYWV2R2R0bzd4RnFHcVpMZFJ5T3Exd1NtMVpiZEHSAY8BQVVfeXFMTmtOV1BJbFpVWWI1cjJGc2FlaEpKcjIwbmVGMWtMZDhYWWN3Sk9OYWdSYkJlMkpCaENyczNsMmNMbGV2TGU3OHJfZjdTaWhtbE5uWHA0RXZsTi0zckhzdWdMX0RFYzNWdVRxYVhhZDc1QTVTRnFvUDZKUGhxY3I2ZEItVmdJd3ZZMFZ6Q2Z2cDg?oc=5,2023-07-06,Planned demolition of Abuja’s Trademore Estate Vanguard News,0
Seven Children Rescued In Lagos Orphanage Home Fire - Channels Television,https://news.google.com/rss/articles/CBMilAFBVV95cUxORG9tRG9PR1JNNFkzZVFMVWhmbWZOM2tjWVFNdWZQb09zenZ2em8zX19nR0RUUEktWUN0UGdIclRuMU14NW43c3A1dWhsZmhoME9FV0ZUSXlEbFBjVnphclB0clRTM1RuTDRsLU51TWNLX3l2QzA0a2w5UFBjcWUzMzJGVW9aXzIzN1FaY0Fha0JVcUNf?oc=5,2023-07-17,Seven Children Rescued In Lagos Orphanage Home Fire Channels Television,0
Tinubu returns to Abuja after five-day stay in Lagos - Ripples Nigeria,https://news.google.com/rss/articles/CBMijAFBVV95cUxPMVBLYVFSRjRLWTU4ZzctdzU1LXhNOUtCRnpmZjh1Y0ltNnUyaWJxcUZ6UUhBR2VjNDhURmNSVW5xZWNmZGlpZzBRQlFKMzdURjZZaXQ5YWlGSHlscmZTa2ZDZGtfbDFoaVVweE5Gc25XR21lTXlOMmV3aVd1cTZyVVJjY3Q1SlE5UXZIRw?oc=5,2023-07-02,Tinubu returns to Abuja after five-day stay in Lagos Ripples Nigeria,0
Ikire’s flood of fury - tribuneonlineng.com,https://news.google.com/rss/articles/CBMiXkFVX3lxTFB0UXV6dERLQ2t5UkxIMU9jX0dlM1J4emtMUEg2RVN0WFRja1ROMi1heC1RdEZxdm0tekI4OG5GQzBud2ZSMUJ2Sk1MNWZlRXVWdGQzUzRUNnN6YWZUbUHSAWNBVV95cUxNMUpMNW83Rzhvd2UyQ1pOMElFOWE1dmdaX2xncXRZT2JzWTJtSC1BUlhaNkhuVjVESzR2QllKM0VoMllxZFdyUlpYOWdjRDFrdVFYRm9yVTBLTzJyNVR2NzJ3M00?oc=5,2023-07-28,Ikire’s flood of fury tribuneonlineng.com,0
"Again, Lagos Closes Apongbon Bridge for Palliative Works - THISDAYLIVE",https://news.google.com/rss/articles/CBMimwFBVV95cUxOQUFPcTFMZ1NGUG9vWk1mMWM5djg5QmJKME9iNEZ1NWhlVzBPRDNQWkktNEUwQ2tIV1JCTC0zVGVYeUtLc0tnblZBZXpUSnBEX3d1QWVqc1JWOVdrdEx5VG8zODVCN0VnaGQ3NzRXdTBYcjhGbUZldFdNUlBpNi00dFRxbWpNR3JQemI3UHRKSG5kSnRxa0w1Tmc5NA?oc=5,2023-07-16,"Again, Lagos Closes Apongbon Bridge for Palliative Works THISDAYLIVE",0
21-year-old undergraduate murdered by lover in Lagos - Vanguard News,https://news.google.com/rss/articles/CBMikwFBVV95cUxPLWMyc1VmVUx4aG55U2xLVUFKWHJLT29oQUFDZlNMN1JyVnFiS2JSUTlxTG1JMHk0MUFHd0ZYbFZFV3NLWU9Gb0ItcDM0N3hyUld0MnplV2FaMWlaWktWcWV4SmJOSWVDV3FQUXkwYTluXzN5dXhuS0VwV1dSQ2FydWo4aWRPYXppSEVrc1ZCYWJqWkXSAZgBQVVfeXFMUFFNZGo3cTgxc3p3YjJhNE0wVU1qeVhIbzBCNlI0U0dfTkh1dHdvc29jbGwxZVEyX0YxaHg4WkNiZWhxSG5SVFBqYk11cDJrYW1fMVZRWkhEWkQ5VFgxX2lRbGlVSEUtWlBlZXFGU0xoSHRxakhmVERoVTRuN1ptV0dVRlRYVTM1eDZSUV9sMVp0ektxdDhRS0Y?oc=5,2023-07-18,21-year-old undergraduate murdered by lover in Lagos Vanguard News,0
Bayelsa Community Obogoro Faces Extinction While Awaiting Govt's Erosion Prevention Project - FIJ NG,https://news.google.com/rss/articles/CBMiswFBVV95cUxNVHRMRzRnVTBxVWhpRUxPOUJsRDQ5V2hQdHhoSERtYUZwajVJYVd4QmZ2MXlQdHNfcndLVGNMNWNVRkdpRG1aV2ZHQzlnQXlJRG1sNU5jUDhWXzl0ZXlMVzF6TG5wa3J4Wk5qMmJMZWxWRnIyampROF9RMHZ1TnJ5VzR0bEpPbmtXdnk0aG5lcWNhNnRPa1VlOFBLSWFFZklCYm9EODVEeDJLaWgwQUhaNllXcw?oc=5,2023-07-13,Bayelsa Community Obogoro Faces Extinction While Awaiting Govt's Erosion Prevention Project FIJ NG,0
"Commuters, residents stranded as flood washes away bridge in Ibadan [PHOTOS] - Daily Post Nigeria",https://news.google.com/rss/articles/CBMiqgFBVV95cUxQTUVwdEdLZ1ZRcEdqWHl4QnRtT0p3VTB3T0VQLUZnNkdZdkpGMDZBU3JZT09CUFpYTjhBNzVmYmtKV1hiSHA0V2h0bTF6Y2hObDZ5a3ZmX2NrYk8wYnZVcFBPMHZ4ZTVLT25CMEs2RV9FOHdtLXkwZjA5MVd5ZHU3bG1QVlpRYlRVMkhpeHB6SUJwWkoxX0FIUHhXTEtSTHFWbmJIVmR6Snh2dw?oc=5,2023-07-24,"Commuters, residents stranded as flood washes away bridge in Ibadan [PHOTOS] Daily Post Nigeria",0
"Enter, Eko Rice - The Nation Newspaper",https://news.google.com/rss/articles/CBMiW0FVX3lxTE9DN2FyOXJObE04M0xkc2loSm80Sm9rWmZXNkNIWGNMSmYxaFQxVTF5cFFyQzJoQVJGVENibWU0YjMybUVqd2gxQk44aG5qTGE0U19ndGFtZlFUWlXSAWBBVV95cUxNMEhjaGR2MHdiUU9PVFI4MUg0ZkNkOTlmSzA5ODJqS3lMMHA4b0RVN0FTZ2xoRFl6RTVYaFUtTlk2OV9fSl9jV0FQS2JVazhjLTYxT1Rzb202eVhpUzZmZ1M?oc=5,2023-07-19,"Enter, Eko Rice The Nation Newspaper",0
"Emefiele Appears in Court, Pleads Not Guilty to Gun Possession Charge - thebossnewspapers.com",https://news.google.com/rss/articles/CBMipwFBVV95cUxQSEdMWGx3eFlkOHd5TmEyR1hzOURNWVNqYVdEdHZJUk5hV2lraDdHS1hKRHJ6MUFIdE43djdLck5kMHBEaXViNnM1UGhvWEpEa0hoRmMwbFkyVGtBTFFuckVpLWxBNm5oZk9HMUhhcDYwNVRldFkzWGxqX1loMzQ3UDAwVEJvdEJJZHdETjJidHpQU0ZtbDFRdzRuVDJVYnZPcXk0di10QQ?oc=5,2023-07-25,"Emefiele Appears in Court, Pleads Not Guilty to Gun Possession Charge thebossnewspapers.com",0
UNDP Seeks Strategic Alliance with Anambra State ICT Agency - Techeconomy,https://news.google.com/rss/articles/CBMiigFBVV95cUxOVkxRaXo5ZWxNSFB1b1diMkdVTThIZXA3elFoQ3d6bUNUVjI0XzVsd01OaWc5QjU5SVl5Y2pCaXRDc0J6eEVUanRvcHVzUUdkbEI3ejE1UExZVnViQUs1Y0RxMVFkRGpSc0UxS3YtMEpuRnhaZFFOaXYzSVJIVm9XVi1hYlcwRlNSa0E?oc=5,2023-07-19,UNDP Seeks Strategic Alliance with Anambra State ICT Agency Techeconomy,0
Floating architecture isn’t the future. It’s already here - AccuWeather,https://news.google.com/rss/articles/CBMiowFBVV95cUxQXy1PVVIxcTBOOGJjcU5xYUQ1cmZNb0duZ0w4UmhZcUZ0ci1sV24xMXVqRFlIM01VVHkyZTBxOTJ0emxhX19WN0lZNVU5OXZrUk5Ldmt1Q2oxZXZqSDYtSnA2RXA0dU9OQ3lxbmhIMzN6YV82NktxemhWb003eEc3V1JwWnRzX2gzaHBYR00yam1LbVdzbmtCVk00UlRVVHg2Z0hj?oc=5,2023-07-27,Floating architecture isn’t the future. It’s already here AccuWeather,0
"Residents, Travellers Stranded As Flood Ravages Osun Community - Naija News",https://news.google.com/rss/articles/CBMioAFBVV95cUxNNE93QTdWV2M5Y1UtQ0dOdVF6YU8xN2lQOEZrSU1jWWJMUFozb1FPQ1lnZFFvSl9acEk2cU9EVDNyWkpJaHZhS3gxREthYnkxTUgzdVBsNFc4UnFQZTlFZ0k1M1JnclRYYTcweWxHdFdlRFRaNllxcTQzX0c4Mld6bEFmUFB0N0xsZkdBMUw5dmhkR2hzTTVRMzN6ZlZWWUlw?oc=5,2023-07-22,"Residents, Travellers Stranded As Flood Ravages Osun Community Naija News",0
Residents Stranded As Flood Washes Away Bridge In Ibadan - New Telegraph,https://news.google.com/rss/articles/CBMijAFBVV95cUxNMW5veGtrTTh3c0ZjMmhPcWFTNnFkbklMV2RqLUdVV2tEWWROMDh5YmZSSGoxWVVfa3YwY1JvcGduRGpuV3VIZlJvQTRiWjNqeU91Q1A2anlGdFpKQS12VDc4MXhWbktvWU54SmJVRjBtOHBnVnZVVHBuX1JTWjd6QXN1UEZITlJRVk1jUg?oc=5,2023-07-24,Residents Stranded As Flood Washes Away Bridge In Ibadan New Telegraph,0
"Despite huge revenue, Lagos local councils underperform, worsen residents’ pains - The Guardian Nigeria News",https://news.google.com/rss/articles/CBMipgFBVV95cUxPOEJGZ0EwbE9YZWdLRnBEdWVFeW1pVC1GSVAyQlhyX3l0VHNibUFvRjNqaG5PX0g3TEptOGxtSDFMQW83LVRib2lzanB1VkJZVS0wOE9nbExmUi1NU21pNjZyTzZVTTdXNnNrSnNxMVNwa1dpUnVjMG5CUkF4TFkzX3BNMXFWdEIwaEQzZG5BRThUUEltb2NISVV4TWZmMTRnWHBPVVBR?oc=5,2023-07-14,"Despite huge revenue, Lagos local councils underperform, worsen residents’ pains The Guardian Nigeria News",0
How Nigeria can turn brain drain to gain - Business News Nigeria,https://news.google.com/rss/articles/CBMiiAFBVV95cUxOZjY5Yk9YV3ZWTjJRalRJWmdwd1Rad1diRlB6YWc4b3hCZ3Q0amFoNGlrUm5Rc1NhRWhiUk0wSVNpNGJCMWJxYVNiRWFPd0N4c0d4R0NWRXlNbWxmRHlvMWhLOWFsZ01zX3RvZWk0bEllMTliSEh0ZU8xQ3JqMktYR3V5UzFNZzJD?oc=5,2023-07-05,How Nigeria can turn brain drain to gain Business News Nigeria,1
Using the Waste to Wealth Model to Address Nigeria’s Plastic Waste Problem - Business Post Nigeria,https://news.google.com/rss/articles/CBMiqgFBVV95cUxNUC12Q195OXRjTm1sYWwzRnNhS0hyaDJDWU5oWVFNUXZPSzRCckZZcGNLa2hFQzJ5a3RRZEJlcHpMdFBGb3FUamVjZ29CeGhudDNyYTltd19sMmdmR2R6Q0tRb0FWRi00R1k1TmwxbFljNy1tbFBaX2dQYnE2SXNCV2lkMDlsbmtwOU1Vb056MWJUR1VvV2xqb3RuSXJraFRkNE9uRElkQzhSUQ?oc=5,2023-07-02,Using the Waste to Wealth Model to Address Nigeria’s Plastic Waste Problem Business Post Nigeria,1
New visa programs spark brain drain fears across Africa - Rest of World,https://news.google.com/rss/articles/CBMigwFBVV95cUxOR0xkdnFSTks0RFQ4a2VXeGZQdUZ1YWpaUVNGSFIwNGtYQW1kWERPMWZpSXlybjNmQWpqQVptenFQZzM2cjA1bmszSjFiTjBLUlR2Rk4zd0J5SWlFSVRzN09HYUhTOWZrcm5xME1hbzlCckNvMXFIYjJLMVByVGtJcDhORQ?oc=5,2023-07-21,New visa programs spark brain drain fears across Africa Rest of World,1
Addressing The Needless Traffic Deaths On Nigerian Roads - The Whistler Newspaper,https://news.google.com/rss/articles/CBMihwFBVV95cUxOSnhrZjJzd0dfZTJoQnotSHFsUGc0eXItYnFIMDNGbnJKVms0MlQxeXhNbWdPR2h3ZW51cnNBdzhrNy1SOGJmMEN2VnhVZVNBdE9mZmE4TFA3RHA2YjdqQy1UQTZPYzJpZk5OeXJfN1o3MTNic3RJZXQ0YUtWNmlsTFBUeHdmbnM?oc=5,2023-07-13,Addressing The Needless Traffic Deaths On Nigerian Roads The Whistler Newspaper,0
Cowrie Creek Estate Residents Lament Upsurge Of Shanties - LEADERSHIP Newspapers,https://news.google.com/rss/articles/CBMihgFBVV95cUxNUEpFTjEzZGFhQS1WT1ZMUXhhRVdyZkFvOXQ2MHdxcjlHVVNzMERhcHp6bkUxTjZlSTgtS2YxX09LN2VYekVOQTRpVmdORXIyYXlZWnFWcXZIOEVtZXExOVE2TGRIQmZmMVo4NWFOeDY5am9FXzZMalpXOVJqallhX25nS3gtZw?oc=5,2023-07-26,Cowrie Creek Estate Residents Lament Upsurge Of Shanties LEADERSHIP Newspapers,0
"Medical tourism, brain drain affecting dentistry in Nigeria – Amy Shumbusho - Vanguard News",https://news.google.com/rss/articles/CBMirgFBVV95cUxNZlVLN3d1U2NqTkk5YkdRZDNEVDh0a0xSVXkybWE0SV9XZlN1Q29IZ0JyMUxDQzFGb2JjMFdIM1NmRWJ5M08wTVdTZ29zX0M1M1Z3eVRZQ1VONEtYVTVjMDVVb1JRVjdwY1BiNWJKdWxWQTJDZUxjTDdIcFg2eXJMQmlLajhsMm5ibk8ta1k5d3dJSmlLS0lNckdlVUtocF9pbkdPanY1dXpVNFpkZXfSAbMBQVVfeXFMT1NVcjFsbmJudm5xSXp2RjFJeGZYdWM1d3hKQl9GZTI3NDBqbzNidFI0ZU1GalY5M2hEWmJaeVlLOHRKQ1E1SF9SU211YXgwN2QyZ19MYWg3blFURy1Qa2Z4aS1RMTRxVVpVNmZYbTBLNHRURU5YQkhiSlh5T05VVmpJM052Wl9hMUdobzJ3S1hDUURsMzBDbFVHQUtrSFZVWkltMFhRV0FmeVBjWTVoVXNIMjg?oc=5,2023-07-04,"Medical tourism, brain drain affecting dentistry in Nigeria – Amy Shumbusho Vanguard News",1
Cowrie Creek Estate Residents Lament Upsurge of Shanties Around Vicinity - THISDAYLIVE,https://news.google.com/rss/articles/CBMisgFBVV95cUxPaHZ6Y1AxSGhLaHNtemZCMV8ta0Uzd2VzMGkyZzkxSkhiNzVvZFIxSU5mRklwQ3FCZHVCZXFYMFZjS0JteXVqdDNqN2tGb3NyUkNzSkZ0NVVhMlFsVmtwSjk3c3BjWkZEb01FODFWdWU5TmtBXzFKRU5DR1E2WXVLNlEtY1llVnptV1JWdnlmc0dQQTJRdS03NUZLNV92M2s2UWg1WDFvTzhhU3BNRTVnNHpn?oc=5,2023-07-27,Cowrie Creek Estate Residents Lament Upsurge of Shanties Around Vicinity THISDAYLIVE,0
Yinka Ogunde : Determined to Rescue Nigeria from Brain Drain - THISDAYLIVE,https://news.google.com/rss/articles/CBMinwFBVV95cUxNLWswT2RRS1FvbGRacmFUUnNtR1poMjNwUXJoZzJTRXI3M3I5REQ0VTNWUUdxVWZwZXdGY0EtSE5pVG84aXBwX09ZRFIyaEwzU1BSUGZMQW1QbENuRWFHRWhIRThHR3I5N0F2WENYQjF1Y1c3RlZpUFQ1a01hc3NCRFA5cTBYMkhLSm1aTU1YRlhrSjRUelkxMXNXQlF4RXM?oc=5,2023-07-16,Yinka Ogunde : Determined to Rescue Nigeria from Brain Drain THISDAYLIVE,1
"Heavy rainfall: NEMA issues alert, warns of flood in 14 states - The ICIR",https://news.google.com/rss/articles/CBMikwFBVV95cUxNbVVPSUZGRDVsSDZrMkFmb0U3ZHItaGdqTWNCWGJFWWtWeV96OUlvdXIxRUtDa1pFdjZXaEtjV0lyTU9mMkJ2M3JaczRxa3NKWkZONHpULWt4UFZTYjI1TzlSczdFVVM0S0xqaGtmRnpELTI0WU04S3dqQlV4LXJMNllKSGd1VzJJUFdPUFVzcmx5MEU?oc=5,2023-07-05,"Heavy rainfall: NEMA issues alert, warns of flood in 14 states The ICIR",0
"80% of flooding in Lagos are man-made, says govt - The Guardian Nigeria News",https://news.google.com/rss/articles/CBMifEFVX3lxTE5aanVfOTVuQmpabmk1UmVlRm9BQXdCSzU4Tm1wYnpJalVRa3NDaXlXR08yYlZQazczUGlqMklWRktFdnIzcGltY1lqT3I3NTZ0dEFOanQ2ZE5TS3doLXFFQXNCd1drOXJURmViNHZ3aDVhSmh0bUp0WGJ4TTA?oc=5,2023-08-15,"80% of flooding in Lagos are man-made, says govt The Guardian Nigeria News",0
"Lagos Issues Flood Alert For Eti-Osa, Ojo, Badagry, Ikeja, Ikoyi - Channels Television",https://news.google.com/rss/articles/CBMioAFBVV95cUxOX1hDNXBBV2sweUlpTWtNZTRvU3hURV9MX3lvUDNoXzRROFg1M1dLd29WdUV1RjZpZGs1SlIyVFJZMEJMekNjWXdUekxZeHFESG9IOUZOd2p3U2w3ZXo2SWJ1dE1zM3RINUNBTllnVjliMWJIc1dza0FERDlWNFdfbkhHVF9FVGZyM0oxMzJaTmpxVGhrVnRqWjMxS1NVMTNX?oc=5,2023-08-16,"Lagos Issues Flood Alert For Eti-Osa, Ojo, Badagry, Ikeja, Ikoyi Channels Television",0
"FLOOD: Prepare To Relocate Until After Rainy Season, Lagos Gov't Alerts Residents Of Eti-Osa, Ikeja, Others - The Whistler Newspaper",https://news.google.com/rss/articles/CBMixAFBVV95cUxQWVkxME5pX3Z6eGFTYU90R214bFB0U2NCYTAxNThYVi1nOTYzMG13bVpNVHk3RHYzSFJpQjdRdlozQ2FrbUpVSGprQk95SE5hZmlGQ29hNWJmSVRiZ2pfMDRsLUtQUGdVQjE5ZTBqM1lvcGxqWEFQQTliMXBKMlRXM0VuSFFFVXNBUDVlZEUxMXRWTko3LUZfci1ud2xDLWhkbGVpZVc5ZWVXSUowZEd2dWxXc3pjQWN3MkE4NnJVWERKYTNE?oc=5,2023-08-15,"FLOOD: Prepare To Relocate Until After Rainy Season, Lagos Gov't Alerts Residents Of Eti-Osa, Ikeja, Others The Whistler Newspaper",0
Lagdo Dam: Lagos is prepared for flood – LASEMA - Business News Nigeria,https://news.google.com/rss/articles/CBMiiAFBVV95cUxNdE40Q0I2amRiRE1mZG5BY2F4SVpOUjFVSnRGMnhDUE9OWXlCMDJJb1NkU0FtYXNDcGs5Um8tUXlTV0JfcDR4aVA3YWpxR25SZG5RQVF5UGM1Ri04MGRDMDJNbE9TNDA1THBRU0FpUWQwUXJjMzZrYjY2dHVueV84U0UxcnR3MXhw?oc=5,2023-08-31,Lagdo Dam: Lagos is prepared for flood – LASEMA Business News Nigeria,0
"‘Be prepared for heavy rainfalls, floods’ – Lagos alerts residents - PM News Nigeria",https://news.google.com/rss/articles/CBMioAFBVV95cUxNeURfSGFHYlhHVkVoTWZfRWo0bEZsSHYxWnQwSUZSZ2xtOW1vX0hWR0YzY25kVGVldDZNRXQ5NGFuSXVSY1V0UVlSYjI1YlBBTl9CLVlKY3pXZ29GNG1PVjh4SEVkaDhWZU1wQmZFZHdJMjRQNEZ4VnJCN01kS1NYenRfNmY0RjFnNmtqaGNSYW1ZVjFJakNBaXZFRDgyZTMx?oc=5,2023-08-16,"‘Be prepared for heavy rainfalls, floods’ – Lagos alerts residents PM News Nigeria",0
"Red Alert: Apapa, Eti-Osa, Ojo, Ikeja, Surulere, others to experience flooding - Vanguard News",https://news.google.com/rss/articles/CBMirgFBVV95cUxORTdEUm5NMndLTkhfcUtqclpBUUxsRXN1a0hPT0N6M1E2dE1jZlQ3NWc5UC11S0RERXlkMGY4bzFyeXZidWZiZ0dnWmw4bEFDWEl3RXl4TUczdWVCY1JMaWgwdVVKTEUtY0lHV18tcWVNNjgwX0k0ZG9wX2k2SDNrRnYzME9sM1ZZT2NSNUhwbUV6bklEUUotdlJLUVdjREVyV2t0VWlCd0lLTWZuLWfSAbMBQVVfeXFMUG55RkJ4WFBnWV9MTWxGLXB6SlpPUzU2T0FkLXMwV0RwZDQ1cXZnZDJEMVl5MXJEbHlZY1ZvYl83WXIzVm12aUt2OVJ4N2c1YkROLVdRb1V2cFgyZDVjQ1M3NVVDeHczWDNNR3ZtRUtTM0kxTGNTaG51aHE0NWNXLTJQQmxpd3hBaFgxeXkwZzc5YUdub09Ed2d3cXZlVzlLZlpsemhQZ1RBLTBTSVRBM1BLT2c?oc=5,2023-08-15,"Red Alert: Apapa, Eti-Osa, Ojo, Ikeja, Surulere, others to experience flooding Vanguard News",0
"Flood: Delta, Ondo, Sokoto among 19 states ‘likely’ to experience heavy rainfall in Aug - TheCable",https://news.google.com/rss/articles/CBMijwFBVV95cUxPWFZTTEI5NmRXWXJwMjZCRjFwUGd4Wm1GNmtnV0FPajlIblNIa3FYcWlIeWFTeV9lSGVOOGNmZGVIODlGdG5yNXMxWFJOMmsyV2FKWFpfa0NyTGJSd2Z1V1cwbi1teWp1dGJsYWRGMGR1Y3FvVFcxNWtiRFRDWjJpQVFWSXNaQktNeFhDNl9LRQ?oc=5,2023-08-14,"Flood: Delta, Ondo, Sokoto among 19 states ‘likely’ to experience heavy rainfall in Aug TheCable",0
"Delta govt warns residents in lowland areas of impending flood, urges them to relocate - Ripples Nigeria",https://news.google.com/rss/articles/CBMiuAFBVV95cUxNdUlxWkpDY01FNENTdzJiX001SmdwSllZVXFZeEJjUmY2SUZpQ1VfLS1ma3FXdS1OZUtsN1ZSWnlQbHQ0enpGVDdFLTBleWdQd25CM2FmX3RteFAtcVJDU2VCT2F4blUzSF9TRW1QdjhtLXc2NFZacnlqRmk5VGZ4ZUVBUHNoTzlZbmtTRUY0SklERm1hTW9iVjVjcTBKaFBEZUN0dllXU0tQX1RkamNWc2ZTSzJYV3NP?oc=5,2023-08-31,"Delta govt warns residents in lowland areas of impending flood, urges them to relocate Ripples Nigeria",0
Ore residents protest as flood wreaks havoc in community - The Nation Newspaper,https://news.google.com/rss/articles/CBMikAFBVV95cUxOUjBSSVJjTUVHZmp0czZ1UU9oQW10NUxtdWVnZGVPMjk4c3RfZ1dtUERJQ3V3TXFrQS1ITHBtX3h6OXJPRkFVZkhRellvOXNDSmhzYzlPTHVlVENmNHd3NGJNN0JiT1ZMTWdKc01uOTYwM09rdDRkSzNUN1NhNGQ0UVg3SWdDN281MkxuNUppaHbSAZYBQVVfeXFMT1lEUml0SExac29OMkFrQ3FUczZxazNMRXBJZV9tVjFITTZ2NmVFb0NIRnFjbE5hREdWTEpPUW9mZTRTNXBkaWhRNnVzVVY0bnVNYm14NnJmeGJ1QXVSYi1nZHhBblFFRGliRDlQcnpaVnF0RG1GeXh3bmZiUy1keHZIeUoxVHNmSy1OemVvNjZPaFpMRWJ3?oc=5,2023-08-04,Ore residents protest as flood wreaks havoc in community The Nation Newspaper,0
Political Mortgage: The Flaws in Lagos State Government’s Housing Plans - FIJ NG,https://news.google.com/rss/articles/CBMimAFBVV95cUxOZTVsUThzVVFlTEF6VGNWazFvQ3AybnpvTFdMREFHUW1DYWJQUFM2cDRKdFBOQXVzMjNFQ2NENzlEQUZ4Tng0dFlMQzh2M0Y3dnFMTlhSZVVOenV6dDFEdU42Uld2aEhteDZkZTBhUzZsbmZNU0NLeUsyX2d2anN3bE50WGdDODVhM3VjZmxTSmZjN04wUlVISw?oc=5,2023-08-11,Political Mortgage: The Flaws in Lagos State Government’s Housing Plans FIJ NG,0
Port Harcourt Flash Floods: Residents Recount Losses after Heavy Down Pour - Nigeria Info FM,https://news.google.com/rss/articles/CBMivAFBVV95cUxNRWctNGxpY0MtbkxoeE5tSS1ycUMyWFN6M2dBTEVhYkRJdVhERnlKRjgtd0hNVF9pMjdGUmdncmN0WmZTR205Q3NpdmhROVBpMU15WDZGSkpfNks3a3RGdE9sM1RDR3JHUjNYZDFTOGtzNUVuQUwxd01fS3BqT3BzdkM1MGZGZ3BwZGpwbW1SSnYtbFM1Q1R4QjVGUzJLS0NKZmpOWnlmRjRvSzJLZ2o3eEgwb1F0aS1TVnZ1dw?oc=5,2023-08-22,Port Harcourt Flash Floods: Residents Recount Losses after Heavy Down Pour Nigeria Info FM,0
"One year after tragic flood incident, residents fear another mishap - The Guardian Nigeria News",https://news.google.com/rss/articles/CBMipAFBVV95cUxPaWpvdE56VFhPaXg0SjhqOVc2ekRZNExNY2xyS05rQXhyUWpkMVlYX3JJRWNjYXZjSkRVclVhdFkwMXZPUFh2Z1UyT2NtNHl2eENrbFFEY2p4Yi1PSzM5X2ZxRkNJLTE1c2xQLW1Ja2Q1aHF0NEVOOUVvTXhqTGNROGVlMldIZlE1dWhTendsWHF5WF9qWENvYzZmR3pBaFRqNldXLQ?oc=5,2023-08-13,"One year after tragic flood incident, residents fear another mishap The Guardian Nigeria News",0
"Lagos govt, LGAs partner to fight flooding - Vanguard News",https://news.google.com/rss/articles/CBMihAFBVV95cUxOTE8xeFh3X21DSkRQUkNEV0c1UTluSEVOdmZ2QWVtUTRHVl9FeGRwbVdMNWVXMlBzWDktUEVINUhSb2Vnd19iR0VCSUxHRjVqQTVPd3RqVnpvS3B6S0t5YVBtQWhNdlhoOU1KUV9adER4My1ad2pUemNJVzhhbjNTY3pISWHSAYoBQVVfeXFMTWNWeG1vVnlVeHZRdWUyeDJyc1R1NGFiR002RHE5UHVUdmlnVld5YzhnNXp1UGtmVTN5eG9QMnpvWC1qaFE2dVVwVDRrSmo3SUQ4MkZ4X0d0b2YyMHRVUFNuOTVOTW9LZTRnVjVuNDRUZUFleWlocW44VjdmMHdnWEZaU0ViY0JMUHdn?oc=5,2023-08-10,"Lagos govt, LGAs partner to fight flooding Vanguard News",0
8o% of flood disasters in Lagos are man-made – LASEMA - PM News Nigeria,https://news.google.com/rss/articles/CBMikgFBVV95cUxQcVUzSlN6TGlDb0R1TTdWQ01vT09jMmtNM2llVV9EMDZReXY1dUhpS29idS16OTcyUjZ1UnFlbVRDdUFaUlRHcHRqM18zek5KeHJIN0NoTmJ4S1Z3WHNSdTVEYV9YdmJpQXpkLU5kNnFiTFFpRHBmTVFhVkQzUVJBSlZ4OE5MTkJnekNWTHNmQW9mdw?oc=5,2023-08-09,8o% of flood disasters in Lagos are man-made – LASEMA PM News Nigeria,0
NEMA sets mechanisms for emergency flood interventions - The Guardian Nigeria News,https://news.google.com/rss/articles/CBMihwFBVV95cUxNcFItaGV3ZWlkbU5Fa2RYM0FmRkJtckJ4dllsR1NHQlNxWWRjdjBRaEpwX2E0dUN2MDhwUk55NFpHZF9NSGNTR2xPbnBMUGlGSEQydVlGQnhtdHBaUFRGSXdSNkhBbGd1YW1nNWlzTjlQQ2tpTm9iaVF0U0dkVUJmMG9kdE9LQnM?oc=5,2023-08-10,NEMA sets mechanisms for emergency flood interventions The Guardian Nigeria News,0
Flood alert as Cameroon releases water from Lagdo Dam - Vanguard News,https://news.google.com/rss/articles/CBMiiwFBVV95cUxNMVZXZ28wV0haM1BsR0M3bDJnY3JwSXdVRWpwRDVWNXBYakszSkhrS08tNGcyWDNPdko4bG81RWhsY1F6b1dXdlZvWWZkc0s1ei1HUDY4RDh2TUZpLTNadGpVZGhOTDQ4dWk0Ny01VUtCMTZ0ZlpyaklSVlR4MklHS1A3VzdkTFowUDdj0gGQAUFVX3lxTE9oTlgxeURkU19xNWxFRGdsZWhSWHJaQ3pxV0ZsZFBkR1FoMGNVdC1VakxkNEUxU1YyYjJwckk1TkZvQXpWcEpzV3BPaE85Mmt3Q1FKb0p2Vy1MQ041M2JaTmN5MVZZME9fbmpRaUF6QzlCNUdycXBpWVFaUDJXRjQxRkpHZUk4MXN1d1hOQ2dRdg?oc=5,2023-08-28,Flood alert as Cameroon releases water from Lagdo Dam Vanguard News,0
"Over 33,983 persons already affected by flood in 2023 — NEMA - Vanguard News",https://news.google.com/rss/articles/CBMimgFBVV95cUxOcmwtTmNpUi12SjljaTNwVGlKYXgxUTBkRGhGRGJCbjlkYmEySnVzMHRqeDY3UW8wYThsVWZxMEE4cEJHbHlEY3Q3VzFHcHNFZERZdXJRei14UkxaRGdpc0pkR2dRN3hfNHJpWDgzMXVuN05LSFQ4V3lELUZXbzgyUHR6UmZFT1NFdWFlcDRpd3RtVWpiU1pQYlFR0gGfAUFVX3lxTE1jYkVaaWhlc0tjQjFpXzVaM3FVV0pHSGY1ZjA4YmhicG1JdGdDR0pYaGg0bjBucXVac19IaGw1ckJGOUVacEg1SHZVZDhnbnhBaFNJZ19lVDVyRUlpOFA0Y0QxeGp3eDNTYTVBck4zVGZTdXZNN21NVTNncHNJY0ZnQkVEcGloTi1paE1Gd3hjZmV4WUlMbkxuTnZyRTZDcw?oc=5,2023-08-10,"Over 33,983 persons already affected by flood in 2023 — NEMA Vanguard News",0
"Tribute to ace journalist, scholar and humanist, Prof. Lai Oso - The Guardian Nigeria News",https://news.google.com/rss/articles/CBMinwFBVV95cUxPZXVlNVFwWWtPUG1BeEJ5QkhnOGpnZDI0R2xlbnJKS2hHU18wRzB5cV9PZU1GeXFDYnhQYWdtWFIxampDVUExcGIwOFZSUDA3Y2hJREI1RXJYUGNwWkp1dnlRT0NNcnhuVHQxXzdIRGZTMmlHTExUNGgwUXNpR28xQ3lna21wZHpyMnNXdTRUZGNjdVJGdHN0dFRaaVVrb0E?oc=5,2023-08-26,"Tribute to ace journalist, scholar and humanist, Prof. Lai Oso The Guardian Nigeria News",0
Flood Disaster: Water release from Lagdo Dam to last 7 days — NIHSA - Vanguard News,https://news.google.com/rss/articles/CBMiowFBVV95cUxPNlN5ZVF3M1BMM0RGdGNhWklUbGdid2w1Z1JDTGxWb3BvY1NScnZyZlIyUkR4RVB4cHNwYWcwZG5YemsxREJFcElaRlhJVHdXYzNVYWI5aTZGS200MG9veEJveHlzSG1fZmJGaUhTY3k2OW5jQ3VTY20xOUxRdEhDWl8yMjMxcWVLSXIwNWFaMS1aUFJETzRZcWJNVEJRUDluLTh30gGoAUFVX3lxTE9kQ2gwaks1TE4tbl9WY0gxRnhKei1QemdfWHBTdDFDVzdxZEZXQUxydHNEQ2QycGtwbDBBdUhJMWRNSjY5ZEJWaDJyZ2t5M3REVlRhQXBBOWtWRG01TXlsbUxNZzlhMThkRlBmWUlwX1ZWTFNwaXpVTXdhWlNsTjdSWlNnZUxiTEZXRDZoUTdqR21QRDBidGwzamNpRHZGTUowVzJGMTNoMA?oc=5,2023-08-29,Flood Disaster: Water release from Lagdo Dam to last 7 days — NIHSA Vanguard News,0
We’ll manage release of water from Lagdo dam — FG - Vanguard News,https://news.google.com/rss/articles/CBMiiwFBVV95cUxPMmpqa0p5ODdlTjZ0bjZpTkVDdTZUZHFmRV9jZzBqSGl0QzN4cnRFMG1UTUJnWXhVMHdYaldKVmJ4N1ctQk1hXzVMX21KMU9WTmEyeVQ4VmtvUS16dTBLLWNhdFI0Mkd3ZDJjVG9EMmxXX3pqZW1wZUxmUERFd1dmQUFNb3BMYXJDT2Zn0gGQAUFVX3lxTFBocW9OTGR3dkE2ZkhMeW1YWkcxeHgtRkgzRTlta2JBUFNzRXEyZHZobkh2dnhBNXkwdU5ud015VFpHN0NEVTRNWVgzVDJKQkwxa1FRQkFCQXlrbDdNN2k0OU5SZVVZSmpBeHBZVVlGSzdEY19VNTBBbEdCZ1ZXOEV3bVFSN2lKT2J4Mkc3dUhOZQ?oc=5,2023-08-29,We’ll manage release of water from Lagdo dam — FG Vanguard News,0
Money Lagos House Seeker Saved for Several Months Gets Into Fraudulent Agent’s Hands - FIJ NG,https://news.google.com/rss/articles/CBMiqwFBVV95cUxObWV4ZWVld3A0ZHY1VVRMQlljWmFCb2NRREpfMVRrRjdvdUdhLXJMOHZURGIyYzhsQWNqU2xVcjNncXY1bmxWa0hHZEZONWdCaWxOMkVzWnduTGdCU2MwQ3kyY29DTWJuT3E1ampiS1F3TlczTlpRRHRBbFpQNGNKand5NzBUamhOOTVIOTh5Q3dURVhsTE1iWHlUbi1ISTFVblNmMVpHX0tUbHM?oc=5,2023-08-18,Money Lagos House Seeker Saved for Several Months Gets Into Fraudulent Agent’s Hands FIJ NG,0
"Lagdo dam: We’ll mitigate flood, says environment minister - The Sun Nigeria",https://news.google.com/rss/articles/CBMif0FVX3lxTE82Q1MteVNoc3Q1enFlWG5hQ3U5T0RyMHU1S2p6TWxodTIwamRURktRTmYzMVJHeldMMUpETGlpSldWTm5teHgwWlFiT3Qtc2JNZXFOVFlET2ZBdkszSEhpaFFBTFRvT0I1ckZGeXVaQ0Vya2JuOGpKMDI3MXVWT0XSAYQBQVVfeXFMTXJ6c2o1My1kX0Y1X0VCR1BLNUJIME5tSTR0aHltYUhEa25LZjJMTG1IcUlCUVB5bGJ3aEU0NExoZWNobGI1YkxNWHI0YklISTFQcGhRVDd4NXNwQjAxY3J4UlkxaFViakxPLUZtRlBqMVY0VFhBYXZhTlpIdDNmZ2xEUm9a?oc=5,2023-08-29,"Lagdo dam: We’ll mitigate flood, says environment minister The Sun Nigeria",0
"Insecurity: Katsina bans commercial motorcycles, tricycles at night in 19 LGAs - TheCable",https://news.google.com/rss/articles/CBMiowFBVV95cUxPSXZTU290RzJtTWQyamtzejVxWVJBb19ETkJIVkZoaHFka3pfMFJnVWZjSzdsX2trSXhEMzUzYmhPQTY3VTBZVURyWU41bm1yQ2ppUDZ2cnNxR2pmMVhkTmVoeE81NEwxU05ZUTZhdS1vYXdQWDlwRWFYUHJvenF0Znl3STFaa0lOSXNKWkZ5NlhuX2xXOV84R3FGbDhsNGhQeHhB?oc=5,2023-08-27,"Insecurity: Katsina bans commercial motorcycles, tricycles at night in 19 LGAs TheCable",0
Plan your movement: LASG shuts part of Lagos-Abeokuta Expressway for repair - PM News Nigeria,https://news.google.com/rss/articles/CBMisgFBVV95cUxPamRzTnV6bUlRWWliNlpvZWtJV0hadk04ZEZxOURWeklCdG52bnVzcWNLOFUyOHZZQnQxaEt1bVE0SHR6Y1dBd0ZMSVVZcjNYRXpBcG9SVmlwT0dSQUtnQ09WdVUzVzluSzlZbkxZRXczUjRTY1M0a191LXA0OWpPeTRJR1RfMEZxSmhsNGllcjlQZUtFSG5tQWo0MUR6a1hoVlFxSnZ3ZHR2S3owb2lfOHJ3?oc=5,2023-08-02,Plan your movement: LASG shuts part of Lagos-Abeokuta Expressway for repair PM News Nigeria,0
"NEMA Alerts Ondo, Delta, 17 Other States To Prepare For Flood - Nigerian Voice",https://news.google.com/rss/articles/CBMirAFBVV95cUxQXzJtaGl6YU0xT2FseG9oNWNYS2h0Ri1SVkhFVkJrSXh2OFhNREhCUGV0WVAyVi1WTUY1SDA4NlFOQ29ac2dDTXgwcVZfMVFzel90aUl2VHpJTmZPT0tRLWU4VWs2aXg2eDBYRGV5M1BlWmlmdDdWU1NkNDIwNzBPaTVhVkc3U0p4V0NqdXpsMXNfdVNnd0Q0NzFFUXBLM2QxZUphZnp5NE41NDhq0gGyAUFVX3lxTFB3Nl9TdHpWM2VXS1d3b3daYUV0a3BzQTdVVU5YNjFNLWozMzdDQmJ1YTBldldhXzVqQlBvSWZ0MV8xMDh1c1hCQUU2YnNjaFJ0TnN1ZTdSZGY2aDVUbm9sZFY3S3VfalhDZ1FJZkpJLUF3RVpIbDdzRG1KVnJUYXBUOGZ1QzFHY3BlT2YydksyY2JqR3dCQ01OT3BLbmVCNDYxNU00UFlBUXlDcENnTklEaVE?oc=5,2023-08-15,"NEMA Alerts Ondo, Delta, 17 Other States To Prepare For Flood Nigerian Voice",0
Trouble For Roadside Car Dealers As Lagos Threatens To Prosecute Operators Of Unapproved Car Lots - The Whistler Newspaper,https://news.google.com/rss/articles/CBMivgFBVV95cUxObUVaVmFoQUNwb1dnNVZsbm9nRHFUOTNwRnN5NGlGVkNZamYxVTZuLVY3YzhzMlFXc3p6YWFRYjVVckg2OUl5MFV5MnpFcDd5aXVVWHN5NldjSzlfWm1NZnBySDk0c05JZ2FydExHM0hTWGtLX2pzX2t2RTVmVm4ydVB3UXpfNWl4RW1YdXVsUGxpQVNZNlAza1VfS0U5ZVl2TktNVEM5a1hxOVhqQjIzYk9vSjVhb0k0ZUJZeThR?oc=5,2023-08-14,Trouble For Roadside Car Dealers As Lagos Threatens To Prosecute Operators Of Unapproved Car Lots The Whistler Newspaper,0
"Ministers: AGF swears in Fagbemi, Pate, Lokpobiri, Kyar, others - Vanguard News",https://news.google.com/rss/articles/CBMipgFBVV95cUxOeDhCTmhuSUJqTzBxYzRkcXU5R1h6VGRqeElnOGdITmd6ZnNqQjJtZ3JQQnZrSTZ6UXlTRFRsUno1S2UxTEZvMEphVk9iZVMySGx1UlFBblVCT0ZrdlhNUkFpTzczWnVSQUxuRTlOSzM2UURfZUxrU1UzSkRuX2Ywb1lzSU1hc1Q3dnJLRU1Xc0hZSVI3alc3SFR2ZkhDbGc5V1pVMm530gGrAUFVX3lxTE11YVhNQ2plVVFDZTU4a1JLUnJWT0hvYzl6YmVUY1NqVU5ya3g2QkVfTmJseHViM1N4d3dKVkhrTlZ3TEt4d3IxSVRzSC1GVFhoSWlTM0RHajE4cWZDNlAyZnRvMzlpUVlHaXJuRXhYcml2cXM5c1hlSmMyQm5SWEVtUFFwUnMxXzVUQUdnZGxlNkdIQUE3aGhkakxJbWVCd204T09vUktOWVFyMA?oc=5,2023-08-21,"Ministers: AGF swears in Fagbemi, Pate, Lokpobiri, Kyar, others Vanguard News",0
A billion people in Africa are at a climate risk blind spot - The Conversation,https://news.google.com/rss/articles/CBMimgFBVV95cUxOTjJvRW9NeWxvUV9mVnJWZDVrb1hWX3dyeWJzS1lBX1duSVcxRlQzTXVzaFVLZzNva0QwaUMyZ1ZmYkFwcXRtRXlWM2RLc09jaUNtMzF0TW5DSi1mcjFhUnZ3eV83SEtXU1hYcWxGS2oyYXdHSlZwMDF6ekR4bzFVQWdUMGZKalZUd2ZZcmRIcWJxTzdLbEh4clNn?oc=5,2023-08-21,A billion people in Africa are at a climate risk blind spot The Conversation,0
NEMA alerted: Massive flood looms in Nigeria as Cameroon set to open Lagdo Dam - Legit News,https://news.google.com/rss/articles/CBMioAFBVV95cUxQQXNhTHVac1dnSmFRQk5QaDFuX05sbVFDdE5McTF4T0Q4bF9mWXFucDRrQ19NZ0JGT1JOcHJsSDJ4YXpoUGRROUVydnpaXzBPcUpUa1FYQ21sOGFFajVyTXZvRDhpblVMbGdNSjlQaklVUWtjaWZhV09idUkzaWZaTW9JVDFBbkhDRHJ1aVJLNC11cjJMSXpCRFc3QXY1V2lz?oc=5,2023-08-27,NEMA alerted: Massive flood looms in Nigeria as Cameroon set to open Lagdo Dam Legit News,0
Flood Submerges Communities In Ondo - New Telegraph,https://news.google.com/rss/articles/CBMicEFVX3lxTE5ZTV9ySHR1dHNBYV9pWG5WaWs3WGFRZHlPUXhWTEpSckduRmJ0bVp0WDFob0I0VE1aY2JPempPUzlFcUU3V1V3ZzlPOVB3Qkg2QWsxTWI1QXd0OEVEVW14RDZNbzdjR3VPN0QxWHVtM1o?oc=5,2023-08-04,Flood Submerges Communities In Ondo New Telegraph,0
"WATER, PARTICULATES AND THE LAGOS – IBADAN EXPRESSWAY - THISDAYLIVE",https://news.google.com/rss/articles/CBMilAFBVV95cUxPMHY1Z1dhQ1h5eXhVb1VwSlFCeWU0bVBBZFdRZEVZckpWblFHdmdhTWZ0eFVrQ1ZocnB0Q0VSaHM1UDJMLXpQdEJ4VENlVWkzeHctTnJsa2FUTmNjZlIwTk5TQWFLaVkxUG1pS1BzbHR3UkxiSVF2V1lwY3c1NzQ3ZVhiVFhETHVEZzdlNVFNNlVoYmVH?oc=5,2023-08-08,"WATER, PARTICULATES AND THE LAGOS – IBADAN EXPRESSWAY THISDAYLIVE",0
The Problem with Solid Waste Management in Nigeria’s Low-Income Neighbourhoods - Earth.Org,https://news.google.com/rss/articles/CBMinAFBVV95cUxPcHZuQzZNajEzaUR3MnRzYTlHWnRmTTBSVU9VYWdLNDlkTUZuX0REbVJtc29tbjFwUmdIejB3cnhmcUtiVHVaNVUxQkJPVURTTTV6QlJzOFIwcEg2d1dUXzZnSGtabnFpeGxJMDEwSzBSZnRENlp0aHVkb2gyTDgtZ3FON25wemFDUG9BamV5OFBNVVdPLTIyejZlang?oc=5,2023-08-23,The Problem with Solid Waste Management in Nigeria’s Low-Income Neighbourhoods Earth.Org,1
‘There won’t be enough people left’: Africa struggles to stop brain drain of doctors and nurses - The Guardian,https://news.google.com/rss/articles/CBMimwFBVV95cUxOOU5WbzdZY1RPc3g2Z2p1MjlLRlFJMFVjbEg5Qmc0MkpHbmxHWjU3eDhiLXB1YXVIU2luUHhGU2RDcUdOR0hmUVowSWladFN5VW1pT2EzeFdMa3NhYUhjY2M5VEtqYXpPX3JXSi0td1JNQjFCMm9hd3o3NnM5VUNGLVRuZVR5dGZDa2pKR21QVkEyeV9iRDIzZXVmOA?oc=5,2023-08-14,‘There won’t be enough people left’: Africa struggles to stop brain drain of doctors and nurses The Guardian,1
Journeys: Visual narrative on brain drain - Vanguard News,https://news.google.com/rss/articles/CBMigwFBVV95cUxNMVB2TnlKbHdCNENGWXJ0c0VNNW5yVmdfVWRHRkF0ek1QUTBsRnd5R3BuT3VLaW9pY0J3OHo3aUl0LW15Z3d1VFhOaGp2YVlmOHZIcWg1U29zTGJYQ1dVVGdPTjFEUjM4ZG5Xdi1hLURpaDFlOXZVTjZTcWJhcmV0ZTItRdIBiAFBVV95cUxPS3hlWXB6R1gwRmh5V0tGRTdWQURoTm5wNWVIa2VMdU1UZDRCWklINEs1REZWajJkTzJ0cUhYZEVVU3llSmxqQlBIUHpnVGRKOUJOTlg1VHcxMWpkTk8ybDRoaW56WXZhWWRmT3FYWlRtcVhrRnVCNXpFVVBKdlpaV2lmUzRkLU9H?oc=5,2023-08-07,Journeys: Visual narrative on brain drain Vanguard News,1
"NiMet predicts 3-day cloudiness, sunshine from Saturday - The Guardian Nigeria News",https://news.google.com/rss/articles/CBMihwFBVV95cUxONkFUekg4dWhlNDlkb3dKSXRveURmQlhuakc1eXh2MWJET1ByVDhUSUxKZEthQ2ttRlhIbDI0M1Y1U0IwMG1PemFsZmhHQ3h1d2dzLWJYN2JZSXJzWWQyNVRhbXVYRmhMdm5NS2l5akVoVURMQ3Ayd2l0Wklpb1NxbzVob0lDcEU?oc=5,2023-08-12,"NiMet predicts 3-day cloudiness, sunshine from Saturday The Guardian Nigeria News",0
Flooding Crisis in Lagos Threatens Public Health - Pulitzer Center,https://news.google.com/rss/articles/CBMihwFBVV95cUxPc2JjN2JYRWwtZlFKQXdEcHZ1OXZfZmRfRG9jazdDMEJ5S0lGRW5aNTNHUktTXzVPa0xla2loOWFlWlVkQ2tOTmhlQnRLcWhVc2ZyeHdXREU1RXhORG82STFxRTNyZDNrd1BMc3dWWWx0OTNPS2RoU2l4VzJDTF94M0VhRnpQclk?oc=5,2023-09-07,Flooding Crisis in Lagos Threatens Public Health Pulitzer Center,0
Lagos issues flood alert over updated 2023 water releases forecast - The Guardian Nigeria News,https://news.google.com/rss/articles/CBMilwFBVV95cUxNbGlFMmJJV1VySy1sLTMzVWsxbGt4VmI2QjFIdnphSnItV0NMU0tJYjVmaWVxR1ZNbkFERl8tYU1qUlpfZVNBZDZ3a045eXh6VHVuTDkzREZ4RG15Y3VWUUE0elc5bE0xWjdlVmtyd0ctZkdEd0VPbFlvR0ROYkgtak16SGh0RFVtODlqU0xWbGNfMVE5Rkhn?oc=5,2023-09-04,Lagos issues flood alert over updated 2023 water releases forecast The Guardian Nigeria News,0
"Flood takes over Akinola/Aboru canal in Lagos, leaves commuters stranded - The ICIR",https://news.google.com/rss/articles/CBMiogFBVV95cUxPZ3hvMi1MLVR6eHU2Z1ZTdXRhTG5qWHV6cU9YVXNsTkZZU0NRX1hsUmNmR0o2SkU0dUlLTENMOHhNZW1Rd0lJRFpUUkt0Tll5MnhBN3NLT1hETjVnQzZFRHlwUmd0QzZ2a19KX090Z2xNWldCWTRyTDB2MHd5OXMzNl9hYWlwQ3R6bGhuQXNsRnU1OXc4YlpqUldTY1o0Q0dBLVE?oc=5,2023-09-08,"Flood takes over Akinola/Aboru canal in Lagos, leaves commuters stranded The ICIR",1
"Downpour leaves Lagos-Badagry Expressway flooded, residents groan - Vanguard News",https://news.google.com/rss/articles/CBMiowFBVV95cUxQYy1qUnZoUjZoVGtNN3FieDVSWHRYSTF1bjFobThFMF9zOFgtTmxRdVdpNU5XN0pxQmJxY2JWbjMxRzE5a0VwSThmWkN6TkVFNVFaYzVScUdSb0k3REc1YkQ4WmVYX25VRWtYRHJOMEtNZlhNQTZMcTAwZ1FmRjRhUjFocTNPZWUyLVNuc0tfT0lmQ3lrRnlsaWdtaEdwS1FCQ2p30gGoAUFVX3lxTFA0ZHlYWnUtdmxXaUliMnEwTWZRZ2NhVUFLWWo3VWcxX2dTNFMtRG5BeVUwcEZKQWZrd1d3RUNBMS0xS1U2MlJWeEJwcWZ1RUdQMERyU2J6YkxMSWJNVWdidjNuYUFTUXJaX3FvenFwUjg5QzRYQXJHeTkxcUhqQXJmMmQwVzgzaEJTYTA1c3gtU3RCdGRSeVp0VVliYi1lWElwQy1veHltRA?oc=5,2023-09-16,"Downpour leaves Lagos-Badagry Expressway flooded, residents groan Vanguard News",0
JUST IN: Heavy Flood Sacks Lagos Residents From Their Homes Overnight - FIJ NG,https://news.google.com/rss/articles/CBMilwFBVV95cUxNM1lqcWJnd2VfbE9pNTdQUFhDS0ZOLUY1RzJUeWhMZnEyZkk4VVhBc1k1UTRhdXpnWUx4b2k1UE5Gekx5dTBXV2wtakdzX3FvcXh6YXhiaEZFVDlROU9Tck52Y0JZMmpiZTBFTkl3OUVPalRNSnZhSG55YXFXWVl1SURHVTR3MnRpRnhoR0E3T1JiTWhyczJV?oc=5,2023-09-09,JUST IN: Heavy Flood Sacks Lagos Residents From Their Homes Overnight FIJ NG,0
Flood sweeps motorcyclist away during heavy rainfall in Lagos - TheCable,https://news.google.com/rss/articles/CBMijwFBVV95cUxQdDJ0MlFEaHNlUTB2eVBzOGZUb2Y4MEgyRHlfUk1EWDJlckhpRkVGT2M4RHQ0YjYtbzB3QW1Zb0ROMUpQU1Y0cGZxV3ZJT3Z3YTl4bkVoTkthaUJzZXI5ZlRNWC1iUW5KYU1jVllnMXMzangyRVRwb2F1Y1YweXFucGFDbHNpN0MtY3A0aVg0MA?oc=5,2023-09-16,Flood sweeps motorcyclist away during heavy rainfall in Lagos TheCable,0
Residents at risk of epidemic as hawkers flood Lagos Island with contaminated water - The Nation Newspaper,https://news.google.com/rss/articles/CBMitAFBVV95cUxNTU5Bem5KVEJMWmhqWURMMlJGM2piYUZtTHIwU0p5bmdET1o1NDV0QzA1VEQtUWN1aS0zV0ZQSnNhSEJEbWhzYnNrUFhTSnZuWFBFeXBCWV9fclh0ZWJtYVQ0WlFtemRqVWtpSExJLUdRNjM0S0NLVjlGNDc0MUZQaDFWUUpiRDFVNFF2eHJXM0h1VGY4b2RjZDI1aFJXdUtCOFdDa1VxMDJQbXNmNDVxdEg1dzjSAboBQVVfeXFMUE9oczRZTHRnck1xMm1FMkdZYlhwMk1WdndOTTR5eE5JcjhBeFU3aGYwSXdsUjIyanY1aDNNbENzdXFNRzgyTGI5RElCRTBWN1UzTWFvTlpWUHBhM21HMW10SGR6cmtFZmJWWUNNaWw5Yjk5QkJlemNuZU1oaHlWRGRickExUnk2bERkWlRSNjJYMEpaZ0VmT2FxamRmRl9RZDc2bVF0blFDM25EYmw1cTE1WExRUW9kMGlB?oc=5,2023-09-02,Residents at risk of epidemic as hawkers flood Lagos Island with contaminated water The Nation Newspaper,0
"Floods wreak havoc in Lagos, Delta, Anambra, sweep away motorcyclist - Vanguard News",https://news.google.com/rss/articles/CBMipAFBVV95cUxPTnhfOUJmZnpCZlJqa1ljUm44Y28xdlJDc0FZWmw2SjJYdDVlU2t0TDRMR3ZsYzFYMkFnNzBjNXVyaUZQU3JWTGZONHZ6MWZCcThOejByZ1ljSWlLdkdXMExyZ25oZHVPRENIS24tYWU2U3FOajlTbzIzSFoybzNjM21lcWZLaWVRWmJVQ0FqTEkwV0JKWnUya0NsaXBiZzAwLV94TdIBqgFBVV95cUxPcUVMVXFaX1dWYzV6cF84Sm9waVZkb2xCdjNtanpZZUpOc3BzWV9aWHViZWNGSUliaU9nalA3eHB4OFdvaWFYb1ZzU2hFb1I0UHhFX283VlhmMnQ0dTdQeEFfMU54SFBMYlFWR0pKalpHbGJkeTNIT0wza01mdmpmelI4VERoNkh6V3ZlUl8tcENEaV94QU9yNXlVNVN4TjBYaXJPU3lHTHZTdw?oc=5,2023-09-17,"Floods wreak havoc in Lagos, Delta, Anambra, sweep away motorcyclist Vanguard News",0
Lagos state commissioners: Sanwo-Olu swear in 37 pipo wey state lawmakers confam - BBC,https://news.google.com/rss/articles/CBMiXEFVX3lxTE1hQWJtRW1JZm1aU3ZCWlVVdWs1Q1VDLUlFXzdKOWlsdGJuVzZqYWZhTlRxRXY4Z2drbmlpRUh5QXpCZnRLLWMxRjNXZGlXMHZ6MWZHVXpFVVZieHlO0gFiQVVfeXFMTmFvYnJvYXNEWGo0UkxJU0RrSC1TcVp5T0pTc1ZEWDBSdENGbEpBZV9WTWR5cWNtS3pBQUstZGxvdW1xMTlfc283Vmpwc2tPUDFfa1NrUk95VUhtNXh2Nm9BT0E?oc=5,2023-09-13,Lagos state commissioners: Sanwo-Olu swear in 37 pipo wey state lawmakers confam BBC,0
Mitigating recurring floods in Nigeria - Daily Trust,https://news.google.com/rss/articles/CBMib0FVX3lxTE9vWEg1MHV6MjE2WTlFQm90YWJtV0pEclA5NjlscmExVmtPa1o3Tm9aS0oxX2ZJMzBtUGMzR2tqcU9VRDREMm9xRTZWeXFvekJKWDI1VnVUdzdkU3RuVUlNZk9NdHpLa2FYbG1PSVZLaw?oc=5,2023-09-01,Mitigating recurring floods in Nigeria Daily Trust,0
FG Inaugurates Freight Services On Apapa-Ibadan Cargo Rail - Channels Television,https://news.google.com/rss/articles/CBMiqgFBVV95cUxNOFN3cGVXYTVxaVpjQm5jbC1Db0F3YllmRmpFOE1RLWwtOFVjNEVqeG9GZm84QnBaeXl0T1BSYVU0SWR1WnBuTmVEdmNoQ2lFWndoeU5CcHh1X1BXakpSZ0FRZGEwS1Y3UXgwSkZhNy1XMTAxRmFjTUFLbGo4RHoxZEtCTWh0YVlUR3N4WW5QYkZDd2YzZDF3em44TjBRc19xOFFzWWNFWW95UQ?oc=5,2023-09-12,FG Inaugurates Freight Services On Apapa-Ibadan Cargo Rail Channels Television,0
"ROAD INFRASTRUCTURE: EKO TI BAJE: A Litany Of Bad Roads Impede Movement Of Goods, Services - Independent Newspaper Nigeria",https://news.google.com/rss/articles/CBMisAFBVV95cUxQUW13bjVpaVlKQm9WVmhQTmZaX3E3WjZ4MmxjTDdlazMybFgtYnJVLXVTYWUxR1RFVk5KNE1XVHREaGFoSzJIS3FJa0dfdHg4aldlRm5MRHI2bkliaExWR0NtTUJGYks3ODZTLUZlU01rTDI0WHhabXJZZkU5UE1kYkk4QkF6d1VhYzhZU2o4R3BNWWJMdzVmRHVnZ3dnbkdyZ2JoaGhTRHQ4T0RzbXQ3Sw?oc=5,2023-09-30,"ROAD INFRASTRUCTURE: EKO TI BAJE: A Litany Of Bad Roads Impede Movement Of Goods, Services Independent Newspaper Nigeria",0
Epe local council in Lagos State begins cleaning of drains to avert flood - The Guardian Nigeria News,https://news.google.com/rss/articles/CBMioAFBVV95cUxOQjBkblpoQkJjTkJiTVhjbUg5dlhmaUwyQlFMTTRhd3ItZ2NkZklBUENXTDNrYmFMamJwTUdLYk5qNW5GbFA2WUxZQWRsb05YZ3BQSElVcjJSZ0YxVVNmdVRKVlRyMXgwRlhWUXNCaXA1UnhpbFdobnY0MGRrUWRuWDhHN0dud0VKUFlWTnY0bVBjZHJVUEVqMlE3YkZTdnBU?oc=5,2023-09-13,Epe local council in Lagos State begins cleaning of drains to avert flood The Guardian Nigeria News,1
"Lagos community turns canal to dumpsite, battles offensive odour, health hazards - Punch Newspapers",https://news.google.com/rss/articles/CBMirwFBVV95cUxNV09lcWhLeVdyckFyTFB0WERlWkREcklQNDVZSjlrOFNFdl9VRHllRmc5ZU9nOWlLSUprUkdGYmVQamFOeEx6OHc2ZzJ0bDRjNWZKcmx5dHVRZHVyelo5bXp5eHV2a2VQdFQzRzhoRGFmZURUaWZ3N29BemQzZTAyWjkwdnRiNWJ4OThnOEJxbWMxTmJ3SWI2UFNtMWN1Q1JBWkw4YkZmdmllU1BEUXdN?oc=5,2023-09-10,"Lagos community turns canal to dumpsite, battles offensive odour, health hazards Punch Newspapers",1
Public Health Impact of the Drainage System in Lagos: A Photo Essay - Pulitzer Center,https://news.google.com/rss/articles/CBMikwFBVV95cUxNUFNQYVh1c1pvR2VMSElxSDI4SjJhbUtvREdxQ2M5a0JSbmtfOXduajNmWnJuZU5MNVpFYnZ5MWZYOVJveE14ZnExUFFMemNMRzFpZEREMHZFTmRMSUliY3JLaEZZUHdMbjhuck9JbEN4Z01WOXJtWElEVGQ4clpWZk8wXzY0OU8xYnNPdFB2ejJGaGc?oc=5,2023-09-06,Public Health Impact of the Drainage System in Lagos: A Photo Essay Pulitzer Center,1
Residents of Collapsed Complex Blame Lagos Landlord for Property Loss - FIJ NG,https://news.google.com/rss/articles/CBMimAFBVV95cUxNa1JzakJzOWlVU2tPMmhVeU8wRU4wU3NFdU5xazFHZEJGNmtRU0NneVhkZ3k2UjU4WFR5V0tHZG5raDBMY09vN2lhM2ZFTEU0STBpQjVMSWp1UEZhaElVUGQtN1JicXIwXzl2alMtWWpzbTdOdlR5MEtUVjZpcFJMZ05fQWJNbmNqUHVtVjgxamltclFwb01IWA?oc=5,2023-09-22,Residents of Collapsed Complex Blame Lagos Landlord for Property Loss FIJ NG,0
"PHOTOS: Flood wreaks havoc in Ogun industrial community, residents count losses - Daily Trust",https://news.google.com/rss/articles/CBMiowFBVV95cUxQR0ZObG15Q0VEUXJVU2RoZkJka0VDZGVNMGY4bnYyNUlHakloQWEtRmcxbHdOcW42ZnVJLVpXNTVrS2xjNjRqV041Z2dMVkRyR0pob2FoNHNXTDI0eVNxdXc2cGhaRDRwR3hZUUZ0NXJLX2xBLVFwWEp5VjhhOURxRFhlQVRhQTZoX1hqUV8yMDYtRU5qckJLNU43ck1jdDhLaG93?oc=5,2023-09-17,"PHOTOS: Flood wreaks havoc in Ogun industrial community, residents count losses Daily Trust",0
"The Drainage System That Stands in the Way: Seeking Disease Eradication in Lagos, Nigeria - Pulitzer Center",https://news.google.com/rss/articles/CBMipwFBVV95cUxQdDlnNWhrUnJ1ZUhOZC1KZDVRYk1YMzlHMFNDd0JicTI5ZmstN1FnVy1DQjQxSDlLTjNTdGx6S3drY1pVZUpsQTNSOHp2Q1N6WGJSaUhaMDdQU3dmM0wtN00yZV80b3hhWHNIVUNVTEtsS0drRDJpanRkOHBjSHhpTHBBYXRURFJaRFV3S0hEa0hLRkVqZ3lwQWs5ajdKa2FLZHo5YVJmMA?oc=5,2023-09-06,"The Drainage System That Stands in the Way: Seeking Disease Eradication in Lagos, Nigeria Pulitzer Center",1
"People Talk: ‘There’s always water’, residents bemoan perennial Dolphin Estate flood - Vanguard News",https://news.google.com/rss/articles/CBMizAFBVV95cUxOTk8yOGZUcXFyMWF0NmVwWFJvekloRFpNOTFSSWRMZVBiZGhIOFNhNTlZd2Z3U2ZWdkw0WFJUa1lXREV3YjUzXzlPUXZHb3MwS0FOOFc3ZGlVZXY1R2FBU3ZVWW9hTE9JUFpaaVZvYmd3U3lzdmNjT1cxSFNBaEgtdDBUa24zQ3daaGxPWXpFZWRQVkJ5bm50MUdYZmpOWDV2M0tqMzgzR0dBRVNJVVhqeFlNOHdoZWdzekxsMnVEN3BsaTlZM29UblNmQWnSAdIBQVVfeXFMUFVfcTN2bERiZTl4LXpGVVFrc0tKQUV2ZGpIdGZRZS05bUMtb2RwblpqM1N1TFExaVNySS1Saml6dmNaS2lacGpacVhLZExZMkFnb2NWMTBRcXZNQjBlYVhSRXBIbnZwcmlRVmJYdTREZURWQUE0YlVXa2YzWl90bkNURUlqaHJCdHYyVmtSX1BaXzRfZ0NQNVhJc3pudEU5UVA1eEJvYXlIUmVZQms4Z284dy1vSnNwR0V1Tk5jSmRiOEV1QlRLanc2a2FTRnhlQ2VR?oc=5,2023-09-28,"People Talk: ‘There’s always water’, residents bemoan perennial Dolphin Estate flood Vanguard News",0
FG awards Lagos-Calabar coastal highway contract - Daily Trust,https://news.google.com/rss/articles/CBMifEFVX3lxTE1VVFBtU1hsbUtUS1lTX2Jhc3ItWFVBT000VWlpVHhkdE95dmUxc1lFMzk0WC1FS1FyS1BsLWZtMWlFUW5nTS0wTV9RUVM0U2h2S1dGZHdsUE9yUnl5d0RxOVJtdVlPOWc3WktUX3lzMGx3Ti1XUi1vXzA0bzg?oc=5,2023-09-25,FG awards Lagos-Calabar coastal highway contract Daily Trust,0
5 escape death in Ureje River as flood ravages Ekiti - Vanguard News,https://news.google.com/rss/articles/CBMikwFBVV95cUxPMXRRamJPQTUtOHRsWnNpUENXcEZVS3dGV0JWRmxtRG1oV2J6X1Z3ZlFlMkhKQmpBa1MyTVVLWGRTbGEzU25aWW02clJtb0EyMEtEWDY5emZhbjNLWEp0QUdNbDUtS0Q5b2J1Tk1RRmlEVnpqQ0VCWDNoNXJIUVRKOFpzSFY1cnp0YVdHWXloeFRvMHPSAZgBQVVfeXFMT0RsWENqLXVjVkw0Ml83dVJmbzVlb0tUelN2WEVMeWR3V2ZIdXQ1Mjd6NUcyUWpqT2JoUkRhTXR6eWhGWk1JdFpBUnRRZ0FfcE85VHV2YUN6WXBSSFpXQnh0WFBZb0UyZGhDWmVOQlB6TzNBNC1WU1BrY09kbkpfS3ZKY1YyTE5zYVRUc3MwQ1IzNHB1SDVxdU0?oc=5,2023-09-07,5 escape death in Ureje River as flood ravages Ekiti Vanguard News,0
Flood in Jos metropolis claims 3 lives - Vanguard News,https://news.google.com/rss/articles/CBMigAFBVV95cUxPa2ZBYnBCLTdVWm9pbzRnRVJDNEszMnEtaTkzbjFCNEMzbDZkTmEySXJQeHlHcFRILXc2MmRnVTdEUDlnc3djUE1SYWhwNnpXc1VMZnRmZThjQVk3WXZSY1ZiRWpQU0hBM2NORkZNVUoyckhOVDQ1bW1PMGtoTVpMVtIBhgFBVV95cUxOYkp1YzBMd3VCMFRFVmxHazVLQTdSWk5tVl9yYVVZRDRwdjJNX2NTUTFESEFRalZ2QXNaYmJ4b1lmVlJPYktpOWV3MUw5eUpyVWxyU3RuaUZxaU5scWwyUWI0TXlDeDB4a1ljR1c0cmc2VUNZRXNYWFA1R3BjcmhoRVlGdTNjUQ?oc=5,2023-09-18,Flood in Jos metropolis claims 3 lives Vanguard News,0
"Three killed, 150 houses destroyed as flood wrecks havoc in Plateau - Ripples Nigeria",https://news.google.com/rss/articles/CBMinwFBVV95cUxQT2ZqczRPV3BKX055SmxyV3V1MTY2X0FBMXpscWgzVEp4OFRWaHA4U3M3ZFE2Z2dUUHRhYXRneUVEcTN5V1B6clo5THNoS0JFTExOLV9fNUROVmtfUTNram9yR2tIYURKWVl6bmx5bkZYSlVHTkI5dkM0WThEcE5BUEdmMkp1RGRwSmczQ2JMVnRUSEc3Z1JNNFdLTVhybmc?oc=5,2023-09-18,"Three killed, 150 houses destroyed as flood wrecks havoc in Plateau Ripples Nigeria",0
Megalopolis With World’s Worst Traffic Gets Metro After 12-Year Wait - Bloomberg.com,https://news.google.com/rss/articles/CBMixAFBVV95cUxOU2pxNmtVUGxNNkJ2aXhlcEhkUHpldW5MWG91MUFpWEYzTHk3dDJMZFViRm80Vnc1eE1XZWxQazl5c2RjTmNSQ0VmOFRtbmc1WUhoand2UnQzRVFvcFZKQU1Hc19rc3ktU0kxblp4dzVFek9aQV84dnpLWlR0a0Q3SUZDSk9VZ2JDN0ZpOTZvNVhYUkV3WmZFQ3FzcFNKOWJBaTg1NUE0TWRWOHlZYUx6TFBNNkctVXI5NlIwNTc2NjEwMXFN?oc=5,2023-09-04,Megalopolis With World’s Worst Traffic Gets Metro After 12-Year Wait Bloomberg.com,0
"FEATURE: Govt unresponsive, as flood destroys livelihoods and access roads in Kogi communities (Part 1) - Ripples Nigeria",https://news.google.com/rss/articles/CBMiywFBVV95cUxQVlVkUExPYWRRLUxtblVLX1kwSTJLTWt0ZmoxMTNMUC04TmFOV0FIZllZNVNXbmdqMGEwczU5NGozcTFRTXdtd1FHNmV6aUpnWUlDSklWQjc5bDJNWWh2enktWllScVVXaGVEQlhNV0FVUFJUQzFBN2IyNFNKTXVpUzl4eVRLejNiOVY3WU14UTZVcVNqcE51Z3dsRXJYc3lqT1pua0ZuNWg0akpDRzZCcFVIVWw5UUxlaWhldHpkR3JsS0l6UFRVOVFiMA?oc=5,2023-09-02,"FEATURE: Govt unresponsive, as flood destroys livelihoods and access roads in Kogi communities (Part 1) Ripples Nigeria",0
"Strike: Lagos workers shun Labour, report to work - Vanguard News",https://news.google.com/rss/articles/CBMijAFBVV95cUxNVWoyYUF6TFBWQkQ5RExoZE5wdnBSSTI4QlNxSTl3X1dYSi1fTzlUYkp2aldBZ01sd1VKN1NBTzRJZ2hYNVJ6cjBxd3hvVlFiblV1dUdqazVSc24zOUlhQXhpWldYNWdFMVNUN1d2aEhyVVVrNWVfYzVGZHJZbTBFbl9rcEFIWG43czRQSNIBkgFBVV95cUxPQUgwaUc3SDRFYzNjQWpZYWNzZWgyS0ljWWZiUEROVzBDZEV3bWZ0Z3hwVHUyMnNacHBtQ19PRm5mTVVidDgyVE8xMi1xUjlySUU4ZTNfMGE3b2hNaUdzbDZvTGRVRnZqckNOSXc1dzVVNmF2T0xzdF9WbV9sZmhGTmVUTHlQZXlILWd4MU01VTVfUQ?oc=5,2023-09-05,"Strike: Lagos workers shun Labour, report to work Vanguard News",0
Newspaper Headlines: Air strikes destroy over 30 illegal oil refinery sites in Rivers - TheCable,https://news.google.com/rss/articles/CBMirgFBVV95cUxPbWtJZjhDYVktU3pVWEtKd0VYLVZKYWhrcUw2UkVIZmhsb0RrZFV3TkIzRXY2Z2hCQ25NU3NCeEh0N1FwcXFEZ2JCOU1MQTZUUGNIaXVsSVBZa1liZ3ZsT0hOamJLd0pHRF9LaXl3V0ExNy02ODMwelp5U1ZFR2k1bGVXVW1nU2tyTXgtMkw1ZVc1S283OGNkQ25yTm5Rdlh4Y1FfcDZnOWZzemdseVE?oc=5,2023-09-18,Newspaper Headlines: Air strikes destroy over 30 illegal oil refinery sites in Rivers TheCable,0
Nigerian Catholic Church launches campaign to plant 5.5 million trees - ncronline.org,https://news.google.com/rss/articles/CBMinAFBVV95cUxQZkN0cGJwWEVXWUlURHVCdE53dzZGS2hyM3Rxc0RQYnlRcVVMblFvNFB2anNxbC1VN0s5bkltazg2QzNhOU0xcXRPSmtldnY0clBLeWRfOHNmS0lfZzZ2NjRZcU1odzRkczZPV3g2ZHVUeFFJMjF3TXZ2R0FIU0FuS1R3akFUOGxoS0pfREVCUUgyMDBoMFJ3R1RpWGo?oc=5,2023-09-07,Nigerian Catholic Church launches campaign to plant 5.5 million trees ncronline.org,0
Polobubo sea incursion: Starvation hits flood-displaced Delta villagers - Vanguard News,https://news.google.com/rss/articles/CBMiqwFBVV95cUxNNDZXN0NJem4wNUJJbTN2NW9BQ2JIaG9BSkptZThwSTVMVURveHcxaEUyWVJYVTNDTThkc2ZfVG9ORDVLU05qbm9lcDdvWUVuRFMtOVhlTVJGY1ljc1M0UlpyTnRXd1hRekR5MDc5R0VoTkFZdUh4aHc4Z3phc0FNN3FkYnJOaFRvam1DODBwNTRPVm1nR2ZTYUJoSTMweFQzNWE4NkxwZkJQUlXSAbABQVVfeXFMUHlfQjV0Zm42QkpKY2pkWGJKRElTcUVyOUJUNUhseUJlcmZhd2VuLW9CZ2JZMV9mcWlKVzBoTWNxZlY2dndIZUg0SWRSbGdkUFpJQWxMY2xvbEVzdk4tMWc5QVF0cEpOU3hQYXc5bndVRXB1cHYtV3hJUTdZNUk0WmpMazZqb0JQbTB0eHFqZ3g2RkxrdWJxcU1WRXhZUjVSQ01vYW95MG13VWFzVmszZ3I?oc=5,2023-09-26,Polobubo sea incursion: Starvation hits flood-displaced Delta villagers Vanguard News,0
Flood hits Adamawa community - Daily Post Nigeria,https://news.google.com/rss/articles/CBMibkFVX3lxTE1XRkVJSG82WENhWWV3RGJ0ckcweTdsVlljNW1kR3FXRDRhMHV6elVfTkNsbUszOW1NaDI5d1VZbTRxbE9yTk4wbEZYMUY2VU9yRzhtelJfSTZabUpZcEdva0tFMm1wekw0YklpSmR3?oc=5,2023-09-22,Flood hits Adamawa community Daily Post Nigeria,0
"Ocean surge takes over customs barracks, threatens N3.8trn ECOWAS building - Daily Trust",https://news.google.com/rss/articles/CBMingFBVV95cUxQM19ZYlU2VVNkTm53M1J6d3FKYXRnRzk5NnhOVWpxRXZxTF9TYmV4X01XSjNhSmJNSVQwU19CTHRleFJpb2xwY3BrVEdSWHptWDFmcTB5MVh3ZzJDUlIzbU9ieWNVSkZvR3MyUEpRd3RxZ1p0V1cyLUtubV9iVkdHSGY3N0huQjlVenhVekM2S20xaEk0UjcwVHMwMHluZw?oc=5,2023-09-02,"Ocean surge takes over customs barracks, threatens N3.8trn ECOWAS building Daily Trust",0
Troops rescue seven Zamfara varsity students - TheCable,https://news.google.com/rss/articles/CBMigwFBVV95cUxNTk9ZLXRhWW5iekVYS3ZqTGtpZUM4WGpwcW1FbmV3bWd6UlB3empHU1FjZVhmbkt3bDBpMjhOakNEX1FjalA5ZU5jckpFRXkya1dodVBXY3gxZGNOaHhsMGg0dDlLd0s3UGY5dkJoNFFLaks0ZUZiemJINzh0c2JQdEVWdw?oc=5,2023-09-25,Troops rescue seven Zamfara varsity students TheCable,0
PHOTO NEWS: Lagos Residents Groan As Trailer Accident Causes Gridlock On Otedola Bridge - The Whistler Newspaper,https://news.google.com/rss/articles/CBMirwFBVV95cUxNS2I2eFRkZUJRV2NtZ2JUaVMzYWFjZGUtZGZfWmxmMnNiRXEwVGstQndCM3RSMXlJeldSYUVzUHNzc2tyNWpfZG95RWFUTXhTU3plNHMzbGFWNDNaUjVBelZUWF9TZ2lFWEszWjR2U1pNN0diTnM4eG9qR3pkcHJ4QmhqTDFtZWN3Zjl1anJtSUlpLWFpN2hiSkxzNi1MMWo4MV82c3pfQng3VEFfME5R?oc=5,2023-09-12,PHOTO NEWS: Lagos Residents Groan As Trailer Accident Causes Gridlock On Otedola Bridge The Whistler Newspaper,0
Umahi announces contractor for Lagos-Calabar coastal highway - The Nation Newspaper,https://news.google.com/rss/articles/CBMilgFBVV95cUxPcWQxVVI1bktiTzNNeC03ZTdCVDJzd3h5UU1sX3NtSzJQU21qb2lwckV2VUVTRzVXcV93WGxXRXFjaFhMOXNuampyRGx5Z1JPeWF0VVV3enlxZnR1STNvNGVWY1doN3J6d3VnUk5zNTY2Sk43ZzVGeXk1dGh4R2padDVqbTdNMGtoVnZoLU9SaHBibFJxSFHSAZsBQVVfeXFMUGl2bnp1Z1ZXN0lZdmU2bm9WVHFlcnF3Uk5KNkREVnBtU0MtbktQT0piYndtNERhcEhWaEg0REJUV3VaVFlqamdJMDdWejdSRDFLQW43WV9QdXh5QzRyeUhUUlBsRlJhbmlFOXQycmF6UmJyMTN4QXZZeWR2T0lhSEx5TFBnb25TS21jbXB2Z3JVQ3JtREllOElJckU?oc=5,2023-09-24,Umahi announces contractor for Lagos-Calabar coastal highway The Nation Newspaper,0
"Mohbad: Youths defy govt’s order, protest erupts in Lagos (Photos) - PM News Nigeria",https://news.google.com/rss/articles/CBMioAFBVV95cUxNckMyS05BTFZfa2t4c3pFQjJqdGxLN1cwSlk4YlpPVWNSdjFlQTkxa1JBb1pvdEc4dEpGM0pqMkI0eTNaQ1JmYkxheFVJWFpfaFlpaXVnT0RIZjV0WWpNa05meUMtME1nWE11VHd2M3BwUzluVV84amVlcDhzeE0xYWR2eDdKalpuMENlODg0QUhtS0NQTFV2VVgzOGZyNFhn?oc=5,2023-09-20,"Mohbad: Youths defy govt’s order, protest erupts in Lagos (Photos) PM News Nigeria",0
Kah-Lo Is Feeling It All - floodmagazine.com,https://news.google.com/rss/articles/CBMicEFVX3lxTFBwVlZCeVFPYjJFVTZZZTdiOUNKNUs5bG12bjhDaktTODQ1Nmw4UUNHS3BhOF9BTktxSUcxT0NhSTloc1g3UHo1bkR5bUJXdTJWeFBkRGY3RlYxTnhjYzExdXdYZGEyVVgxZ3lhY2tURlU?oc=5,2023-09-05,Kah-Lo Is Feeling It All floodmagazine.com,0
What We Know About the Deadly Floods in Libya (Published 2023) - The New York Times,https://news.google.com/rss/articles/CBMiigFBVV95cUxPaUc0X05kcWNBWGUyWE5lY2VGSFBhS2NCamt3R2lOYWdVenJxVks5bWRFd1JZT3dzTG03bElOaXZ5cF9NU21TcEdLZjV6ajRJLVpKalVwVzY2cWcwR0NVdEFFczNsemZBZm5ZcHctTkhGOWVQS0J6YkpzLXpQWFFOZ05wRkN5bld6cVE?oc=5,2023-09-16,What We Know About the Deadly Floods in Libya (Published 2023) The New York Times,0
Breaking: Tragedy as building with over 500 rooms collapses in Lagos - Legit News,https://news.google.com/rss/articles/CBMikAFBVV95cUxObXhhb08wUDE3cEpjWW55ZDg3dldZYm4tYl9DTmdCYTNUNURSbkdsLV9wZnYtZmZ4Z25kNmlCQ0RJM0lja1E2Ym1lb0VFdzVtaU5MZFZ2UTJLWmFCcm9adEFSVXNLQXhTTlI5LV9UNGNUNG9WWnltTUFJaXZNSzFBMWVoaTZmNTU4dDV4MTRsZzY?oc=5,2023-09-17,Breaking: Tragedy as building with over 500 rooms collapses in Lagos Legit News,0
Photos: Major Setback For Traders As Goods Worth Millions Destroyed After Heavy Flooding - Naija News,https://news.google.com/rss/articles/CBMiwwFBVV95cUxPYndXcDdSMnAzTU5ZNXQ0Tkw2YWEyVzFjQWMtUzM0R2tnc1RuOVRXTmxHOV82LVN6VzNuVmpHOGdUUVZIOVhXZWNENTJlV3BlOTZXZnM4N0Q1czlaT3R6aWhDOC04U1EtOFFXdkFXbFRKQ0hzVHlkMWllUTB5a1VKZERYdENnRmRDb1NqMVo3LV9EY3RhSU84eVlGVXAwblk3UFdCQkVZbmo0d1pJU29VSUhKTE5xWHhqbjlDWFJXUDJqRkE?oc=5,2023-09-18,Photos: Major Setback For Traders As Goods Worth Millions Destroyed After Heavy Flooding Naija News,0
The hidden cost of Lagos poor drainage management - Nairametrics,https://news.google.com/rss/articles/CBMijwFBVV95cUxOUGNHZC1JM0J6Y2E5Z0p0TlZOM19CazJYRVNwZTB3Rklrd2NBWGx5clRNaFZ5R25kbi1VNUVteDJ3MnFuamNIQU1GcGhNSVY1bHB5M2dnY0h0SnhMT0dUX3BNemY5UFQzWk5BajBBWTlYY2FEV0tNTXBZbFpWemNNc19YclZGb2tEekExZkF2SQ?oc=5,2023-09-08,The hidden cost of Lagos poor drainage management Nairametrics,1
CBN assigns roles to new deputy governors - Nairametrics,https://news.google.com/rss/articles/CBMihwFBVV95cUxPYlZTUFVRTGdjenhHVHl2WVJUOHVTeVJpbHd3NHMyaXUxOGdUWUhUM3lQSVdYMGZMT25SLXg3Mnh4d3VySXJYcWlDZjFONncwMHVlWEF1anktZjdtOEtmLU0zY1E0SWpGUTkxN3BaU2I3VmE2Zy1hVW5qejBQa2hvMXhiYmg4bmM?oc=5,2023-09-30,CBN assigns roles to new deputy governors Nairametrics,0
LAGOS RE-OPENS ALAYABIAGBA MARKET - moelagos.gov.ng,https://news.google.com/rss/articles/CBMiakFVX3lxTE9wN3ZRSE5tbUwxTXJhRlBBell6SjM3MFVyeHNXQU5jWC1HdWl6UjY0U2dTXzhqSTdJYVl3TGpQWGNqRXRiY1BiTWxCelIxMktUZE1GLThmSFBMaU9hS1lPU2k0U29qN0dpaVE?oc=5,2023-09-30,LAGOS RE-OPENS ALAYABIAGBA MARKET moelagos.gov.ng,0
"Downpour leaves Lagos-Badagry Expressway flooded, residents groan - The Guardian Nigeria News",https://news.google.com/rss/articles/CBMilAFBVV95cUxQTjNYSmZHS3ZLMGttYWFRaWltc1daQV9BbkpxNUhza1NKZVRVcFlET0lrcVZrc3A1WjdvRHlGbjJVYjRNOGJwSDBYRU1URUhFRXJpbmI0LVFiNjdxZVZkeTl6ZV9ibUtkQlBaYmNmT2FweU9vUnM5dXk4YTNYWjcyV3E1dG1xNllxWjdwendWNVl3WFFj?oc=5,2023-09-16,"Downpour leaves Lagos-Badagry Expressway flooded, residents groan The Guardian Nigeria News",0
Clogged drains in Lagos to get attention - The Nation Newspaper,https://news.google.com/rss/articles/CBMie0FVX3lxTE9FYjdLOFRhNE44ckI5Tl82Sm14TUNWSVJpeklnVUdXa0tnOFdYQVB4dENNZTlNMEEyZXo2ZVpNUW56TWtYSlZfbXRvVUt6dGpxdHgzS3F1YU9pby01cHlpNGhvOTdxcHp1aXVBc01UbnZXM0pWVjZMZUZQRdIBgAFBVV95cUxNYmZjZ05CNFN1WHZ5V1BxQW5RcWNTY2V0a0dZOHY3NmpXTjZwbFlJS0tyU2p0amdaa2JScktySmk4NlFBMzhHV05NTmlNSE5PYnUtTjNocTJickhXUmdJcXZyTFFfR3lDbUFZandueGlYVmZKZEZCMjd0eElKRDJ3Zg?oc=5,2023-09-22,Clogged drains in Lagos to get attention The Nation Newspaper,1
"Brain Drain: In one week three doctors die in Lagos hospital, colleagues kick - Premium Times Nigeria",https://news.google.com/rss/articles/CBMizgFBVV95cUxQUE9JMEdhMkJUYXUyazlVakZEelQtay1nNm9NRVo0OVlyc281VGxGX2JtYkRTN0ZVX2FjZkdwZ0ZwaXdTQlNwam5OMTJ6TnJWSFo1QVpsNXhXTlBULXA4ZjVqWkJlYWhSRUM2dFVQTnFNVjRuT3lCVmtYYU10aVRQQzFIcXkxaTRmS2ZXeW1tcHVUYlZHZGYwOXJsM3FTcVZLLXV5TnZaUFhuYXRidHNKb2VZYzNaTWxoRXc1c25mbEFtR0tnVlBwUUJfSzBsUQ?oc=5,2023-09-28,"Brain Drain: In one week three doctors die in Lagos hospital, colleagues kick Premium Times Nigeria",1
"Lagos updates sex offenders register, adds four convicts to list - TheCable",https://news.google.com/rss/articles/CBMilwFBVV95cUxQX3U3MWpXZ3RZVkEzRkQ1UTRtNmVQbHhHSnJUYnN1dkVOZ2pDWW5LQmlZZXRLSGs2ZkdhT29VRFZGVExaazhGUzZhX2d2MmcxWGpoeE5CcGNlWWVWYzJ2cS1EWjRKSzdUbG9TQ1IwSVNFTDBQQVNRdWtLT2J2WmZUWDFuUzg2UzctVlZwTG9QUXRBNlo2aW5R?oc=5,2023-09-21,"Lagos updates sex offenders register, adds four convicts to list TheCable",0
Re: That Lagos may not go up in flames - The Guardian Nigeria News,https://news.google.com/rss/articles/CBMidEFVX3lxTE56X0ZidXl2SU5wNnVmRTZjQldZS2JjZW5jVk5tdW5tZHR2cVFkcHZxbzRXd19DcFNXSDZIZkdJU3JHMVg0cWg1STVqclFjcUFEU1Q5V1djeUtSSjhQUXl3ZVQwMDhaQ3Z6RG1FRFltVUI3UnpQ?oc=5,2023-09-09,Re: That Lagos may not go up in flames The Guardian Nigeria News,0
An Exodus of Nurses Has Caused a “Medical Brain Drain” in Nigeria. Are Rich Countries To Blame? - Pulitzer Center,https://news.google.com/rss/articles/CBMisgFBVV95cUxQMHdEWlpWYjBpZjU1V2Iwdi1uRzZOUkdFN2RXcmhZMV9nLVJodFVENzVMS1dGTjdLaUJ5TUdWVE1KMkI1UGZWcEtSOHFrcUZmOVFaRHdDaVZJNGFlSkxBYnJqQ09FeFYwRzhhTl9Tc0NkdFllRjlTbGpVdHpuVW4taGMwcnktbzBEMnNxekJXN2hjUi1HQ1lwWmtfeUk2MUVYT2hQejhTNzk3TldKVVFRR09R?oc=5,2023-09-29,An Exodus of Nurses Has Caused a “Medical Brain Drain” in Nigeria. Are Rich Countries To Blame? Pulitzer Center,1
One hospitalised as buildings collapse in Lagos - Premium Times Nigeria,https://news.google.com/rss/articles/CBMisgFBVV95cUxPZXZ0T2pZZGxicGhrNERrX2YzNFBsSkdwWlJhOWNaUDhpVFlOUGZlekZvck1zVkhsb0VYSjk1d010S0Z0V1h0UWFLNVRsUllpNmV2OFJVbzQ3ckVHTW1tWDR2ajN6aDExVjRmVloxQXJMQXBxUklPZ1ZBUFhXNEJPTmJweDl4YUw1UFdNWFNuRDkwSFRoa3BfWk9aTUl6bjNvYW14ODJHMldSNmJQS2tacG93?oc=5,2023-09-18,One hospitalised as buildings collapse in Lagos Premium Times Nigeria,0
Flood: Lagos government to demolish two popular markets - Premium Times Nigeria,https://news.google.com/rss/articles/CBMisAFBVV95cUxPTXJ2TXY4bmhSbjR1bmJBQlMxZUVKZUxIVU5pTlUzV0xHbzhUNDhtRVFkOXlpdnp2aVNIZ1NBMEdoOGcyQkg3QmxSUFRxOE80d1R2S001c2Jpb1ZhcGtoWFRhMXM3SC1KRXQ3b3ZyelpqUXBDY3cwZ1B4S19ZLUE3MVRVUHZMS0FKNVN3WVFDUkdXeEFpLWduc2daM1JYbzRodHlxSzdMVVhBUXJJV2ppeA?oc=5,2023-10-09,Flood: Lagos government to demolish two popular markets Premium Times Nigeria,0
Photos: Poor Drainage System Causes Post-Rain Flooding in Lagos - Pulitzer Center,https://news.google.com/rss/articles/CBMimgFBVV95cUxPTWR6dFpuOEhzNWI4VGg3N0J6Z2RINzVDS1dVZWlsakVPZWhYdFpjaTFoN2lyX091dm0xUVVQcy01bV9xZ3hZbkhkTTJiRlJWY3QySEs0UXlHbXBRTEpWVjQ4SWhadmZhOVdqTzFKNFpodHhqRC1HRW00N08wZUh1dG5saXdmOU5Tajltbm9mSHFvbjVKRVVWSGd3?oc=5,2023-10-03,Photos: Poor Drainage System Causes Post-Rain Flooding in Lagos Pulitzer Center,1
"Flood: Lagos Govt Orders Residents Of Alagbole, Meiran, Kara, Others To Relocate - Channels Television",https://news.google.com/rss/articles/CBMitgFBVV95cUxQUWRRelZmemdPV0lYVkZYS3ZJeVVlWjIxZGdCcEo2TUVDaEpocjlhOWE2YWtKU3RRZ19ZbDg2NGc3RTBuZFFvN0I3VUV6UndOMGlFU18tYjBuaUFhSkl3U3hOMV9qaDY4TTNHc2ZkdWdaV0ExLWFycjlWLTZ2VzlCWWdrdlBnWmlFY050YkJEaHB0Z2lnWWdmd1BSSW5hampMQk8zWXRrbHhMUjRTM3p6Z0M5SFVpZw?oc=5,2023-10-18,"Flood: Lagos Govt Orders Residents Of Alagbole, Meiran, Kara, Others To Relocate Channels Television",0
LASG REMOVES BUILDINGS ON DRAINAGE SETBACKS AT LEKKI 2 - moelagos.gov.ng,https://news.google.com/rss/articles/CBMihgFBVV95cUxNLV9xMkNjYjFUTlJrMTYxZjlrdURsZVYzZHpfNm1BMW9LVDU0WUVpQUxMQi13V3UwUGJtcGRUN1lhLUdDRzM5YVhwVjBQRFNCMThwZTViVDdqSlUyZ2gtSm1rU2VLdlpiMDhrZmNldmxMMVJiZG5JTlZ0UV8yWlh5bHFaQjF2QQ?oc=5,2023-10-11,LASG REMOVES BUILDINGS ON DRAINAGE SETBACKS AT LEKKI 2 moelagos.gov.ng,1
Concerns as ‘Almajiri’ children flood Lagos suburbs - The Nation Newspaper,https://news.google.com/rss/articles/CBMihwFBVV95cUxQVkRIcDVqVXZleDlIZ3k3U2x4dmwzRktmbkpVU2V4WDZuemhmU25sSl95TjJZdVRQVWNaUXBVUXMyV0VJTnRabHRBM2d3cC1WR0NfLWV3X0x5X001VFc5OGFaa0FUYW1aLVgxN2hvckJPeW95bU5RUkwyZlR5WkRfY0JPd1l6SVnSAYwBQVVfeXFMTjZLSmVkOXdPWkFwSU95UnBTLUFBMVNfM2N3enVhY190VTVYQTFMSFU2T2NkczNSZmhucWY1U3ZkMUFzRnZwb0tWamZtZklneGZjeERVS1RidUt4NHI0M3hVWERUODVTMXVPNHpwcDcxb0RvWnZWeTVYRHhIa3dQQjgzN0N6ZzlTODBRbU8?oc=5,2023-10-07,Concerns as ‘Almajiri’ children flood Lagos suburbs The Nation Newspaper,0
Sanwo-Olu orders demolition of illegal structures in flooded Lagos communities - TheCable,https://news.google.com/rss/articles/CBMipgFBVV95cUxQTjBnalFzOGF6eWVzWXExbVdfRVB2N1pZVm16Q0R1cEVFMlNGT3RfejZzZDhuS00tZ1YtMG1wRjVQT0Z6a1dtcm9OekRmY1ZhaF92NFZ6Y1ZPWmlfOXVZbE92cHEyY3hJSTFOb1p5MUR3XzN5YVpjbDZfTlpaSFdZd2NnWTh2SmVvVkFOd0JvQmxSOEVhdk1nUm4zTTc3VXZFbXIzTFN3?oc=5,2023-10-08,Sanwo-Olu orders demolition of illegal structures in flooded Lagos communities TheCable,0
Lagos flood: Spaces for Change urges govt to go beyond issuing advisory by providing alternative shelter - The Sun Nigeria,https://news.google.com/rss/articles/CBMivwFBVV95cUxONVRPOUxMY3hnTTZ1a2hJM1EtSGdJaHg4SklQMEt5SWNFNlFrT1I0RnNrVUVPWTRtTS1XUGdOeHNqVzFSZmxDWEJNbmN5MUUxWGZzRkk5YjNxemFMTGxXSWpoUGdSSEpzMHdEZWYxWDhrUmNkNUpwNlR5OG1DTUp6dzlaRnlOaDhBMjNFTkdHMk1TOE9POWtfbFA4OFRXczcxbDJFVV83c00tYjc2eGFwM2tGNGJETVdHMTVINk9JSdIBxAFBVV95cUxPV3FJMTRwZm8xb01JR3p3YmlDZVVWbHhSZ2E3ZTBhSTlpUnAxMHRHMVNxZ2s4VVlhSTdSbVFab2xqcVhlTjNHelVmdWJLal9MS2s2WXI5cGhtSVQ0dlJnMnRjWEt4SWREV2ZvZTlCaVg3WkdtVS1NTHFOYkJ2aHFOTTBKaWUxYkRSZy1sOGU4VHJINHZQWnJpaEJ1b09RLUVna3RhTDBNbWs0V0pIT0FiMFhHUWJrVDlDWmJxQ2VESml3MS1D?oc=5,2023-10-30,Lagos flood: Spaces for Change urges govt to go beyond issuing advisory by providing alternative shelter The Sun Nigeria,0
PHOTO STORY: Dam Water Released by Ogun Gov't Turns Lagos Residential Area to Swimming Pool - FIJ NG,https://news.google.com/rss/articles/CBMiswFBVV95cUxPVnRlNXhQTjk4X2h2a3JTTVp3RXRLbi1Icl83Z3RtVWcyLWVGZi02RzhtVUI1QmQ1UVRJdjRMQXU1amJyNFRVZVE4U0s4VFVfaXYtV1pkWW1ISndrWVJnUFpMQnE1dTVGSlI3amFYN1RtWUUwRm9GNmhBRnJYRV9za0toRWFDeUk4NU1iV0tha280U3pTTTNjYkhWOUZzMzlOYXlpeTdzUnVjX3pjQkpFVkl5UQ?oc=5,2023-10-26,PHOTO STORY: Dam Water Released by Ogun Gov't Turns Lagos Residential Area to Swimming Pool FIJ NG,0
Lagos removes buildings on drainage setbacks in Lekki - The Guardian Nigeria News,https://news.google.com/rss/articles/CBMihgFBVV95cUxNLTYzcWlFa3ZOTzhSU2JzSDA5Nzd0T0h1SkRDUnhnOGZjeUFFOUpMbHNqRnlBMHJjQ0pEMEhNYzhvcWVxN2l4MWN3UVliWmxQNk0xTEZMQ0RZLU1waHJJZF8zdGF1NElMX1NLbTZpckl4Nk5sd2ZjNzRWN0oyaXc0c2dRX1dCZw?oc=5,2023-10-12,Lagos removes buildings on drainage setbacks in Lekki The Guardian Nigeria News,1
"Lagos govt orders residents of Alagbole, Lekki-Ajah, 16 others to relocate over flood - Ripples Nigeria",https://news.google.com/rss/articles/CBMitgFBVV95cUxQak5WWV9MZ2FjYTZYSG5rbVpvNEJUNG9IOXdhQ0JQX0JzU2tsNmNNRmhQTUI0U1J1WmhDOEw2d1hXSjktb25BZU52SGRkd3AwaDVtUDZEZFA2WGFBTFRPMVJFWGI5aDR3VnpmQmI1Umc2QXo2cFhMMjRUWjdIZ3dPUmRZaXRENWJQdE1TRFB5YmlyZnZLZHZyYmlKWVIxWW9XVkM0TnkxMXJ4cnRDMUFDTk9tTkxTUQ?oc=5,2023-10-18,"Lagos govt orders residents of Alagbole, Lekki-Ajah, 16 others to relocate over flood Ripples Nigeria",0
Sanwo-Olu vows to regenerate waterlogged Lagos Island neighborhoods - Encomium Magazine,https://news.google.com/rss/articles/CBMikgFBVV95cUxPTEZpaEtfQnpKU2NFd2h4dWdDT3c5WGYzNFBiYWxwdjlLZkdRZ1AxMmZlWDM3S1R0c3oyWkN5TUFjQzVLVlZUclFLOHEtemtEMTRDdEs2WVdKWk1XQ2t0LVg2OXJLSHJIV1NkTmpZLUh6X2xPdjAwTkVyN2dFSFF4OU1HeGE0Rm1acVZuRVMwaXc3dw?oc=5,2023-10-08,Sanwo-Olu vows to regenerate waterlogged Lagos Island neighborhoods Encomium Magazine,0
"Lagos Govt Warns Residents of Lekki, Ajah, Others of Imminent Flooding, Advises Them to Relocate - THISDAYLIVE",https://news.google.com/rss/articles/CBMizgFBVV95cUxPcGhmcnFud3l1TFRGb0JUbHpBOWJWb1BKWnVSN0FjYWU5RXdqWXNvSkVaVTJZTmlGREFuejlnQ3M5Y2REVENiZG0tcmFmWE8yT3VxTGFGMVktcUVHLW1CNE5KVUlLS0lCNFh2RXpqRkhqaWxhNG02WHVqNG9tTS1lRUFSNEpmS2VBekFDcGtOZTVaT3VHVEtzWUhRdXY2dWV2RkZjdlNjczRQZHVqZFRIcm5CSkxINWxTS0ZGZmZSY015bnZjV0cxMnJ0WGJ2QQ?oc=5,2023-10-19,"Lagos Govt Warns Residents of Lekki, Ajah, Others of Imminent Flooding, Advises Them to Relocate THISDAYLIVE",0
"Oyan Dam: Fear grips Ogun communities as flooding threatens residents, businesses - Punch Newspapers",https://news.google.com/rss/articles/CBMiogFBVV95cUxNYlRhbVdEZHl1Rkh3V0xLZkdaYkJDQlBMc2c5YTk3dkNHOC12SGUwT0dwVV93N1pHT1M4R2lCMTVHcjBwemp0a2xaUEtmV1E1MFZreTVlMnl5YTFKSTFPNVczQXRQRG1XMlA0d1lrNFgzSjdFYjU4bS1jQ0dEc01WYmt3eFp6OTQ5ZngxMjJXTkRiZjU5TXRtbkdacFV5SjFjRFE?oc=5,2023-10-17,"Oyan Dam: Fear grips Ogun communities as flooding threatens residents, businesses Punch Newspapers",0
Lagos govt impounds over 200 unregistered vehicles in 48hrs - Vanguard News,https://news.google.com/rss/articles/CBMinAFBVV95cUxOTE5BaUszaWg5dVZYR2xnaDY3bk5TUU1ibkFhZEFxNXBBRFpSZmxzWVZ3aFc3aldFLThIX1JLM3JNT005WS1WVHRobTYwdnhLcmhjS0JFMkdEUVduY1p6NWFVNmtTZFBBNFk0WjRmc3RIWWlKNzVkZGI5TDA0Y2VjT0pRLTdnZUZubHlyUkRFZmVITEEyQ1hJUl8yVHnSAaIBQVVfeXFMTjdNb3FjY2U5VnFOQW9hQnd1M2d3d0ZVczRUVmJjbTJ6aUlCTXdLaTFHOU9sNGFLWUV6NWU5cEVER1N1c0F0ekhBMnFGeWtTakpxQzVDcmY0OVBNakd2blA4b2hmclVxMTFQUnhwSVVuZTBFOHA5ZWdWd2xaeFlTNkV5dTZ3bEFLeXBRSHBmNmRuTEtsNWRjSGRnZ3gtZVNSTkZn?oc=5,2023-10-10,Lagos govt impounds over 200 unregistered vehicles in 48hrs Vanguard News,0
Floods in Ghana Displace Thousands of People - VOA - Voice of America English News,https://news.google.com/rss/articles/CBMijAFBVV95cUxQaUU5YVhrcm5EMjd1Y28wRDhyTlVCRUtGSjQ1XzRRRXpQa2VGVHpxSzZfaXVwQWN6cjM0UEUzMFRTRDNZN1EtV3hsSzB4VUQ2ZHZzX2tHUmdZcXl5WXhWbmpXd2xpWDV6WjRTUjYxamdfV3MxU0lYZnE5WXRWS1RlTnFfYUNZdGJlblVoVNIBjwFBVV95cUxNWVo4d0EtZ3JCcEpYYUF6cGo0Wld6R3VDcGE3TnluY1d3Q18yR196cVExUDM5c0FqbnRZejVsQmd3Zjl3YXhjN1ZZMDcyNTY5OUZHNWRQeHJfdVRrel9oSHJiUnRodlBRZDZING5HSHQybFdpbWdkNEdaMnZQX2VjOXVwRjlfLWRfS2ZzdjJxMA?oc=5,2023-10-17,Floods in Ghana Displace Thousands of People VOA - Voice of America English News,0
Flood prevention measures wreak havoc on Ghana’s tilapia farms - The Fish Site,https://news.google.com/rss/articles/CBMimgFBVV95cUxPQXpTN003b2Jub1RtS0N4anc0QjMwNVR2R0YxNnBIcjRsNGlaZ0dhU0Z2Zk9rbVFsakJvT2NjUlMxS01WZmthZTgzak41dlZZU3RRcXRZLUM4R3lMdThwaER5VzdaMGN3ZmJrcDlWVmJQOFBXenFpMmpyMkdqd3Z4X2d3N3hVSGRueDNUTGluZFpEUVR4MkFGTU93?oc=5,2023-10-12,Flood prevention measures wreak havoc on Ghana’s tilapia farms The Fish Site,0
Reps call for auctioning of police barracks - Daily Trust,https://news.google.com/rss/articles/CBMidkFVX3lxTE5PYjZuVEpLaFdFTGNQUWFjQlZUYWpGTi1XX2xRbmN4YzBFODFPVTREZWpnOUkxdDhGNGVKdDl1TXFmcVBIQ25iYThSakNmbktqOU9Ram5aLTFfc2ZkZExLUEJNbGN2cENoY1BiLUZUTXUyVXZGQUE?oc=5,2023-10-26,Reps call for auctioning of police barracks Daily Trust,0
Flood Ravages Taraba Community As Residents Cry For Help - Channels Television,https://news.google.com/rss/articles/CBMimwFBVV95cUxQdDJNODdEenFrV3BpSktONnV0VnpaQktERkJtZXN5NEpZakZqMC1feEFzUGdaR082UE1zbEZJYkowNVhNVVpINUdWelktTTlVMEo4UGZWUXlhY1VGY1JDOURua1pxcEIyaEJpNk9qdnBFdEx0YkJ4QVlXX2l0cWhnaXMzaVlYMTRKeWlUdkNaWFlWV0UzWExiNXJ5SQ?oc=5,2023-10-08,Flood Ravages Taraba Community As Residents Cry For Help Channels Television,0
"Lagos shuts Mile 12, Owode Onirin markets - Vanguard News",https://news.google.com/rss/articles/CBMigwFBVV95cUxObC1OeGJxSy1VeVAxYWlyR1VGVWN0czV0ZU9LOUl2SXN2djM1VG1ibHF4Y2RRdFJUUmFBLTRkcUpCSkt6VGdzWEZDNVdjbl9la3dKYU9XZ1pyZlY0WHJOekNhemlrLWE5bDhrcWM2NjZtbEUzLVVvbkp3cVBDeU8tOUFnVdIBiAFBVV95cUxQaXRRUzRxam4zSEdmdHNXWHU3TmVwRmpzdWtOc2w0Y0VLWXBkdmZZQ0FGb2Jvb3BkNmpqdG9XTHZ0dHRlNWg3azJYZ1E0QjlMQ3VIYldsWnNkckdWVFVsaEdaZnczXzNVZloteTdRZjFWUklQLXJYOWMwYWdESUYxWWlTNVRhM096?oc=5,2023-10-13,"Lagos shuts Mile 12, Owode Onirin markets Vanguard News",0
Ninety-Nine Nigerians Repatriated from Niger Republic Arrive Lagos Airport - THISDAYLIVE,https://news.google.com/rss/articles/CBMitAFBVV95cUxOX2ltWVJDZ2hEd2lPMGRjNV9PcWNTY2cyeVZ6ckpWcGNjTnFka2loVTBLUXBUa2tVQTF3dDl2dXdOV2paYklDT3JvZWg3OXcySTFKRVpRZVlBcG1qTnFUSTd0SkI5T3o1TjNKQW9rakg5d0JmZ05wdTFldE5CU0FiaHpicTBCd2JWdi1BQnNGMHI4N012djlKZ1JRWGNOSUlNMzdSUmRCQ3dRYzJReTRabVVHSEo?oc=5,2023-10-31,Ninety-Nine Nigerians Repatriated from Niger Republic Arrive Lagos Airport THISDAYLIVE,0
"Lagos govt closes Aspamda, other markets over environmental infractions - Ripples Nigeria",https://news.google.com/rss/articles/CBMipAFBVV95cUxNajZFWHdHX1piaTV2dVZMZjQwTmRPWTZERFpvaFcyUEo5YlVPRHE5dUlEVGZSU0hIeTBMVkl3bk9lNmtoMS1WSm9KUzRmYjhnZ25EeTF5WG5yOFZSZHlrQVN2bGp1YVpsVkpxRzBLdUdBWDRkaFRWVW5oR2I1MXN3cTljVEY3OXhVeXctenMtTXVTbHFRLWJBMC0zOFBQN01pTVhhWg?oc=5,2023-10-22,"Lagos govt closes Aspamda, other markets over environmental infractions Ripples Nigeria",0
"Images: Co-habiting with water at Makoko, Aiyetoro - EnviroNews Nigeria",https://news.google.com/rss/articles/CBMiiwFBVV95cUxOcjdDalNZbUFzSHZFRGh0dERRVHF3cjBpSU9VRGNFLXNvVVFYV2JTOUZScFk3OTZjeXdmR2M3cGxmOVk0TFduS0J0R2JZTTVfMG9CZ0pKYXl3MDkzeTNLYVl0cXQ4dzBxa1RZQTFCN1JoeXR4elIxTnBYSVhxLVE1aDAweU1ZVmZjc2tz?oc=5,2023-10-09,"Images: Co-habiting with water at Makoko, Aiyetoro EnviroNews Nigeria",0
"Lagos decries illegal land reclamation, gives stop work order - Business News Nigeria",https://news.google.com/rss/articles/CBMipwFBVV95cUxOeHRWZkxwb3I5SFNyRzRndGJBbHdWRWxZZzBJcjNKRzNZSjk3TXQ2a3M5Z3hxSXluU0FSSnJVcXdTUG9tQWMtVFFKOU9DazlsN0R6Nm9Nb2JoazgwVFBhM3lHbV83NUliNWh5VTdYSFVTeE56aXJZcXQ1T2NLb05peERMR192ZVZvbDkwRW1lQWk2djZxOEtJOGRQSDRfSTFtX2VfbnNXcw?oc=5,2023-10-23,"Lagos decries illegal land reclamation, gives stop work order Business News Nigeria",0
Old New York subway flooding footage recirculates online - AFP Fact Check,https://news.google.com/rss/articles/CBMiWEFVX3lxTFBkSjJHQm5vOUhqNTJReHNVdFRUWDFjV1d6UXlqdzJXd244VFU3T19oeV9iTE5XVUdoNFlhMnFHVVN3RzEyRWJzN19yVFVUd0pzYkxpWjBMUzM?oc=5,2023-10-06,Old New York subway flooding footage recirculates online AFP Fact Check,0
"Flood: Lagos orders residents of Alagbole, Meiran, Kara, Isheri-Olowora, Owode-Onirin, Ajegunle, Lekki-Ajah, others to relocate - freedomonline.com.ng",https://news.google.com/rss/articles/CBMi4wFBVV95cUxNQ0JuVFVjTWdnUm9KdldjOUgxN1hPU2phMnFWTUdSa0h5cWwwMEQtQmpFTDFLVldjRzBEcERwYlk0dTU1OWFKRm9BbF85b1lzYVlWYl9QaXpNR0tjYjBrWExlU1c1emNnWEtDd1JWZjdkNzMtWlNuY2tqMVktM21TYmNWZTdNMFdlc1l1eEc0WGFIb010Y3pqM1dVczMwYkxudHF1TXU4U1Bxd3ZKYXhDMUFQcnJ5Mlpucm5HaXpER0NlS09oaXB6TGlrNWE1SUFUS1RReFRham1zQ243aWJvS29scw?oc=5,2023-10-18,"Flood: Lagos orders residents of Alagbole, Meiran, Kara, Isheri-Olowora, Owode-Onirin, Ajegunle, Lekki-Ajah, others to relocate freedomonline.com.ng",0
"Flood: Lagos, Ogun residents fault minister’s position - freedomonline.com.ng",https://news.google.com/rss/articles/CBMiiAFBVV95cUxNeG1NS18tVGZFazAtdTdZcTZERXUzRDdLVTQ5bUM4Mml0ZGVlMEVmbWczaWplcW5IcjVhblFZRUwteFZPVGRjQ3FHQmY0MFFpeFJFZTRhSVRjQVI4RVhuLTJUUHhuZlhlZG9BN2dWenRZMGdHSkhWemYxRmRXT2FhWTM2ZWtQMDJP?oc=5,2023-10-25,"Flood: Lagos, Ogun residents fault minister’s position freedomonline.com.ng",0
"Lagos Ministry Of Environment Appoints Flood Complaint Desk Officers For 57 LGs, LCDAs - New Telegraph",https://news.google.com/rss/articles/CBMiswFBVV95cUxPOS1XVzlFU19KNlBJT3d1eEV3TDlPREU0SFNmOTBRYklmUG43LUhqdktSckdxWERIOUxtZlI2X0xjSVNWTjhGZmtNX21MTGtWMENpWHQ2VEpZTjQ4bk1KcHFDamZHVTU2MVF3QndRRUwyR0E0UzFyMmd2U1BxTmlOTW9LR2s5NnVOSWF0ZnBrNVI4QVZFeWdnVkJsS1FnMV9nbVEwQ1VHc2YtOTZXa3dHa0ZVVQ?oc=5,2023-10-21,"Lagos Ministry Of Environment Appoints Flood Complaint Desk Officers For 57 LGs, LCDAs New Telegraph",0
“My parents are languishing in IDP camp”: Benue Senator tells colleagues - Legit News,https://news.google.com/rss/articles/CBMiogFBVV95cUxQYWgtc2prdjV4eGJpeWVmcDd4SnZLZWk2WGFBeUpTWFpWQ2o4ZFNGWktROFdCLTJuSnJodzVRcndFVE1uQ0pwcWdhQnlLcHFNSkMwZW0xdFMybGwyc0tha3JFeW4wdWZXRGhqMnhhNWxaaXBlUEJHaGxNY3h1blUtOHBSWFFHOXhpQlg3V1QxUHNsSXktd3FxdGlRVjVEbV9PTHc?oc=5,2023-10-06,“My parents are languishing in IDP camp”: Benue Senator tells colleagues Legit News,0
"Lagos govt. set to demolish Jankara, Bombata markets over blocked drains - Peoples Gazette Nigeria",https://news.google.com/rss/articles/CBMimgFBVV95cUxPRnl5VUZXU1Y0YjhqWmxvdm5VOHVrbHU4SWZLT25yal83UjFiZ1VFdnpNSF9pYWpKRkM2bHp3Sm52SnQ2UDgtQzlfSjdwaW9wV3lGR0RORmdRNnBvLWFwTXJBOU9hVlhNQTFmdG91OEJic2lGUThVY1BQS1ozelBBcFhlZC04ZEstOWFfY1VnNWFvSDNXOVEtQk9B?oc=5,2023-10-08,"Lagos govt. set to demolish Jankara, Bombata markets over blocked drains Peoples Gazette Nigeria",1
Lagos commences demolition of illegal structures in Lekki - Vanguard News,https://news.google.com/rss/articles/CBMimgFBVV95cUxOLXVqbnY4a0xuY3p2bjhSblJPMkxDeWphbUl5bFFuYXljZ0QzMWprRHBaalotVW5keUFBc1pSOGJjcEg5NldHdC1MZlNIRlRkODVsYmNSZTFwSVlNVHhxY196WFlEeUpMcW91UnhzV1hRREM0SmFsdGFleGhORndDLTVGazJKQlRrQUFLUWtuX2hlN25reTd3VE9R0gGfAUFVX3lxTFBGS0cySTNvWmx6M0ZJQXRlcDFmODFHRWhlUlhJX0lhSkNaU3p5emZ6TlItTlJRUnMzNWo5bldXYnBDcVlJMlRvbXpMSmlZNjBWTUxidVRaUGVqSU82Q2RmV3pUV2RwX1lRQmt2MHo4WDdiamxXdnhiZGdNcERkb3dVTFhweHBJd1V0SGNxb3BBbVBvblhYdE43dFRMdVJwVQ?oc=5,2023-10-11,Lagos commences demolition of illegal structures in Lekki Vanguard News,0
"Here’s your guide to getting building approval in Lagos, avoid demolition - Business News Nigeria",https://news.google.com/rss/articles/CBMirAFBVV95cUxOV0FIb1hFUE9lTzJkU0FmaDNUU0FDbUtUT1pfYjc3b01aaTVNdTFRTEdOLU9TZUtNaHZaclFqWk84NjVYX2o2QUtjWF83MXY5NkM2MjdZN0JnQ2I3VXU3cGVBODlnTlQ3SkZZMWJMYThPekxwNTMyUjJqX1p3QkxXQWpxZDV6R0MtVDNfXzh1aU11dVA1djZYS0lYSEZCR1llc2pmZEJnbWt5MHpL?oc=5,2023-10-23,"Here’s your guide to getting building approval in Lagos, avoid demolition Business News Nigeria",0
"Lagos set to demolish Jankara, Bombata markets - PM News Nigeria",https://news.google.com/rss/articles/CBMiiwFBVV95cUxQYzIxcElSNXFkTC1jdGprZm9NWHNOb2h1aVZ0d1BsVHhUeUU2bXJzM045VXlnZllHQURtMzROZGlNU1BNYzg1bWlBWWV6NzExd2g2dERPZUI4aFpiTFQ5T1l5d1BVNkxHVEcwajVmZVdlVS1XbXF2bUxueS1hQU1jX2Q5bEVkanhQSENB?oc=5,2023-10-08,"Lagos set to demolish Jankara, Bombata markets PM News Nigeria",0
Lagos resumes demolition of illegal structures in Lekki - The Guardian Nigeria News,https://news.google.com/rss/articles/CBMiiAFBVV95cUxQa0NqWHdVRlBnNlBlZWNpeFNuUC1yZ1ZxdUhwZF9KS05uUEZmRC1pekthajlGbGhXbHVZT1M1N1FBbkFCbUlTMF9LbjBHYVBTVnZjZ05wZldadG51RXUzOGhWLU5PRTctQmJzYlpFbXdzdTlCakJfRkhHa09qcU5tOVJXc0JYS253?oc=5,2023-10-27,Lagos resumes demolition of illegal structures in Lekki The Guardian Nigeria News,0
Lagos demolishes more buildings in Ikota Villa - Punch Newspapers,https://news.google.com/rss/articles/CBMidkFVX3lxTFBySERWNDVTTzhJaUdyMmdHX0pUQWU2VTAwTVBaeG96cTd3S0NZQTl2bHpfMWktUmFmekFWa2x0aGtKZE81N1pmSTFJMGFpRHpUS1hGMHUyNGRuRmNCUWVSV0M1YTdyR1dVQW45VjhkZHNOUDAyaGc?oc=5,2023-10-27,Lagos demolishes more buildings in Ikota Villa Punch Newspapers,0
"Sanwo-Olu orders demolition of Jankara, Bombata markets on Lagos Island - Ripples Nigeria",https://news.google.com/rss/articles/CBMipAFBVV95cUxQSUtUb3NLQWVVT2k3aEktUE13bVRPbEZ3Tm9mcDNMdVBtLTNYZmhGTGwtaElCaFIwZEUxb0pfeUd4ZjNLUm9URHhqTlJyclB6QkVsV1JzVmxHMnI5RE9OeDdDT3d5SmtWa1RaNzZnWGJCZWpkV2RILTgxeWlOdG9zNU5FOENmLUgyUXd6Q0ZDekk3emc4Qk5BcG9jSFNDdWw4NEh0Sg?oc=5,2023-10-08,"Sanwo-Olu orders demolition of Jankara, Bombata markets on Lagos Island Ripples Nigeria",0
Flooding: Sanwo-Olu orders demolition of 2 markets - The Sun Nigeria,https://news.google.com/rss/articles/CBMid0FVX3lxTFB5eVJkcjlZUk9mWlNhQ29BNW0ybWRiMUpKNEY4cXMxUTNmZFFuSG5NSlRXUFV0S3ZwZHozaEdoa3Y2alJVaWpEYXJzNHRlQ0VPWS1lWVFKTGNQSnFFZFViT3NkemRWVnZWSW52blVyRVg4VHBvNDgw0gF8QVVfeXFMT19fdjBDRk5xcVh6dFFWTlJJeF9QNDk5bmlNS0RCdTNSRVNOblBGUkh5X2J5aXNVdUVScHJDZjN4MXlpekxJT1BrNXZfTjRCT1VHRm5VQXZlSGRoTjZLMDhPRXRHVE43UmFvbWU0NERPWHoyWVpYOWctYzgwQw?oc=5,2023-10-09,Flooding: Sanwo-Olu orders demolition of 2 markets The Sun Nigeria,0
Lagos issues stop work order on illegal land reclamation by Ojomu Royal Family - PM News Nigeria,https://news.google.com/rss/articles/CBMitwFBVV95cUxPSFc5bEd5enpyUm9lVjZWVXk3UWw0NGk1ZVZ0THE1Ql9RbUxGVFRvSEt6bzdEY2pGQ2x3dFRIcDFreTJTRUMtR0dXeWFvbmxBaHlSQ2M3WFlDVWU3ZnF6bExnODNwaHlFb2pyNFkxeHZxV2QyTW1DamtXZUpzX3ZfdVpzTEtvUnBxOGZPVWlHVi1TWVNJVXIxZmoyeEF3SzVUWjJnMnlsMEtzNDVLeFQ4cXcyMEVkeTA?oc=5,2023-10-23,Lagos issues stop work order on illegal land reclamation by Ojomu Royal Family PM News Nigeria,0
[IN FULL] Guidelines For Obtaining Building Approval In Lagos: Documents & Requirements - thenigerialawyer.com,https://news.google.com/rss/articles/CBMisgFBVV95cUxOdDAwQkRObzNhR2NpVk5NMkxDbkRFSmFnU2NiRVdXUC1EREVEai1KT0tVdFRsRGhMRkVDd3hSMkZ1TkVYQ05xVWEzdlF6cmMzSDYtOHhJUHIwRFBFYVdFa1NqMlIxQ1VvM0trb1VqVGNybTNTWWNiMjFhM0g4MTY1QkVQY1otdm0tOHM4Qm1xNmZ1dTZycjgyZGowN0R2WnkwZkZHcXVhYWt2Z0JyVEZfbnRR?oc=5,2023-10-21,[IN FULL] Guidelines For Obtaining Building Approval In Lagos: Documents & Requirements thenigerialawyer.com,0
Several Nigerian states to experience heavy rainfall in next three days – NiMet - Premium Times Nigeria,https://news.google.com/rss/articles/CBMizwFBVV95cUxNdWMyQ2hqbGVxOGpZZmdYZHl6Z3JtSmw0ZjdVeGx5a0cxVm1uMmI5U3NfN3FuTjloTjB2UW1Pa0F4aHVBZFhDRTFwbDVjNnFPWWozZnFZVWNveVdyZDRwaDhxZ2J6ek9lOGppZE54NFlPb29pR2k2VTNKTGI2aW9hYk5vZjRKYkNkMVRaMFFmUUwtLWR4d1RhemxHOV9qbVcyZ3VNT2lVa2JwRl9rZ2U5NzJJS05QT0VhMlFXWUZPcUtaUl9oX2N5Q0RmMGZSelU?oc=5,2023-10-02,Several Nigerian states to experience heavy rainfall in next three days – NiMet Premium Times Nigeria,0
NiMet forecasts heavy rainfall in many states this week - Premium Times Nigeria,https://news.google.com/rss/articles/CBMisgFBVV95cUxPVUpobmlTd0ZVVzVMbnMydVpHb3l0dW01cWZPZE90QmtMZGtfMXk2YnB3UjZVaXlyLTJSdmwtcUpUWGY2N1otdXJyOWpBVXVKNjNPZVF3b3BpM1NoRlBldDNHWXl6LTJlMDYxb2FnWS1qZi1lOTNET0RUdWFod0JrT0ZsWk9OWWswZmJSaXZzaGdfeE1ESGhoa0JVQWswenQ3N2luYWdvcEdZN3F5RFFmUml3?oc=5,2023-10-10,NiMet forecasts heavy rainfall in many states this week Premium Times Nigeria,0
Investigation: Why residents of Lagos community have been battling flood for years | - theeagleonline.com.ng,https://news.google.com/rss/articles/CBMixwFBVV95cUxPQ1Vzbm5Hc3RiX0U4YnRTdVotbmd6c1J5b3RmbHpndE05aUI1TE16eUtjaUxZbkotTFpMcXdra3REVHJlZWRTZnNfTzEtanJ3a0hPc1NvcHNKRG9GUTY1ZVgyVjI2RElXaDlpckU5OVRmd3dSSGlfNm8yLXJSX1AtcjZtTDc4ekRUbUUxSWwyVnVyc1AtaXZ4M2ptXzY3aXQ2WE9DeDNpd3ZpdE1HRnY1RnFndXVxRUlCbFpjX0txWEhWckp5cG9J?oc=5,2024-04-20,Investigation: Why residents of Lagos community have been battling flood for years | theeagleonline.com.ng,0
Flooding: Lagos seeks timely completion of Abiola–Onijemo road project - The Guardian Nigeria News,https://news.google.com/rss/articles/CBMimwFBVV95cUxObzhmVTNubWh3NFBpYkJrb2t4al95MkZCX0syOHBzOGhIYkszMzgyVXpVT05WVFRVOU1KcWVyaHY2RDdiS1paQnhnaHRFR2E3ZDNIaE93UlMxQXU0cjFIMU9SOFVFZHY3X1dLekxURTVWa3ladEtSTWhyOC1VSEg3NS1IZm5PUXhQU3BzNkJUbnk0YnItOE42MjVzSQ?oc=5,2024-04-08,Flooding: Lagos seeks timely completion of Abiola–Onijemo road project The Guardian Nigeria News,0
Has Lagos governor made the city one of the world's most liveable? Five claims about Nigeria's business capital fact-checked - Africa Check,https://news.google.com/rss/articles/CBMitgFBVV95cUxPcmdvSVdfSVE3M0dSTF9lQkNRZDF5WXBEVEh0UjNpUlQ2RGhSYld0ay1XTjJzNDZfbGRwendWRGN0ZlpiTS1sRVNfRnZ2eF84WmEyWDlqMUlOdFNYMUJiWkptem4tUVVEMUwyb1p3cS1pbWFFMENsQlBBMUMtMTkwZ3cyVmhjLXQxNkpiOVlkTU1qX1N3eTRTTE5fdjJPS0pOU2V0UGJPNFo1R2RTc2R0RC1RS2ViUQ?oc=5,2024-04-05,Has Lagos governor made the city one of the world's most liveable? Five claims about Nigeria's business capital fact-checked Africa Check,0
Polluted Public Places and Poor Waste Management: A Menace and Concern for Health and Climate Accountability in Lagos - The Budgit Foundation,https://news.google.com/rss/articles/CBMi0gFBVV95cUxONW1Yb2xXNUdBbmVONDFlUHNHVkwxalI5ekpRcC1wVjluZHBfLVJldHV6dEd1LTE3QVhBY0NZMmVwVVgyYk1vTktRd3BDNGd2bG0yaUU1YzhxVTZfTzdyUzJJblptdkhSZHNBWUNqTHI3ZVl2WGlzR1JHYi15TkV6NGh2bXpYM3FDUHh4YWhKblU5RlQ3ZVJubGQyai13c3hhZFlfWEgzMUx5SGN3dWJ4Z0dCLTlpNlhxd05OS1Iybm5oQTBfNGdIQ0k1dGZUZTViX3c?oc=5,2024-04-16,Polluted Public Places and Poor Waste Management: A Menace and Concern for Health and Climate Accountability in Lagos The Budgit Foundation,1
Flooding: List Of Vulnerable Areas in Lagos To Watch Out For - Ikeja Record,https://news.google.com/rss/articles/CBMikwFBVV95cUxOQkF6QzViMk9KeVI0QVlreldSSHJ6Vkl0N1FiWkhBSHRuSnJ1T1dNeEZNYmx5TS04Q0lkQ3RIQnRnRjYwM3hLdHQ2a3hxdTcxVURUVlR4TWh1cmp2T0g1QjFrSEpKWDhEc280VWFEMVFWWnMyeFZlSVlJdnhBb1c0Ym1Fb0tXQThIcG5PSk0xU25uclU?oc=5,2024-04-21,Flooding: List Of Vulnerable Areas in Lagos To Watch Out For Ikeja Record,0
Gafar Liameed Predicts: Lagos Clubs Will Soon Flood NPFL - sports247.ng,https://news.google.com/rss/articles/CBMiiAFBVV95cUxQSGtyb2k0SmthLWY0SGlYY3FuNF8tNzB4RzlMLVZpazY5QTRmaHA2QUpuWGxIUkdqeHZDQTRTWTUxRGlya21TRS0td1NKUURjV1lpdkx3VmpvNWpsR1lCcE4wdHRwV2x0SEd5SnZTNjZhVF81NWV0WHF3SVQwTzJ0dzBpTzRCd1BE?oc=5,2024-04-02,Gafar Liameed Predicts: Lagos Clubs Will Soon Flood NPFL sports247.ng,0
"Flood: 31 States At High Risk, Federal Gov’t Raises Alarm - LEADERSHIP Newspapers",https://news.google.com/rss/articles/CBMigwFBVV95cUxQTXc1eTFRV1ByUlFrMTYxVUZNYmhmNXUzdkNxLUcydG02bG80TkstZ21EOFF0dERFT0E2MUhCZkFlVlhadFQ0MXF6NWFOZ2RWMlVPNGNNSEhnd1RfQjhLMmpuNXZXa2ZnNkhhMUhLVHBmZlFZZnVfc3NEdGg5TnBiaEpaUQ?oc=5,2024-04-16,"Flood: 31 States At High Risk, Federal Gov’t Raises Alarm LEADERSHIP Newspapers",0
"Climate Watch: We planted over 2,000 trees across Lagos in 2023, says NCF - TheCable",https://news.google.com/rss/articles/CBMimwFBVV95cUxPV1F1cVVvaDVjbU5RY0VrUGZBekptSFZUcnR2VnY5aEtvM0RmQUh1UkxBUGozZ1VIMnEyTkpzMTBQM3ZUQ1pSLTgzRld4VC1RdmNwRWJNVnRMdDhDclpqVGhLRVFVV0pTUlBhTzNlRVR0Um92TFdRcVdxM0JSOE5paTNxSkE2dGxORWpOeUlvclpOMFFOa18yMS1ORQ?oc=5,2024-04-01,"Climate Watch: We planted over 2,000 trees across Lagos in 2023, says NCF TheCable",0
Lagos Waives Penal Fees for Property Owners Without Building Permits | - Business Post Nigeria,https://news.google.com/rss/articles/CBMiowFBVV95cUxOMS1NOUJoZWsxY2pHNlBoMnd3TUVOTm4wQXljM09RbHBHTlFZTWxVVWtwbWZpSHJVTkJDb3A0enhQeGVxMDBTWVhVWmt3WEh6TExLTlVSQlpmWTB5YUx4THFSdnRxY0otdzU1Q3FXYXB2ZWFWSGU1bGJoRkp1VXVxVG5sNnMyX0x5WkFFV3BPbzVzUWJkYm9IVlZDb0NuQ2V6WWJZ?oc=5,2024-04-16,Lagos Waives Penal Fees for Property Owners Without Building Permits | Business Post Nigeria,0
"How rainstorms wreaked havoc on communities in Ogun, Lagos, others - Daily Trust",https://news.google.com/rss/articles/CBMikgFBVV95cUxONVJaUEtPRWlJMGdsRW9ROG1xN09Fb2Z6TkI5cF9YTUpHS3pqbDFLTkpwSDNYQlVYUWpwSE8yYzRxTHNiUTZ2alVlWWtlMk1YS2RsdkNIdHk3M05OSjREOVpQYzI1M050aWt6OGhwd1hRODlsRUZtUHUzdXBiNDJhQ1FmTUhhbDhQaE9kd25ELXpaZw?oc=5,2024-04-27,"How rainstorms wreaked havoc on communities in Ogun, Lagos, others Daily Trust",0
How one woman drove from London to Lagos in her old Peugeot 107 - cnn.com,https://news.google.com/rss/articles/CBMijgFBVV95cUxNc3M3WnI0ZjNuUWE0bXZQWEFUUFNGTVlFZTdMQl91bXNXNnIxSEVPZk4tOERzRjMwRU9IOWRNVmY4Wk9NeDBZY0JJLUZDcExmbWFEZDZlODRaQWhOVnNZNnVfQlVZZmxSTEJZdkJBUlFVVXl2UjU0bUZXSU95dzctb0xPYnJfenFJMGtqSm5B?oc=5,2024-04-18,How one woman drove from London to Lagos in her old Peugeot 107 cnn.com,0
Falling container kills woman in Lagos - Vanguard News,https://news.google.com/rss/articles/CBMigAFBVV95cUxPN0dhdnRELUJ5Ri1WS3Y1TFlpajB4R3FQSHBsMFZfZjV2VWxZZGRZQmVGU0N2alUtRmo5NlIweUNNeUdMOTE0b2hiOFBMRUxCYVRPQndjN1J4a3NpWWlNRUVOc1ZURU9EbURFNXUyR1N5alhLQ091LWU5bWpNeHo2cNIBhgFBVV95cUxNaGtNa1JzaXdkeml3TUFiUEFvMklkMy1CMUpLaVJKbTk2eHVnTlRMbUxPX1N5WFNhZE52SHJVRlRMQWQwMkpqQ3NqU0tWUWs1aXBZU2l0Sm9OaEpSSy1ac3FCVldCQ1FfUklTTDNYbVdYSEtRc3U2ZEFfNE54UjZubnl4YkZZQQ?oc=5,2024-04-12,Falling container kills woman in Lagos Vanguard News,0
Flood Disaster: FG Urged To CollaborateWith Cameroon On Opening Of Ladgo Dam - Independent Newspaper Nigeria,https://news.google.com/rss/articles/CBMioAFBVV95cUxPbTBFa3pucVdnMDRmODdRMEpMMTZEVk5aZ3piRVE5R0tZcUlZMl9CX1RGSm1QWEtpaDE0eVZ6NW5YZnRWTHA2REZTSFo2WW9uanZKa0pod3l0RFhNQWw1dGc5YTdUQXFKaGNKN0tHX0ZNUS1oRVZjV3NKNENzSE5kUzY4Z2x3c2RGSUMweldtTXBKeFdpNzhfZ2FlbmpFWVU5?oc=5,2024-04-06,Flood Disaster: FG Urged To CollaborateWith Cameroon On Opening Of Ladgo Dam Independent Newspaper Nigeria,0
"Torrential Rains Wreak Havoc In Plateau State, Destroy Over 50 Houses - Arise News",https://news.google.com/rss/articles/CBMilAFBVV95cUxOQnFnU0ppNjlLbWljUUtBYWY0bkxTc2xYY3JEcnJNYVk1cGdsa3h1QXFOTU9kQWdlUTdFOENsN2Q2ZG5WT2xmSk5WVmRtNXh6YzZSRjZwbG5yd3FsZHh2VmY1SUQtTkdsaHFRaHlFNnkwYW1QYXkxeXdqQk5kZ2xGR0hRaVRvTjVXaklYb255NTltS0lh?oc=5,2024-04-08,"Torrential Rains Wreak Havoc In Plateau State, Destroy Over 50 Houses Arise News",0
Lagos Health Service Commission Lauds Waidi Akanni for Supporting HSC Sports - THISDAYLIVE,https://news.google.com/rss/articles/CBMitwFBVV95cUxPdnczS0x2SU1GRkRIaVVtbkFuOTdLdS1DX01TVEJjUGlpekRlQzNMdmhTOTlRNzJmZ1NLdHZta1l0QkNVYmthd2F2bkpPUy1NemNGam1wLUpIanZqQ200ZnJsdkVkY2huRFFaZW5MRVVRTW9feWlmdk9DYmxaVElrYlJ6andqSHVPMS10aEJLUEF4emFaSm5jWUc1NEdBX3N6RlY4WGJyNlROMlpfRlhBRkxVWElxbm8?oc=5,2024-04-17,Lagos Health Service Commission Lauds Waidi Akanni for Supporting HSC Sports THISDAYLIVE,0
Rainstorm Throws 40 Ogun Communities Into Darkness - Channels Television,https://news.google.com/rss/articles/CBMikwFBVV95cUxPXzRtSEFRM2s5eHNUN25ONVlNOXpFRy12U0M3cGhCellGaVZIWHNhdDdEMnljMXl6TDVnZzlISlAwd0stUWpDUzZCUmcyMHNKamFvSUNYYVFjenFZZjdYUjlyLVNpVF81eGxpMUZpdEZHNzhrTjk2bXo0TGN2SVNNRUF1NHpJZndaQTFHaGxqX1NTSEk?oc=5,2024-04-22,Rainstorm Throws 40 Ogun Communities Into Darkness Channels Television,0
"Africa’s megacities threatened by heat, floods and disease – urgent action is needed to start greening and adapt to climate change - The Conversation",https://news.google.com/rss/articles/CBMi8wFBVV95cUxQOHpOM3VJZl9MUW82cU9LdFVadW1QWTBmbWJLYzR1c1Q1YzVQZ0pHTjRYZEdwcW00YVdvWDBFREFGam55VEFEb1pZOWFndnBtd3JLU1ZJZlE5UFROb1JUUEk4UXY1WlZXOWJ0bTFfbUpPdkVYU2FfTVJkQzM1VkwtYXBucF9UWmNBU0VwMDVjUTVBelJHVjg0enhJekZxdWRmX3JyM0xhMHNGajE2M0V4ZGR1SkUxNHViOUlUYVVMUHE5MzVRMmNiMldtSi1LR251TkUtRmVLbmwxVnhLN3FxZnpxUFpfYUdtRVhwdWh2SUhHUjg?oc=5,2024-04-23,"Africa’s megacities threatened by heat, floods and disease – urgent action is needed to start greening and adapt to climate change The Conversation",0
"31 states, 148 LGAs risk severe floods, FG warns - Vanguard News",https://news.google.com/rss/articles/CBMiiwFBVV95cUxQZ2t1blFrYS04TjFpaENDLUlUazBYazVhQkpsMk4zcnZOeGloSUNqbVBwbXg2bzlsTHV0NWxwVXA2aGlOM3kwX214bkdVN2dTbWlDYTA3bDQ2Z1VaOGtNMF9yTXdrRHFsLU9tLXVRTHBhQVB5bnF5SUV2cHdvS3hob1UzbFRFdjctVzdj0gGQAUFVX3lxTFBqc0p1Rk5GVDdSMHBRb1pxUnBxN1YxSXl6YWo3OEdQcnRhVThoUkppYmVJRmRzR2ROYUs4TWxkejd3QzhzOWV3OHo0bGJqNG1oQUNxMnNHQWdETkRRb3VHTi14YWdXSWZHTUZlZDNvYURHaXF1OFN3V044VlJubG5wX20xQlRTVi1iN2IzalZLYg?oc=5,2024-04-17,"31 states, 148 LGAs risk severe floods, FG warns Vanguard News",0
How farmers can minimise losses from flooding - Daily Trust,https://news.google.com/rss/articles/CBMieEFVX3lxTE1rOWpOa2pTTjRRZnBBY0FHMExTdGNyYUl6Z3Bhd2JKZWs0QUxTaDltRnprMTB6VXJtQ3h2ZWxzSlFOZUtqNXYtd1MwV1FHU3BpMzIwV2xqaHJ4MHoyaXo3bFkzaUFmUFZkWXVob3QwRnA3N0dPZDRmbw?oc=5,2024-04-28,How farmers can minimise losses from flooding Daily Trust,0
"Tinubu observes Eid el-Fitr prayer in Lagos, urges religious tolerance - Vanguard News",https://news.google.com/rss/articles/CBMiqgFBVV95cUxPVXZsQ1Q3UVJia3ZyUC1pZTFzTlVJV012aC04c3JqalJ6XzlEMmxWTWF5d1B4V1NGYUpPZFQ0bHlXX3pwSDR0YkE4czFkZmRKSVNJQjRSM1RJSGdyOVJqamU3dGZUQWczZFBMMnlZZ0V1UXlZa1FNTkFBZUktVnZ1SVdYY2xRNHROb1JSR0pkckxDaWZEaUlCZ0ZmbmNTUnVrZk91TGk5UEVsd9IBrwFBVV95cUxOYUUzclJRYW90YzZlMXp5U084SGFBUWV0OWRacVYxeEliVTJtN0sycHJUajduWW10V3hNdm42Rm5zNEVtazdqUWxtd0trOWUzSHNZX1ZhUVNNNEh5OHkwUkdLaWZuR01IOGlLSDM5LWFmX3FibWZFci1mdHdRU0hNQUtZQXRqdEJkeVdXWGRlX3JaZjdwUk8wOWNWVE1KTjRaUWFER1lKNE9sZmt2YjRn?oc=5,2024-04-10,"Tinubu observes Eid el-Fitr prayer in Lagos, urges religious tolerance Vanguard News",0
Lagos monarch Osolo of Isolo dies at 64 - TheCable,https://news.google.com/rss/articles/CBMickFVX3lxTE0yckRHelViMXZKdWZJUDVRanY5ckl0VkQtVXZyUzFhbWZzZkxYTXVoeDVYRUJ0QmU3ZzVJT3FpbjhGRDlNay1XSi1rNTlnVjRZb2JLdjZWQ0VPT2gzNVB0Wk5PVERrZk9Jc3AyTUFxVHk5QQ?oc=5,2024-04-10,Lagos monarch Osolo of Isolo dies at 64 TheCable,0
IBEDC Downgrades 27 Feeders From Band A (FULL LIST) - Channels Television,https://news.google.com/rss/articles/CBMikgFBVV95cUxPUlhJbzFrZ25xQzF2enZtcGJYMFlzeUR3NHBCb01Ldk51UWI5Qllzc21Ca1ZMMnFoVFc5cU1vLXdVN3hNV2Z5VW9ncUJuZFZqQ2Jyb1Q0bXNLQ3U1WEl4UEtsYXl5Z1poMDZWb0tMTGRfWEw0Wmt6c1V2T3o5VkRBRU8wVUhBd2MzREpvcGRTMWUzQQ?oc=5,2024-04-06,IBEDC Downgrades 27 Feeders From Band A (FULL LIST) Channels Television,0
Navy relocates training base from Lagos to Rivers - Daily Post Nigeria,https://news.google.com/rss/articles/CBMiigFBVV95cUxPdTNzUmpQdmtTRGVOMHQ4RWtZeTV4TmxwejZab3dxcTdZSmlWQm4wbk1GUGxSd3lfOG1XTjRtNUZiNDhiNEhabDBTRVdNSEpKZ1FiVUlIanZESkhHNTNUcjBoTzZ0ampnRXo5dnM4LVBkRTV2VW5hMzhLZndtWTBkYkhZMlRoUHZlVUE?oc=5,2024-04-26,Navy relocates training base from Lagos to Rivers Daily Post Nigeria,0
IBEDC Reconnects UCH After Three Weeks Of Plunging Into Darkness - Channels Television,https://news.google.com/rss/articles/CBMipgFBVV95cUxOeHZfc20zeml0bHpRWC1BMkxsdWFiU3cwU3VtQTlSZmxpVjl3a1F1OXRKMVM5SGY2THRMTUNKYVRxTHREMWphNE9tNkx5SngyS05TZmpZYTZ5cTVCOHU4Ymhudlp0LVE5ZDFUOENrWi1MRXNuUTluemNFOTQ5QmNYWnQzakJHTVBMWlhuZXQ1MTEtZ1Y4M1ZIeGVwZmRUMm1VUU9rVWh3?oc=5,2024-04-04,IBEDC Reconnects UCH After Three Weeks Of Plunging Into Darkness Channels Television,0
34 states shunned 35th Enugu Int’l Trade Fair - Vanguard News,https://news.google.com/rss/articles/CBMiiAFBVV95cUxQZGV2NUEwdUFjcHoyRGdvNnI5N2plQ3VFWkFITVoxVzBGREF4MExyUlNFM0k0XzZEdGR6SkVkN0VHMzQzMHlWb2ZRSUpnY0xJWGNkRVNVTzRoX3FfSEhqUFZVVGVwYml3RF80OTFWeUJOZlROb1A5bE5CdzVfR1RLQy1CMUdaU2Rp0gGOAUFVX3lxTE1EOTBIMF81LWRSVjZQazVuV0xBMUd3c05nc0drZkRQUTVPNlVYeGk1UVl0RVJSeGJMbjBsVUMtejBDaDlpTVBiMnJYRjVBTlVnZFAtcXBtQXJOSE5iMnhWdV9vSXhPT3NfU2R1QTlUX2VSRDEwZWJMakdNNWVCZjRBWW5VdVR5bTBXOHI3SlE?oc=5,2024-04-16,34 states shunned 35th Enugu Int’l Trade Fair Vanguard News,0
Goals Rush in Maracana As 2024 NLO Season Begins in Lagos - sports247.ng,https://news.google.com/rss/articles/CBMiiwFBVV95cUxQRGVQd1RvN0dWSXhGZG9FMFhZM21iZ21wamtCNWJLZDBJWXhDejNFTFZhQWNtNkdhelNBNXVFdktNTmkzdkltZld6Q0JlcF9vLUQwR0FaVzJQRkNQbDB4ckpzV0N5WnZObU50UUFCVlQzVmFMUlJYRVFLTWQ2blctY3U4YnBWUUhVUmRr?oc=5,2024-04-21,Goals Rush in Maracana As 2024 NLO Season Begins in Lagos sports247.ng,0
Osun: Police warn against covering of vehicle number plates - Daily Post Nigeria,https://news.google.com/rss/articles/CBMilgFBVV95cUxOdjFfRHhiNERVTWJZV1pvVm0wb0tDY0ZPRnl0YWpSNDRuVklQOFVULUhJOWh0eTE2SG0yZEk4d0RxT2dnc2lORG5oYjY0ZjU0TkJfTk1HZ0YwSllSWFc4c2dsWUxKQUJYQklTWFl2NkhfRWNHX2ZqMm56QWlaMjZENmJmZmxNN2I3QWViS2c3djVrOU9vN1E?oc=5,2024-04-19,Osun: Police warn against covering of vehicle number plates Daily Post Nigeria,0
"Be resolute in preaching unity, peace – EKSU VC, Prof Olanipekun to Muslims - Daily Post Nigeria",https://news.google.com/rss/articles/CBMipwFBVV95cUxNNE9pQ0QzZFJCNmdfei1iSGo3eDBjZXZnUUM2SW45bGdmbFBqTWdzNk5nNXZiVmNRN0NpMkswSTdUekExQVVmS1BRTE5DeFotSWxEMWlsODFxU0drVDNCYWNoaFRGMG9wWXVURGZZeEdRMnFJRGk5RzVTM1BmSUdFN1ZtV3h0Zzc4cF9adzJHOHlZMlFWQUMwWUJad3o0OEVxWmIxQ3o1WQ?oc=5,2024-04-10,"Be resolute in preaching unity, peace – EKSU VC, Prof Olanipekun to Muslims Daily Post Nigeria",0
VIDEO: Zinoleesky punches bus driver inside Lagos traffic - PM News Nigeria,https://news.google.com/rss/articles/CBMipgFBVV95cUxQbFNmSUdhTG9Yd3BvYThXcjROZ1pzLWx0VHlpQUw1LU5sc2ZyTjNLVHZvSGRJeDQ2WTBGdThSVnJ4cEg1VzdRcDZRT29SekpFUTBTMWJOcGZSX0pDWWpCcDAxUzBjR3VNREw2RVZMc0ZpXzRJbUd1anBwbktpX29WTnBVZGxmSjFFR2NwblBJOVFXY3FQNmg4WXphMXQyNnVfelVTNllB?oc=5,2024-04-08,VIDEO: Zinoleesky punches bus driver inside Lagos traffic PM News Nigeria,0
"Flood: FG warns that Lagos, Rivers, Anambra, 28 other states at high risk from April - Nairametrics",https://news.google.com/rss/articles/CBMiuAFBVV95cUxNYW8wT01DLUJJYUVGNmxHQXBIdG9jY2doa2R0MU92OE1pNEVMQ0lmelNhd09uTUZHUDZGVEZLODBsWmlRcEZ5enQ1WHZqR2pnTkZHVmhRNXRGRzNuU2hqYV84cjZpRi0tUFZOdEtnb0pCMktHbzRBMHNCbDkxUVNZanlBZU93TlltS1hPaXRjVnBLWDlZMUEyX1k2RDNvVF91WW9hTEVRMk0zOXQ1amdPWDRxZkY5NVBJ?oc=5,2024-04-16,"Flood: FG warns that Lagos, Rivers, Anambra, 28 other states at high risk from April Nairametrics",0
Easter: Revellers flood Badagry Beach amid tough times - freedomonline.com.ng,https://news.google.com/rss/articles/CBMiiwFBVV95cUxQN0VpYmlfTmZzMjhmd21oODNabFVXNkpBdm5SOWZjcHQ1MFBGWTdrQXJoemtjeWlLSHpIQW9mODh4UFlsdlhiZ3M2Vm9HNnczOTN3Qkx4ZnVXVy1YbU91Z0JiMUJfZHlBRGU4bktTVjcyZl8yVXc5VWVUbXBxWnAwb2lMdEhlLTQ4UW5J?oc=5,2024-04-02,Easter: Revellers flood Badagry Beach amid tough times freedomonline.com.ng,0
FG to launch first batch of CNG vehicles ahead of May 29 — Presidency - Nairametrics,https://news.google.com/rss/articles/CBMipwFBVV95cUxOODI2cWp1T2pzYnZuNUdlUFEzWXVSTHpKWHBXUTVHNjlfYTBNa1lUbHpoNmJvX1lhWUdCaVpBRmRxb0tSakF4ZGhWaklFRm9ZNXFWN0xwV2V3MF8yb2lPMlRFbVA0UHZJVXE5eGhLRHZ5REZSQVBBcFRIUjdtMUJSYlgtS3RjV2RtckIwLXJhVkFWS0RMb2RmNUtpTUtQQ2s4QzFsM3pzNA?oc=5,2024-04-21,FG to launch first batch of CNG vehicles ahead of May 29 — Presidency Nairametrics,0
May Edochie reacts to reports of her acquiring multi-million naira mansion in Banana Island - Gistlover,https://news.google.com/rss/articles/CBMiugFBVV95cUxQS2tId29pelVrOFR1ZlFHaW41Q1BEMzlEc0dyZGhHVTh3RU5jSi03RHhydmhfZElGOTYwUHRUdWZlX3VXeWcwTjdXZEt1cGJQRnFmeEtQeHNyUF94cEhFSGtCdXFVY3JTWVhYNUtzdlNvRUNCYXdqWjdHMWQ5c0otV3cwLUdUU1pWVTZYNWRRbXM5ZFpVcGFTZFpCWGJNQ3N3eV9aMlpjOUNtVDRxRGlzc2NwNXFLTVNGTWc?oc=5,2024-04-08,May Edochie reacts to reports of her acquiring multi-million naira mansion in Banana Island Gistlover,0
Lagos seals construction firm over sewage discharge into drainage - Premium Times Nigeria,https://news.google.com/rss/articles/CBMiwAFBVV95cUxPUUg0ME55b2FLdC0tV1pzQ1VzdlJ6MVJlNVV1ZWJXeWJhbS1GVHRKSHNsNEJwYk82eExrakxxZXJfMlRlZWhtRC1sS0ZnSTRnSTVZanZTLU0ydzJjeXNkSEJoWUR3ZUUwNGRCQ1FWM2dXNVN6ak1JSm5oX0dzN2w1UzdQTTZvWDRQLTFQNGZHQ2tuRDdNSFZ3b1NmU1FBTV9CZVJHaVdIVmNjQm01RHhoeTh4NGZPRUQzZWJkR1UxYS0?oc=5,2024-04-24,Lagos seals construction firm over sewage discharge into drainage Premium Times Nigeria,1
LASG COMMENCES REMOVAL OF STRUCTURES ON SYSTEM 1 DRAINAGE RIGHT OF WAY(ODO IYA ALARO) - moelagos.gov.ng,https://news.google.com/rss/articles/CBMirAFBVV95cUxPZ0o1Z0VDendRS1huX3JXY2tVbWxIWXRHcHJzRTRPR09JSl9XSW93QldHV3ZIeFF6SVpTWEN4bGtDWWo2bWxOdHRFejg2UGhlQUNqSlR0bkdBd1k3dHlURnNCbzRjZ0hreWU5YXgtSUJLUC1INnRFN1FVWU1yYlJBOGU2a3QtMVlzNlNHQUNTTUNzblQwLVExS2RsRk40am5sZ2dFQ253ZVRYWUNn?oc=5,2024-04-15,LASG COMMENCES REMOVAL OF STRUCTURES ON SYSTEM 1 DRAINAGE RIGHT OF WAY(ODO IYA ALARO) moelagos.gov.ng,1
Lagos begins demolition of buildings on drainage right of way - PM News Nigeria,https://news.google.com/rss/articles/CBMioAFBVV95cUxNd0phX0ROTWNZVWJsV2VtaXlQRDRBWE5IUXRmSEg0WkxoMDhhM184RjE5eC1ubDNrcG80bXVPdnc5ZGRCTUNBSzZ1TUU0WjQ0SGpId1pJaUdKUXZfZWtRMXJHOXZXcjc1ZkotQnI1N3dZR2NNNGxnWVQycW9ZUURvLW9BOFBWZFViNUlLcldjckVDQlVXZTFMdEZXS2c3SFdZ?oc=5,2024-04-16,Lagos begins demolition of buildings on drainage right of way PM News Nigeria,1
"Lagos publishes pictures, names of five sex offenders - TheCable",https://news.google.com/rss/articles/CBMi5wFBVV95cUxPUVdjUEdpZmZmZ0wtSTlKUGRHN2ZqNGMwZmg1dnREX0s4ZmsteDRSSUJkR1RyWkRicnNfNXRBaVo2Y2hwbThqWWJleTBRbjVtUjhuZGlyNzdBNGM3c0RTM0pxS3lOcHVmQ2NLaXgyOFBZcXBmUnNEaXJoOXBweFV3dFlxdF9UMzJtSS1rWDFUU1liTGlUalR3Uk5NRGVLQWl6d0N0eHIzREZ1dXFUNWFSLUxzLVlvNEdHeXlndmdVSEczNmxmcFJSd0hVNUVRUGZyQXZ3NmFWSzhlNVBfd2k1Vy1HRjhIM2M?oc=5,2024-04-29,"Lagos publishes pictures, names of five sex offenders TheCable",0
Hundreds of Lagos residents rendered homeless in 4 communities - Daily Trust,https://news.google.com/rss/articles/CBMijwFBVV95cUxNQUV6eEVqWTc3THY0Nk5UbjJZUFNtd0xCekFuSVVkNktjTWI2cE9VTTBnWWM5U1JQMGc2Rk5FbXR2Qmh1bExPZU1hQTdIWm5NQnpMYUkxSlA1Q3djeFdfZ0hpWlNYY2hVOHZKb25Zaml1OG9GVmhiNzBJTHhVRzhOR3k4VldSaTNrRl94RXJqbw?oc=5,2024-04-20,Hundreds of Lagos residents rendered homeless in 4 communities Daily Trust,0
Anxiety over incessant fall of containers on Lagos roads - The Sun Nigeria,https://news.google.com/rss/articles/CBMigAFBVV95cUxQd0hnOEZ6OHRxZEg5bGVISFdqRmQ1NkhRYWJLb0poay1QWEtUam1ZYjdkZWtYVWpTY3NkRGhnTHd5NlNUem5zZk9qRFZDOHNIejh5Qjg3NlIyN0MyTEczS201cENIMm5uLU5wdkZVMnRPbTI3cUEzSG5jSm5zR0hIb9IBhgFBVV95cUxNc2lFOExBVHhLZEgxN3BkRG9SSzlHWmpmYVhjY3pjSnNDa2NQUnJfUDUwUGVEdzdJV0hacFhvcmZ3eWZ2N0dEMVhpQzNmZlFCSVJaQWlSTlJLczBTdHgtVEozN1pZMVVOc1BUT3MybURVV3hnWVpNb3p2Q1lnU1FoZHRpTXBoQQ?oc=5,2024-04-21,Anxiety over incessant fall of containers on Lagos roads The Sun Nigeria,0
Lagos council commences reconstruction of roads in Ijeshatedo - tribuneonlineng.com,https://news.google.com/rss/articles/CBMilAFBVV95cUxNQ25UeVp6dk1nRFY0SjQydTJmdG5iQmdNMjhYZVp6eXN0Mm1Rd3dncWhiTmlLVGRicVB1QkNuOFlLNWZMMzZIWHVrUmFuNTN2bGFsUzNZLVBQdTNMRzNqeTlGblA2OU84dUhKbWdhOXdnWWE2R1lQeVBSdU1OdXlKSFY3TG5pYXBoalJqa09QS2MyTDB6?oc=5,2024-04-25,Lagos council commences reconstruction of roads in Ijeshatedo tribuneonlineng.com,0
Poor Drainage Puts Enugu Community At Risk Of Flooding Ahead Of Rainy Season - The Whistler Newspaper,https://news.google.com/rss/articles/CBMiogFBVV95cUxPaDRRdmhiZ3JsTlg3U0sxWnJSeVN0SldVZGNwMTBBNUZld2RKQnh5bnNiSURyRWJraUN3c0dUN21kRFBCWUJmcFVJMGlJYWxLLU9ZZzJ0MG5POWxEeTZiZmlYLWppS0cwNHFTRU9XbUZUYU1nd2d5b2VneFVxdHp6VVE4bkEtcFU0Vm1GVWRwd2xqMHVoWDN0Nk1ZVEJ2ckZQVlE?oc=5,2024-04-29,Poor Drainage Puts Enugu Community At Risk Of Flooding Ahead Of Rainy Season The Whistler Newspaper,1
‘Brain Drain’ Selected to Close New York African Film Festival - THISDAYLIVE,https://news.google.com/rss/articles/CBMiogFBVV95cUxOUFhLUFZfdTNseWhHT3dCOUdDWV81aElsS1B5U2p3T21ubmpfS0NSeThKRWhiVUZPU3dvWVgyV3NiZmFDQlB3VjFtWl9IbklxbDlYdEhsQ1BWY2ZnZ1RYV0FDeE9qcXhjMlRnekZFenhMOGh5VnhkdHl2NWxyUFN6RVlHbXZ0Um5GZnNlZ3ZwSllGNmpPUVcxTGVYams3blcydEE?oc=5,2024-04-21,‘Brain Drain’ Selected to Close New York African Film Festival THISDAYLIVE,1
Army hands over ‘fake soldiers’ to police in Lagos - TheCable,https://news.google.com/rss/articles/CBMifkFVX3lxTFBHVTBqRjdOVDZCRTN5ZEdoLXByc3A4dmxQRUtzbnAydTFLb3czcUhfNGtYZUlfMEEwTGdZb2pUTjU5NVVEVGppWjJIbEl3S09sN2s1Njg3c1ZpOVdfRDQwY3NFMlNWenF4UkYxckRFZEVkV24yRG9CeWJWTUFxdw?oc=5,2024-04-28,Army hands over ‘fake soldiers’ to police in Lagos TheCable,0
Nigeria’s Battle Against Plastic Pollution - Mahabahu.com,https://news.google.com/rss/articles/CBMicEFVX3lxTE5meWYxWVN0Ym4wWWJTV3RHTXBIajVoQXppYUxpU1pNZkkyQW1zbGdWT21KYTdPVWRXRC12ZjBSVmRkdUJwbjZLdVhhS2xHSnMwQTNhd25yRWNIWVl6M0FMNER4QXRTdEpUN0tjeFBSVGk?oc=5,2024-04-15,Nigeria’s Battle Against Plastic Pollution Mahabahu.com,0
"How Staff Of Securities and Exchange Commission, Emmanuel Savia, Violated CCBT Act In ₦144 Million Contract Racketeering Scam - secretsreporter.com",https://news.google.com/rss/articles/CBMi_AFBVV95cUxPWG1MU0RBQVVxdU9TalBNajJBbFVvMDhsNzBYUV9GRHFjckJXYnI5Q0U1QUZIUWZGTXNYVmNsaTJzN2hrcXdnYU1GamFSdGdLbVA2VkpNWWJfUHl3VWRPU2ZuNlU5RlFKVXFDSFFQOU44V1NoRVY5dElMUWNTODRrOERCamZ6a1dBMUxwR0d1dXpPejFJeDVBLTNWd083WThpLV9MNTNoVlQyLWp3c2FIQUtMUnhzako5VFFVYWZTT3J1OUhEOVcxSTFvLUtVRDVZX3psUWVqTjJyVlBvMEI1dW1DZ0lPelhMYWlWaWJOTlpFTElYY2g3VFVRa3A?oc=5,2024-04-29,"How Staff Of Securities and Exchange Commission, Emmanuel Savia, Violated CCBT Act In ₦144 Million Contract Racketeering Scam secretsreporter.com",0
Road users agonize over deplorable Lagos-Abeokuta Expressway as rains set in - The Sun Nigeria,https://news.google.com/rss/articles/CBMimwFBVV95cUxPY2Z5OC1yTlE2ZDJIT1Nad3phVWVuWHlyNklIN1B6Zi1ZZTNQa19rZ21veG1jTm1sNmVldFA5NkZLTmJod29pbHlCR25saVk5Q0hRR1hPQ2xtaTJUckJOUHlzbVVacGg5ZlRkY0dXMHVWZVVGSEREY3lzWktMem5scGJfcGZ6LTk0cDFiaVkzeTNwcTkwTUJod2JVd9IBoAFBVV95cUxPLW1IaW5jakJXYnpLaVd0X2ZsQ01SeUFKdEVVdWhuXzFGUDktQkZxWmRQRWwtXzE4R3Z0TGNJdkdYT2VqYTNGN08zcTRfTGZTUEJQU3pMOW5FVWRrV0lOWVhfYTJ1RFdPREdIRWUzOF9xQi1lX1pfdDhZa0s3cmQzbGxHdnF5NHRtZlZPY3JpOFRYek1OT2xNUVhfZzlVelRh?oc=5,2024-04-28,Road users agonize over deplorable Lagos-Abeokuta Expressway as rains set in The Sun Nigeria,0
Respite for flood-prone Lagos communities - The Nation Newspaper,https://news.google.com/rss/articles/CBMifEFVX3lxTFBSRmtQb2NTUUpiRjF5SnR4bGY3aXlrbVZITWZnS3BQVHdoQ0dNckthM3NsS1pnUXFXV19MVk5KSUtHWnkydlhFMWc4bnhCX2J6SmU0ZmwtbWhJNTVfQlFCVnAzdUlCVUljSVZNdVlJV1F2Z0VJVm1pUnNGV3DSAYIBQVVfeXFMT1NBaUJxbkt5blJvS3QycWNtNDFtMTQwTXRFYmQ3RGVUTHdsM0daUGFiVUdiUUQ3VzYtbWZQVl9SbUhHcHN5TEF4OU83eUItQ0VyMnA5Z2NXVEw0aHhjNUtPYnJvNzUtcElaX0V3TmtNVzI2Z2FHZTQyR1JIbDRZbUYydw?oc=5,2024-05-22,Respite for flood-prone Lagos communities The Nation Newspaper,0
FLOODING IN LAGOS - THISDAYLIVE,https://news.google.com/rss/articles/CBMiaEFVX3lxTFBtSjRQODRJS2lqOE9sd1k3Z1hvYzNaYTdhQUdWREJBUU1CLURlSXEwOFl0TF9rOXBRWno2ZmpaQktodkpJRGRNTHhrSWRJcjJoVHZ2Wi11V0hzNVMybXFfNzFiMW14NnlF?oc=5,2024-05-16,FLOODING IN LAGOS THISDAYLIVE,0
"Lagos masterplan: The canal, right of way, and the politics in between - Business News Nigeria",https://news.google.com/rss/articles/CBMiqwFBVV95cUxQZlVnUnE3cndHbVFRamRzWFYxWFVSd2FmN0RMRE5LalEyNlhFYWw3ZkNldmJ2S0ExS3lDeTIyUHdZRVNjQXV2bnBDckFGUkR1TUFEZWhBWVJteTFwV215MWtlYTMza0lER2lsblYzQlVTSGp1UGFXY1g0Sm9TdDE0azA3SzNkOVFGX3Z6Vzhpa2M3SUhkTnAwbDRKek50alpFVGROaEZ2RVFwemc?oc=5,2024-05-29,"Lagos masterplan: The canal, right of way, and the politics in between Business News Nigeria",1
Photos: Brazil’s Ronaldinho dazzles in charity match for flood victims - Vanguard News,https://news.google.com/rss/articles/CBMipgFBVV95cUxOSURENGFLNXd1VjJYbFdRQ3lsNVpDbkgtM1A1OHhfZGF1VnBCNHozY1hrQUt6cGh5SE5JVXhkQjJ6ZFNVdGU3U2RXWGtjM1pOSGNNQVJYWElKcTlVTkp5YTZHOUloM29ydlFCdXpyNWhUdXZHTTJwRTVRV0E3b2tOalJZWHlPdklTc3RJNzBYM3pKa1lXam9nbU9Sd1dYOXBqWmFkZy130gGrAUFVX3lxTE1XcFF2X243ZmpjRkJqWGZIblhnWVRycVM4bWtRY3NrVU16NWR4ZFNKTzhObFFHM3JUSmVoeG81M20yT2hDSFBmQkJkYnV2ek1mUk03Sm5taDByN1hjZzVPS2ZBM0VLNTdUU0dCeXBsbEVoYkRrQmFKdGh1UzBaRDgtcGdiYmt1dlMtTmhxanM3SGYtQXhOeWdCMWtUanI2Ujh5WEJvX3J0VGdncw?oc=5,2024-05-27,Photos: Brazil’s Ronaldinho dazzles in charity match for flood victims Vanguard News,0
Flood Alert: Ogun govt urges residents in wetlands to relocate - Premium Times Nigeria,https://news.google.com/rss/articles/CBMiwwFBVV95cUxQT2ctQkFHekNqb09MTGlFZzF4cVpTWTBaS2xYQmMtSk1MX3hqZVd3ODZkd3lKMW1WdlB3X1lyWXVkdDVvM0F1SUh6WG0xWDJhcWc0MlB0dXFXS1hLWmJJTFBIUVFWY1hLdGk3TElJUjRDMzdKRTRuOThkaklJZmw0amhjN2wxZmh1R0t0SXhDZ3RPSDBkWVJ4TTJFdFlRU096RWQwY2hKMnAtNEZkeERtNHBmZkFjNVVBV3pzcHBNT0xHODQ?oc=5,2024-05-01,Flood Alert: Ogun govt urges residents in wetlands to relocate Premium Times Nigeria,0
Tinubu’s achievements in one year - TheCable,https://news.google.com/rss/articles/CBMiaEFVX3lxTE9XY0Myb0ItWFpWNm0zNUh1S3E2MkFlTHRpVllQUnU5MlptVkk3M3c5ajdGVFUtYWhOdkExNW9lTDVBUTlGeW1OZlJPcjZCelVtMmZINnQ1b1doV1VKZGZ6RkNyX0RZNV93?oc=5,2024-05-27,Tinubu’s achievements in one year TheCable,0
Tinubu In Lagos To Flag Off Construction Of Lagos-Calabar Coastal Road - Channels Television,https://news.google.com/rss/articles/CBMigwFBVV95cUxNLWJYMUNiN25zYTA3WUx4WV95dk5mSmZSOW53eEFWaTF2M3V6aWlXcU56TWdZRVN2em5ucTQ2YXpaRVZnYmtxYy16QmZQSnJFa3JhMTZpdTQ3V21UeDRwT2YtTWNUa0E0R1N3Y0lUTXFZZW9XRWZFNWRnczR2blpQVU1IZw?oc=5,2024-05-25,Tinubu In Lagos To Flag Off Construction Of Lagos-Calabar Coastal Road Channels Television,0
In Conversation: Aisosa is Nigeria’s Newest Lover Boy and R&B Champion - Afrocritik,https://news.google.com/rss/articles/CBMilgFBVV95cUxQRDE5LUJMMEd0b2JMZE1VSWRBei12QmQtaFpaZlB3bFo0Rml5N1lSQnNJOTNnQS1XaGQ5TGlaSXdOMVpMVHJJZTBCX1dua2dhVDVjeXZpcUdNNTVlclJzeGItS3VMYUhDYTY3THFhSTlXMTJVc243bk1ESUc3M2xUYURJUnotUGR4VkowUXZDbUVMc29UalE?oc=5,2024-05-25,In Conversation: Aisosa is Nigeria’s Newest Lover Boy and R&B Champion Afrocritik,0
OAU shuts amphitheatre as collapsed roof injures four students - Punch Newspapers,https://news.google.com/rss/articles/CBMiiwFBVV95cUxQOGpNQXVmclZocG5YZ0lyV3dGNkM3R08zbFJnTTlHcEdDZXltWFdSaXpKdXBoMlc5a2M0a3dKbFJzMnFHMXBiaXU3SHNlRXNGcjVDR01MU2UtOHFIZlk3cDg5bGZUTGZqWTVBS3JYcDBPZ0xzNUJyRENXZHY1czkxcEhpM21iODlCQXdz?oc=5,2024-05-17,OAU shuts amphitheatre as collapsed roof injures four students Punch Newspapers,0
NIMET alerts Kano residents on flooding in 2024 rainy season - Vanguard News,https://news.google.com/rss/articles/CBMingFBVV95cUxOZkZjTk81T2R0QmZVTUVVUFI4b0s3VUxQcy1LcHJsNWptOEUzejdfR2RiWkFmY25hVU9ncVdEZ0ZpMlFnMGMwZzIxaVpUOC1Nb3FSOXRfdmREcEFjdFNsN2o3NWlnbnVWTDM4eWZ5UXBTRFR2UHU3Rkx2b0RDQlRtaW1BVkg1eGp0bHRJdHM0c2JHSmlha0U4MnJCeTBId9IBowFBVV95cUxPaEp4WHpWY3JpamRabWdRcm1CQXdIQ1VGNUJLeVQyM3gwUWlOOXcwR2NNbmVsdElHanhvTWRlVFRma05wbERRWmdIeVVKa1JyRi1JZkJRWGpqUWpRZFlRMzhySFRTVlVqNy1INGNCazFzQXhZZ3YybEJGOEpYeS1FSktMZjBSQ2hKYmktRzFUa3FnZnpJclJpV1Awc1VyQllCX1hN?oc=5,2024-05-16,NIMET alerts Kano residents on flooding in 2024 rainy season Vanguard News,0
"Association of Lagos Titled Chiefs Elects Adebutu, Opral Benson as President, Vice President - THISDAYLIVE",https://news.google.com/rss/articles/CBMiygFBVV95cUxQdmF2VlRvWmNNT2VJaGdRRnVRNGlqXzZQYTh0ZmRfaFotN28xaW5lNVNNNGxiSnRuOU1IRTFETnl4QmtZbXMxT2w4Sm54dmUwaV9oR0JMb3dwVGpHZEZzYWNYaVhJenJvX3FrdXFHZEFuOG81aG5DRTdFNWZnRnhWaE5BNXRYZnV3Rk5vbmxadXRJSzc2ZzNMTTVEZ1A3X2pPaXpaTVFEQjk3VldTUUxTbTJfeVBKdWI3UGE0X0lRaE9uRnZNTVpYQkZ3?oc=5,2024-05-04,"Association of Lagos Titled Chiefs Elects Adebutu, Opral Benson as President, Vice President THISDAYLIVE",0
'Sad and confused' -- businesses count losses amid demolitions for Lagos-Calabar coastal highway - TheCable,https://news.google.com/rss/articles/CBMiqAFBVV95cUxPbzlLLW12NXFaWWNWV1F0bDZHUXdJLURtNnh1dXQ5aUN6SHl2dzB5ZjFZSm9jTkpZX3BmVDZSd3Z1ZUNPMzE2U1dUYWVTQ3VzQmtZczc1MWF1SUdJbDU1Y1FOa0hjWWZLQVN4VV8xR1ZkQUp5SEMwV2VsRllSMlFFRElmczhZWTY3TW4zeWdTdUxQWlhicWVLNllXQ3VPNmdIa1pZTlM0SFU?oc=5,2024-05-18,'Sad and confused' -- businesses count losses amid demolitions for Lagos-Calabar coastal highway TheCable,0
Lagos govt uncovers fresh apartments under bridge in Ikoyi - Vanguard News,https://news.google.com/rss/articles/CBMimwFBVV95cUxNVWVYRDdoM2Rzc3ZzYm5EZG5UMGs1QlNoWm1CVEprRE5FTmJXcFpseVRMeS15eTNEdGE2c2hqMHFmOW11MC1CNXlLTzZ2Q2VOd1UzRkFtcjg4OVpqb2JLQWt5MWE5ei1tdUFSS21HYldtb3dJSlBPQkJsbnkxSnZBRWZjaHpuSElpcmZURGlwa29lTHZmVVhQbXpXRdIBoAFBVV95cUxObWFNMDN2dnNHN0pWZ2dBUlJzZUtCcjItWjZJMmpNaERGYmo4QXNoMjVwdlBreWJmWUlSbVduTGRXUFpQc3NPSF96ZWctSVgwUXVBVmE2a3IxQ1BMLUttUlhWcHU2Y1F5SGhPb3hPamRLQVp1Yjk0SWZXR0lFeDA5b2ptbmU0UnFzWDU1QnQ3Sk56VWlfVVN0RUtncXdYcVYz?oc=5,2024-05-03,Lagos govt uncovers fresh apartments under bridge in Ikoyi Vanguard News,0
Indonesia is using influencers and green pledges to promote its new $35 billion capital. Take a look at Nusantara. - Business Insider,https://news.google.com/rss/articles/CBMiswFBVV95cUxON2xyQ3dwN1hyUU5JNWIyMmgybk5EdC1Ha3hLOXlnNmdRMzA5YURyb1hrZGJCZWZDWVY1OWZRcFo1QXN2cnZqMkNyc0hkYTJfOTNyVkwtUVBpaUVURFo0aWFULTl1UnVOci05dFFrcGFkSmRYNWMzQ09aLWNPZE12WHRod2RKUXZkRVZ1N29BX1J2d0NjVThtYUtQUFhXbFFZaWExVnNJSzhvVEJPMTYwZjMzRQ?oc=5,2024-05-19,Indonesia is using influencers and green pledges to promote its new $35 billion capital. Take a look at Nusantara. Business Insider,0
"Mayor calls for evacuation as 58 killed, hundreds missing in Brazil floods - Vanguard News",https://news.google.com/rss/articles/CBMirwFBVV95cUxOQmpGNk1saUZLdl9DSGNXWUN1VVF2ZUFwTHpLT0toWmtGdFREWE1zRXZJT0ZtX0NHWGNmSnFQNmVxeEZhT3p3Yncxd2xtclltU0E4dEY5YXZ0TE9nUFVmR2NTdXI3QU41UHZNVGNZRGtjS2NKY1JJZGZDYkx2NGFrdm5ZZFU1YjQ1MzdHZ0xPN3FPdFU2aEpud0JyeGpkU0hORS1hNFhwMWotZnJCdDRN0gG0AUFVX3lxTFB1RzluMlgxUE92QlpfUEx0di1HUVFGRkNmcG1UdVlyM0UxZEJ4cl9GOXFvS2Roa2ZPRUpOYlc1MTZlYnc1VkRzdHBYVFBXUEZvMmlmUGQxeUlXXzYydmFhQm5KZlYxOTVidWhnNzlaWjRLVXh5MnM2Z2dGWGJyTWRwcWJ0alBGZTlPQXlLSmV3X1N0b2tZNl9kVXNtUmtsSnpnU0dHbm5KWjFMUy1Kd1hGclYwUA?oc=5,2024-05-04,"Mayor calls for evacuation as 58 killed, hundreds missing in Brazil floods Vanguard News",0
Kenya floods death toll tops 200 as cyclone approaches - Vanguard News,https://news.google.com/rss/articles/CBMilgFBVV95cUxOQmJDNmNyRFNFelNJbWNGZ3ZMNWU3bHhpMjQwaDF5RXluU1JTaGRWajV1SVNMR043em80UHppdWYyWl91aDYzTFJmWjd4enkxSXBuTXg0dVVCazNRQXJhZGJnaWRKXzNhSG44cGdRaHdtYzIxRXBQN3Z1OEU4VHZfRU45aFZZX2FMYm9OLV9fUlpvN21tM0HSAZsBQVVfeXFMTktmUmVodTdJSC01eUktU2hNY1BVUWtQdDJYSzAtQVVRQlBoSjNPRUdOdFZmZmVmX0F1RnJjemNKYTZhRFd5SW53OUU4S0d0WGF2dmNoSHI0YW9oT0N4RUV4VUhaa1U0RlZYeUpBM1pfN3hIQ0VSaW5BUnAzUFdMNmRpemxjOWlmWk5wQTVUNHlQcmNVd2h5dVFTaE0?oc=5,2024-05-03,Kenya floods death toll tops 200 as cyclone approaches Vanguard News,0
‘How is this okay?’ Yemi Alade kicks against house demolition in Lagos - Vanguard News,https://news.google.com/rss/articles/CBMipwFBVV95cUxOSHcxaGVGV3NnZnI2ZlM0TzdFaXBUTC1IcGNZOTZVb2x6bEE2RFljaWFMS29CcjNvaDhIUHpTcGpxMGFLOXlENzExSGhZV0Ftdm81Vzl0R3J2RmhoeWVNdU1pV0tmWUIwcW5ITk9idmVVdF9XRFRnSnB1bGFuY1lQOU9iTThqZ2liQ0YxVW05TFFQeVpVZkdnVFJnVm1icklteU1MbV9Ed9IBrAFBVV95cUxPc21xNXBGUmhsSHhtbXFZOElDMDR2YWE3ejhCNUx1bUtQUDh5OVYtTmVUYmpxanFNMEtqcVRpWk9YcXpMTmczWnJuVHhiTUxjbGxIZ0RLUTFKMm5mUXowMW9TOHI5bU44U0tMTERpelhxVTVnRFNiaTM3V0NzRXRCSGV6T1NPZU1ESnJQS1pwbjExRldFbU14UWlsYndtT1p3Xzdzdlg4NjVsR3Bq?oc=5,2024-05-05,‘How is this okay?’ Yemi Alade kicks against house demolition in Lagos Vanguard News,0
"Lagos demolition: Group seeks accountability, human rights protection - The Guardian Nigeria News",https://news.google.com/rss/articles/CBMimAFBVV95cUxNVWNodHdVX2VEWmNvMGozS2d6ZlFxVkNybUVLTEJqaXpKV002T1JMeTBqTmRoeXNzXzJoSkpmNGxVMVZuYnd0OUVaNWNnMUp3YV9QTk55WG43c29kLWR2RFVBZ0dVemttdHpxWFpfcnltVUpmbGIwa21ZQzF1SmpBSGIwLXhEdHZ3UW16YW40S0tlejF5YXBKYg?oc=5,2024-05-16,"Lagos demolition: Group seeks accountability, human rights protection The Guardian Nigeria News",0
Lagos Issues 48-Hour Contravention Notice To Landlords At Jakande Estate - The Whistler Newspaper,https://news.google.com/rss/articles/CBMinAFBVV95cUxNcmp4TTFqYVRwclNOV19wTkt1ZWlqVVAxRnZyVG5XNlA0TVcyTlgxQUJUU2JtRFpaMEZHRzFSb0JuSWhFNC1ObldicGVJSVhGMDBCeTJsbndIMTJSbTZzVlNWMEt1OUNvZGYzeWR4ZENvbVdtT0NxSFEtUjAtOFJ1V3d4ZS1qTFotQ0lDNC1wTll5LXV4aHR6WkRhWEo?oc=5,2024-05-14,Lagos Issues 48-Hour Contravention Notice To Landlords At Jakande Estate The Whistler Newspaper,0
Lagos govt issues 48-hour contravention notice to property owners on right-of-way of drainage - thestreetjournal.org,https://news.google.com/rss/articles/CBMiwAFBVV95cUxQRzN3QmlvMXFkRUR1aFZCVXE2UHctVERqOXlWV2RMNHZ1WEVVckRxT1dFZ2FqQUJqcDBXV3phbE42T0E2OHQwT2djbGc2NllmdzVGWXRtNVpBOFVVMVM3MF9QWTRyRHpKYVg2SjRTeUgtVGhtWEhGdmdhVTNFNzF3UTF5cjY1anVaanpGOFB4MXRlQURYSXhfdnd6bnoyWDVpbmx3dkVtNXluVWFEcjJfMmh2RHMxYjkwTnFYTkxUbGg?oc=5,2024-05-14,Lagos govt issues 48-hour contravention notice to property owners on right-of-way of drainage thestreetjournal.org,1
"80% of buildings in Lekki have no government approval, says commissioner - TheCable",https://news.google.com/rss/articles/CBMimwFBVV95cUxPTDFlekpyOGhVSTdpVGxaWGtUWXpiSl9kWlhOZFpYWnAzX3ZuNmRJRldyemlFYlItOFZTWnFXbHc5ak9MU0ozUGFxZkRRYzZTY2c5OElkbW5QU2VHQjhQamc4aG9BX0U2TUxhcS1PME1Ma1FsSkdpY2huNXUzek8wbTVOWTgyNkgtdUh2MEplNXNueldnT0pqNUJ4OA?oc=5,2024-05-06,"80% of buildings in Lekki have no government approval, says commissioner TheCable",0
"Nigeria’s Reinstated Fuel Subsidy Set to Drain Almost Half of Oil Revenue in 2024, IMF Says - Bloomberg.com",https://news.google.com/rss/articles/CBMivwFBVV95cUxNV3lWSUJmRk5VRTlfQnZzaldDZGppNTBfTnlndF95U2dMNXFPdkROamptdU9fV1ZIOW14VGxlM0lnUzBfVy1iMXhCLUhNYXJKNG1jU05ZZlJuVDdqV2tEMkJVYjI2dnl1bTJIQmlzMTA2TWxLYjFFSEdaUjFVQnlpT2FnLW8zc1Fyc184R2UwRHhqZ2EyeF94M1Z1UUQ0VXJ0XzJZMWhOekVYTHM5RndIbC1aSXVVQTd4WjZVdHVPZw?oc=5,2024-05-10,"Nigeria’s Reinstated Fuel Subsidy Set to Drain Almost Half of Oil Revenue in 2024, IMF Says Bloomberg.com",1
Sanwo-Olu: Doggedness in upgrading Lekki-Epe highway - lagostoday,https://news.google.com/rss/articles/CBMihAFBVV95cUxNYmVXWGhrVXFGM1lTQkZZVk51aWlCX2tXTW1PN2QzR01oTDFqX2Z4NHhvYTFCSzN1Q2tUNm54dVZlNlkzQWdNM3dUUWR1N25oVElhaFdRR3ZZR05IU09SWTdwZm1BelktM0dPWVBzRkhTN3FST2RuYnBaMWF3T1RkYVc3c2E?oc=5,2024-05-16,Sanwo-Olu: Doggedness in upgrading Lekki-Epe highway lagostoday,0
"Homeowners get 48-hour quit notice at Jakande Estate, Oke-Afa - The Guardian Nigeria News",https://news.google.com/rss/articles/CBMijwFBVV95cUxONENRTDVjVlRMaE0wY3RpMFBLWnF6RXlxdEZ3czNSUFJueE41cXVQTTU4eVJXbEcwbFNyMEtCMngzMmJ3S2JPLVluYmpjQmNTbnpja0tlY2xjd3VPZlBrSEJvdXVsSy16a2pUTEM4NUk5LW5PeXNoSG1Bb1dWYXItZHNLS20zemVobUJMUVlFTQ?oc=5,2024-05-15,"Homeowners get 48-hour quit notice at Jakande Estate, Oke-Afa The Guardian Nigeria News",0
Gov. Sanwo-Olu Forms Deaf & Dumb As N284 Million Flies Away Through Ministry of Wealth Creation & Employment and Office of Drainage Services & Water Resources - secretsreporter.com,https://news.google.com/rss/articles/CBMilwJBVV95cUxNOW9tN1BqMndXZHl1OFJHNTZodjd2ZkRhVm9zaXhjVnRxdkM2QTA1ekJld2thM1dHb09DTjlkUk9QazFQUWR0d1U4QUFqZExncWVGZGp5RS1hbVR6U0hXdURURTdxTkNqTUcweTlJOWVuMDhFNWtLaVFBeWdBbEVBZHE4aUVRM0FMREh5SFZEa3Z5RVpJT0JJUkVIcmpBbGFLYWwtNmUybWpyWDY5WjRRY053LVFZYnkzYnQtVlZqZzRoYUxrVHRmS2RQT1JkMjk5UkZaaVIxQk9hQS1NZEdfbkQ5R1dkOEg2VzdqX0N1VXpXd3Zxc09paDhvQjNxXzBJYlAwVzc4c3dtX0pWZlRENHJOdTZlM0E?oc=5,2024-05-02,Gov. Sanwo-Olu Forms Deaf & Dumb As N284 Million Flies Away Through Ministry of Wealth Creation & Employment and Office of Drainage Services & Water Resources secretsreporter.com,1
80 percent of buildings in Lekki axis are not government approved - Lagos commissioner claims - thestreetjournal.org,https://news.google.com/rss/articles/CBMivgFBVV95cUxNaFozTGVNbHZYOEQ3TlFvYjhSdVdmamdHQU1IbC1LNWs3cFdfRk9ubW9HX2JyaTU4RXVKXzdCczhud2t1c3M3bWFrS21MdlhZXzZ0cUFOUE0xOXNCaWM0UjBvTnBITEl0VEQxMzhGVW5nSkpxNFY0RG5MQTZ0eUFiUDBqZTJvN2wydm45bjNtcVB2M3hweWt6XzFORmJVQWZ3WGFhVWlhQllkRVlVaEpZYVdueU5TUjNQMHNpcUJR?oc=5,2024-05-06,80 percent of buildings in Lekki axis are not government approved - Lagos commissioner claims thestreetjournal.org,0
"VCDF, LAWMA, Iru LCDA conduct ‘street hygiene and cleanliness’ campaign in Lagos - The Guardian Nigeria News",https://news.google.com/rss/articles/CBMipAFBVV95cUxQZ1ZObm9oVjBGeFhkUzY3MGsxZmpZa3dsVkRzanZ0M24xaHpSai1fcUxsamFfZFVhMXo2QlFTQWZpUFV6Tzg1bWVRdGZoaW1nOE45aXp4Z2dPanhkWlp4UHI2bF93c3hYYjNiMmZlT2I4R044NDJaY2JQclRpckoyNXVBWTRPZEFtYzA1ekx5SlBwbHFFcTZnMTVvQzJocFVWOThlZg?oc=5,2024-05-05,"VCDF, LAWMA, Iru LCDA conduct ‘street hygiene and cleanliness’ campaign in Lagos The Guardian Nigeria News",0
"Collapsed Mushin mosque: Six persons discharged, three still in hospital - The Guardian Nigeria News",https://news.google.com/rss/articles/CBMinAFBVV95cUxPRGttcVlEa1o1U2FhWXJEY0gyeUprM2hIWWUtaHkxVi1qaHhQRU1xa19ESGFfS2F4dmx0SUxFYkRkUjZIUk5tTHNFTXh4R2JTVEZSTDdycW9FRjJOQUYzSWVCb081UFJrLW1IZDRUUjFFbEhpSENNdnhxN1hzSktaS09HdTZONWJEQWxDMEdpRU9ZdkdmLTl1YUc3LTE?oc=5,2024-05-28,"Collapsed Mushin mosque: Six persons discharged, three still in hospital The Guardian Nigeria News",0
Developer seeks policies to curb impact of inflation on real estate - The Guardian Nigeria News,https://news.google.com/rss/articles/CBMingFBVV95cUxPbWJKVUFSRXllY2RVWF9ZU3ZCa2UtbHoyNDhfV2FVYnhvbFNDampGb3FwT3ZaQi1kbzNGSmMydS04bGFKMjdlbXFHLUs5TGZqbno4b1JYT29JNzRhNy16aXF3WGg3Sm1FN0h3UWFHbTAxRjg1cGtveFdwdjhOT3FYUlE0alBpX1dta1kzaDFpMC1aWHFBYUFHakxkaEs3QQ?oc=5,2024-05-27,Developer seeks policies to curb impact of inflation on real estate The Guardian Nigeria News,0
Lagos plans introduction of smart bins to combat indiscriminate waste disposal - The Guardian Nigeria News,https://news.google.com/rss/articles/CBMiugFBVV95cUxNN0JMYzNZSVBCbHNXTDZuN2YxLW1mcENINHAtUmVRRzBvaVFrOUpxQlJhVUk2Vk11VzJaOXA3THVLQUcxN3hVbks3TGdBUm01TFVIZzRhdlNBYVdtYkI0bXhxQ1dhSldlc3BxM2E0SlBROVRodUN3VzZOWDR3ajRTQjJTZDNQNUNfVTN3dkhfUlAyZWl1Zi1PX3d1SVlfZDJQSUpxMzVTMjNaT2d0MUhxSXVGMXNxdEpON0E?oc=5,2024-07-29,Lagos plans introduction of smart bins to combat indiscriminate waste disposal The Guardian Nigeria News,1
48hrs quit notice: Lagos commences removal of illegal shanties on Gbagada-Bariga drainage - Vanguard News,https://news.google.com/rss/articles/CBMiwwFBVV95cUxOWkk1RVdiRmdMekJBamp4cTJBODIxUlN0YnJVQlFHZ1M5V0VHUDFKZjllTV9EV1R5RkNWdjN6TUdXMUVoUmt6RnRmTU5DdkMxM1h6VTRPb0V4bEFkTmwxdWtMVkJjaWwtRkRjNnhObkpLVHNvQVdHZW8xdW44SkNiYjlJVUlxTzNTWnVkWlowNU45R1BQREh6Y29PRzlhTW9vLTlPdHlvb2tTQm8zbXQycU5KWUprNG5PR3FUNWZ4S0NwOXfSAcgBQVVfeXFMUHh5VThzNkkxVGtvQlhiWTdnUW1lVldRU0tpM0haNTJ2eHNkbndlOVI1MkpGX0wwbjJfS1RBMmlqNWV3RzV1VVBhLUJVQ1pfci1PdVZuUUhmOU5RcGZyZ0EtU2x6aEp3WGZPU3JodXdTazI0MjBtMHVxUGg1UGZpUld5S0pUY091NUo5U0RURVo3VWFQZ1V6TC04QW1GMHV5V3VyS3hHX19ydk9HSVRQVjR6YUZtUS0xNktrYmRKWC1xR051NUdJZF8?oc=5,2024-07-10,48hrs quit notice: Lagos commences removal of illegal shanties on Gbagada-Bariga drainage Vanguard News,1
Flood has taken over residential areas and major roads in the Ibeju-Lekki area of Lagos State following heavy rainfall in the past few days. The News Agency of Nigeria (NAN) reports that the rain which lasted for many hours on Wednesday resulted in flooding - instagram.com,https://news.google.com/rss/articles/CBMiUkFVX3lxTE9DSmwwTWhINnpTeEQ2RWJGQ083T1pSUWhGQldncHNMa0YyUFYzVGE4Zl9MMG9aRDVCQXBfOEY3cHRwNEVyOWtrREwxMUNtOVBSMXc?oc=5,2024-07-03,Flood has taken over residential areas and major roads in the Ibeju-Lekki area of Lagos State following heavy rainfall in the past few days. The News Agency of Nigeria (NAN) reports that the rain which lasted for many hours on Wednesday resulted in flooding instagram.com,0
LAGOS: Heavy Rains Cause Traffic Chaos As Residents Renew Calls For Improved Drainage - The Whistler Newspaper,https://news.google.com/rss/articles/CBMirAFBVV95cUxOdWxXZUFXMmFoX0hqU3BsM0gzZ3l0M3hjdFhSNy1yQWJzYTZ3V3V2RE5zT0VVOTN6Y3FKbEFzNzdRTElscGVEQWxqY3l2TkVVUzRZbTRDQ0tPN2lmZG5RY0pleHQyMEFsQlhZNFRXS2RQOVpKdHVPWTdEcUg5aGU5b1pTTnRITEpxRDNaQy1QNWFxZE0tTUhYaktrU0N1dWNIQTRBTmF2bWV5VzFr?oc=5,2024-07-03,LAGOS: Heavy Rains Cause Traffic Chaos As Residents Renew Calls For Improved Drainage The Whistler Newspaper,1
Lagos Taskforce Serves Removal Notice To Occupiers Of Canal Setbacks - Independent Newspaper Nigeria,https://news.google.com/rss/articles/CBMilwFBVV95cUxQa21MYTBPYjR0R0Z1cmUwMXlabGFxWkhDVFlRblh4V2cyQ2FkSi05aVNNWkJDZjc0bmVDUGIwaTBvQlZhdVRMVW1KcmdIUEpTV1R1LW91SG0tRkVBUTdIcUtnZ1R4bjZMTlJyVk9KRXRuTmtKbzBaVVhOYkt6bzl1VXRMTUFmZzdGR3ZlSFpfaW9aOFVSOGkw?oc=5,2024-07-11,Lagos Taskforce Serves Removal Notice To Occupiers Of Canal Setbacks Independent Newspaper Nigeria,1
"Flood takes over houses, roads in Lagos - Daily Trust",https://news.google.com/rss/articles/CBMib0FVX3lxTE5uUTltMWlYbFhQS3Y5SHZkOV9LNFRXejA4V2FReWRFY000Q3VYYVBHaTB5Nm9Kb1ZOZVNYVWlNOEdCSVFBQUczQ2Y4TnlheTFsN1EtTFA0cnRQc3ZKd21mRmc3ODJqR0xzeXF2VGt0WQ?oc=5,2024-07-03,"Flood takes over houses, roads in Lagos Daily Trust",0
"Bad Roads, Poor Drainage Channels, Major Cause Of Flooding In Nigeria - LEADERSHIP Newspapers",https://news.google.com/rss/articles/CBMilAFBVV95cUxNeENKN21Zc2ljOEpXR2dvZHVub29jZ2I5cHJySFdwMTRCS3haM1RZVllRVnh1R1BsTFZ3VmZtZlI2aXgzdjY3WVFUTlo0amh4T196MVQ3M0tzRURMbDNuMEg2ZFlWb3ZXZUJ1UGtWXzI5OHZfaXJHODdNM3E4MzhiOXBqTC1vejlYYm5EcEdwRjAzRHBM?oc=5,2024-07-22,"Bad Roads, Poor Drainage Channels, Major Cause Of Flooding In Nigeria LEADERSHIP Newspapers",1
Flooding: Lagos Issues 48-hr Eviction Notice To Gbagada-Bariga Canal Squatters - Channels Television,https://news.google.com/rss/articles/CBMiqwFBVV95cUxQQzRLeDRtWWtuVDhhcElkclpoUnBwVm5RZHlueGl4dUNiV256ckx4cXlTcUc4RnRMVE5NcXNFa3h3dGlBQ3lCZzRyLU5XU1pUUlJZVHI1S3p2RmtSd2wxbkhMMWh0ZTdlR2Nwd0pFallWNXNnMjJPVTBiVXBIUEVwWk11MmhPbE10b2hLU3NadkxOT041LW54cVZQdHJQei02VVFIbTBMYmRESXM?oc=5,2024-07-08,Flooding: Lagos Issues 48-hr Eviction Notice To Gbagada-Bariga Canal Squatters Channels Television,1
Flooding: Lagos gov urged to address menace as LG bosses caution residents - EnviroNews Nigeria,https://news.google.com/rss/articles/CBMirAFBVV95cUxPcEoxNTBSU1l0WEoxcUN5S2V1WExMdmU3R3NrWjZSdHdTUFJWYklmUTB5bWNYY2o2aVg3Vzgya05RdHpTT1lEcExpTWlHOHVFdVY5VTY4ejNOMi1IREU3OXIwUl9kOThfUHkwRTBoUF8zbVhfazRnLV9GN0ZUNmVMUENZRWkxVnA3WklhVUJ3NndrczZUUTBPWU1zWjVjMWJvdmlYZ09kN1hQYkV6?oc=5,2024-07-04,Flooding: Lagos gov urged to address menace as LG bosses caution residents EnviroNews Nigeria,0
Tragic Death: UNN First-Year Student Found Dead in Campus Drainage - Nigeria Info FM,https://news.google.com/rss/articles/CBMiugFBVV95cUxQeHdad2ZodzI2WnlNU1J5N1JuYVc1Z3hETDlQX0FEVWhVR0RIRjF5bk9rcTRndzhNNjhoNkNuUjFvdV85T1NTN2hBdG5kMndGTVJGNFhjRDdIOGpLQXk4YmVXM1BuSXBQVXVhNUc5dGVNb21fUzhqbUw0OXhWckNNYVNnOHpQX0NsbTZfbWhQOXpVUnBnV1ZDZU5hcFpfZmRoM1VPR05HcEZKX3dDb2xxZS1fa2pwRjlFVnc?oc=5,2024-07-08,Tragic Death: UNN First-Year Student Found Dead in Campus Drainage Nigeria Info FM,1
"Lagos Floods: High Tide Hampers Rainwater Recession, Says Wahab - THISDAYLIVE",https://news.google.com/rss/articles/CBMiowFBVV95cUxNLV9kWEg3ZWcxdC16aGZqUVo5b3ExN0JxVXVVN2dpUk5wNHNpeURsVVlSZndUMW56ZmFONUZHVnhQWlZWVDA2ZUp4ZE5NVC1rR2RPY0o2cjNodGdLN1VnZkZfakxrejRQQXF1MHJOWFR6ODMwQ1ROSEkxVHRrVFhaQ2N3alduS1ZBZnBKcTBmbFFiZ0dxNFVqbEMwTkJNYktnS2E0?oc=5,2024-07-05,"Lagos Floods: High Tide Hampers Rainwater Recession, Says Wahab THISDAYLIVE",0
Ibeju-Lekki drowns in floods after heavy rainfall - PM News Nigeria,https://news.google.com/rss/articles/CBMimgFBVV95cUxQYUpZZlM5YlFLek1oZ0ZyTFFiX1plaUlrZzRrU0FxWnJkcDJCWXIzV0RrNmlKb1lpbENRNk1CX0Njb0MwT1ROZnQyYlFVOUFESGZmdmVOclRhY2JhYjA3MFpCLWQwZi1JV0pGZ1VJYUhzMlZYaXBfMWx1emFSd0Ywenlxd0J5SHhEVEh3ZlV2cUx4QTFDQ25zZWtB?oc=5,2024-07-03,Ibeju-Lekki drowns in floods after heavy rainfall PM News Nigeria,0
"Inside Jankara, Lagos Market Where Everyone Walks in Deep, Dirty Water - FIJ NG",https://news.google.com/rss/articles/CBMilwFBVV95cUxPMUJhMVczTTQ1akpiWkFqVE9EN3l2Z1ZXeDNIcDNicG8yN1E0bTNZRHEyOF9kSWs0VWZxcXl1UGtrY1BfSzhXczVzWmJVTzQwd1FHUDdCcFVyY3FsTEhKR2pidmJoNUhaMmpXMFgzc2RWWFNPbTRZVklWUXZndFlDaWFHTF82NG9DQ2tYeHN4SUZaOTczN2V3?oc=5,2024-07-27,"Inside Jankara, Lagos Market Where Everyone Walks in Deep, Dirty Water FIJ NG",0
Lagos issues 48-hour eviction notice to property owners blocking drainage channel - Vanguard News,https://news.google.com/rss/articles/CBMiugFBVV95cUxPdFlCdGtlLW9pRTVKVnllYWFCLU15VnljU2VqM0UtMHVqOGxBUHAxdVlEYjVVWUlzejhEVXp0dnZzZFV5RTVwcmU0SUkyQmhjTVZ4WXJ4ajVna29QVVppXzlqUE4tX3E0X0pHTVZQaEpSQUlDck9DWUFVVi1LanVNUFJpNFE3WVlGRE1mdmRLTkk4Z1JDQzdPTFM2SWM0dVhKSlVoaG9INTl0Smp4ZEJ5R3doeUh2cXZqYXfSAb8BQVVfeXFMT0VHVUc1NlltbnQ1ZzJnWWFxak01cnJSck9YR1NQX2Fydnh2YWNnQlE3UWxnVUhacXl2emdVU0tOVGRyMnpsRmFyRVdGRzlhME9XZ19iQTlHa3hzVkhNbkI2aWp0UF96dFd6VlpDaU02elBfMzRxREtrMnljRDFaYlVZcDdDT2YwRDRjeUtqUGZWWkw3V2E3NExxX0RHNDllMjllYUtRbTl6N0FrR2IweTkwTzg4M3NuT3lhUENWeWs?oc=5,2024-07-07,Lagos issues 48-hour eviction notice to property owners blocking drainage channel Vanguard News,1
Lekki floods: Agony of the rich - Daily Trust,https://news.google.com/rss/articles/CBMiZEFVX3lxTFBseWdsUXJmSm9KUjJZR0FySjJxSmRIbXZHYWdhbm56SWt5a2R2azUxMDNaQmRmaWk4aTRadVFNV2J6aXlyQ2lzOGlhTktXRFN3bmNCcElTT0dsQnZlTmJfSnhUUlo?oc=5,2024-07-13,Lekki floods: Agony of the rich Daily Trust,0
"JUST-IN: Flood Takes Over Lagos’ Major Roads, Wreaks Havoc In Ogun Communities - LEADERSHIP Newspapers",https://news.google.com/rss/articles/CBMinwFBVV95cUxQVUVzVjJ4NjZsSXQwbmpLSVEzbmpkeFpZaFVnMjE4b1AwVWFEOU9KMDZCRnd0ME9OWV95RFlTaGFDWjhHRVB3ZUU1ZVVvQUwyYlN3NmxSWERnaW04WVBrWC1SQ09CQnZWd1VWamxndV9RVjVzbVRoWHNsd2J5dnJqeXA1QWFDNl9lTE9xV1lPeUJ4Q1lNcTFsV2tyc0ZRTjA?oc=5,2024-07-03,"JUST-IN: Flood Takes Over Lagos’ Major Roads, Wreaks Havoc In Ogun Communities LEADERSHIP Newspapers",0
"Video: Lagos roads, homes flooded after downpour - Vanguard News",https://news.google.com/rss/articles/CBMijAFBVV95cUxOc0oyRjdhcXZNQ1ZuaEhBRE1sZlZGODRsOU51elU4ZWcxNGJ5SjZ3MmpLN09UYjhzcVN0VEVYZEVXZUF6bURHU1Zxei1qWnJUVDFOMEJMZmxXU2ZBOGYtZklyVFRCb0hjXy1ETHFhUXdLaXdpOWRaSUkzTWM2dG43RWZIdGktRkV0eDZDd9IBkgFBVV95cUxNdmFxWXFlcDZWSXhaOHdKT0JMXzF0MmRZX0pNMUdGaV91VzJnNm02M3ZOQWplMmh5ZnR2M0lwZDNET3hmNjBBZDBvZG5kNUp5eXQwUzRuWlVIX0NkV19YbWFFMFlGa3ZMTDhTNEtJdkh4Q2stcHdoN2NvZU8yb1Y4bk1CRjdYTHlzZklON2xoSGlndw?oc=5,2024-07-03,"Video: Lagos roads, homes flooded after downpour Vanguard News",0
Lagos state battles floodwaters as heavy rainfall wreaks havoc - Legit News,https://news.google.com/rss/articles/CBMiigFBVV95cUxPMHdjY1hzZGdxV1ZrM1VWdEF6T0VxcU5XR0JYd0VDR0FSU3RKRVZVQXNJSjhiRGtZcFVXSUJFVF9oVlhJYlJXZzRPNUtCelZCNTdQM1pYWUhuMHpLb0pTaUU3QUtYSFRibEotZk5nWDkwdG1VVHFRY2g4aEZDSGZTY2NncHFHb1FZMlE?oc=5,2024-07-03,Lagos state battles floodwaters as heavy rainfall wreaks havoc Legit News,0
Flood sweeps away pupil returning home from school in Lagos - Legit News,https://news.google.com/rss/articles/CBMiqgFBVV95cUxPV3NpWW42TlNOeEIwQk1UWjltTV81NFhHejNjNkE4SWtZeEdiMUFfMzlDNDdtQ2hUa1E1d1FWNWEzVnhvS2tPUmhGTWZabUVfMVhjWHNVS21qVVpnaGpCa1h2WGtuakg3ajNGY2RISVpGbkVRRHk3LXlzUGJkYU5OMGcwczZ6bzRyYWhXWUFRdkdrVFlkMUlDSmQ1aGFQNkZzbmtnWkxCUnY4UQ?oc=5,2024-07-03,Flood sweeps away pupil returning home from school in Lagos Legit News,0
"Lagos flood: Lekki, Oshodi, Iyano-Oworo hit as early morning continuous rain cause damage - BBC",https://news.google.com/rss/articles/CBMiXEFVX3lxTE50YlR0WlFsZTZFSi04ZWhsUzZyUkZUalVGX3pmT0N1c2pjZWlqR2tNanh2WDk3YWwzelJITzMzaS1iTUoxWDN4bldva2xvWWk1S1hjcWJ5dklhd3Rn0gFiQVVfeXFMTTNxVHR2aGJJTy0wWkRmaUo3LWVuUWNVVGdJS0s3Q1JoMnE5UGlwMGpuU2lIVWRNZTRtVE9XS2ZRbGFkMHU1QXBHa3E0ZUJlN2pFdm5WMmtGNFZTT2xJMmh5U2c?oc=5,2024-07-03,"Lagos flood: Lekki, Oshodi, Iyano-Oworo hit as early morning continuous rain cause damage BBC",0
"Lagos calls for calm as floods sack residents, after 9hrs rainfall - Vanguard News",https://news.google.com/rss/articles/CBMipAFBVV95cUxQaktBZnFnTHBQNGdURkdkX3pEXzktRWQ3V1JZS0lnck9sMmNzRVZWWmRWdjZNVF9ZbmpFWURVU1BxbTl2c1g1NU00LXROMmlyNS1CY3NhbTZINGtDTk5NQkFCSGVrcHZ1LW0yM3V6bnN1a1NTTWRIM1NJR3QzdFVGZHExMHplSHdtMkZnYmY1dkx3LTlidkJzaVp0aEg1Rk5IRVEzQdIBqgFBVV95cUxPNkN0TEdaZjh3c1Q0YXF2TTV3WGF0Q0ZENGRoMlhiNnBVUjhXNGF5Y3BBM0hDaHUzbHBXbWhHN3I0eDFOOEloRjNoOEp5blI2RUZkOGgzZUllTkFvOXNMS2xlOEt6SXY3cWRUUFliSzF2aFQ4ejlEWnZvZ1kySmY3bkJZV0Q4RWM0VlRmZmxtMHhGMFVucUFEZlQ5RTEzUFBJWHBrWmVCNnB5Zw?oc=5,2024-07-03,"Lagos calls for calm as floods sack residents, after 9hrs rainfall Vanguard News",0
Lagos residents lament as floods cripple activities - Premium Times Nigeria,https://news.google.com/rss/articles/CBMirAFBVV95cUxOR2h0SUQzUnBqQmU2OGNHdmltRDNLaVFwNmxGUXRxYk13alY1TTUycUJPejBuLTdLNGRvTDViWEJ3RVBqWUR0X3BJZk01cnZzOTJkVEV2VGx1RzJPRl9Lc2JISHZHamhkVHI2dV9weU9lWFVZWWl4U2otb2NFQUU2bjR1Vkw3VE1MVmZ3bXdhT0xIbzU2bjhRaUNDMFZmakZ2TmFjYVZpOVY1OXVf?oc=5,2024-07-03,Lagos residents lament as floods cripple activities Premium Times Nigeria,0
"Businesses Grounded, Commuters Stranded As Floods Take Over Lagos Roads - Channels Television",https://news.google.com/rss/articles/CBMimgFBVV95cUxObnRTRGQ4Q2kycm8tazBNRkRyRGk5YUw2MlFpUF9CYnBFQUQtVF9Bd0tlOGdVS3lKbzVnR3ZFc3Q4ZFdfYm5oVGJhcjU2VVBGSENfSHRFTUwtNFVqdzRRT2o0ck9LQTBGMnQ0VTNVYkVscVpnQXRNc1RBQ01iTHhLOFdpdVdaWTlGYlhTaU1WS0xHUlNtWndNNE9n?oc=5,2024-07-03,"Businesses Grounded, Commuters Stranded As Floods Take Over Lagos Roads Channels Television",0
Flood: Lagos Govt Apologises to Residents - Nigeria Info FM,https://news.google.com/rss/articles/CBMiigFBVV95cUxOS3lrN0YtbFY2VndFYVRxSGN0aTctNEF6aG4xNnNpV0FpbTYxNUN6QUt5TUpkWVpHRzNybEJ1ZUotazZRWTdFaUVwb0pxMnlSdC05b21xOEVNekJxSUxKX2dYeXVFaGJwOFpGQlVqRlJEVlVNMWIwZzlVZHVaMXBNQTFwY3U1VEMzV3c?oc=5,2024-07-05,Flood: Lagos Govt Apologises to Residents Nigeria Info FM,0
Misery spreads as rain sacks Lagos residents - Business News Nigeria,https://news.google.com/rss/articles/CBMiiAFBVV95cUxPRDk2OFVaVjVzUk45dUVtdzhrWUlXLWxtb3dZcUYwc2pnODVjdjZCWTlwQmY1T1EydExVcllMbVB5Y3JUbUxTNmliNnJtYmRXQWtvUVk5cEFCaGZWNmloWjF3bExQOG81LUJ4RXYwR1BWbVRrT2JVVzFYX1lvSUw5SGd3Y2dqUnRh?oc=5,2024-07-07,Misery spreads as rain sacks Lagos residents Business News Nigeria,0
"Video of flooded highway in Lagos, not Accra - Dubawa",https://news.google.com/rss/articles/CBMicEFVX3lxTE9xOHpwYTJhMDR6UnNxaUNudV9pZkllUmp6ZVlPclBpNGZwMWJPQUtRcUk0ZlhCbU9MemwzN2g5NmlaNHFGRkowbFhBZHliaVdHZGMzTDRGdWV6N3pNWm1SWUV4RGszbmlaSEEtckU3RzPSAXhBVV95cUxObWxZSVFTZ3Z6dW41WUF0bmgwRUVQMlVBMG0teXNlM1BNVE5GNzlWdHQ1bDNfV3ZBdWxqSjJ6b2g2dndiUEEtWS1ScmJkZjBHSXZjSVg3YkdaU1VCY3V0bExBbXVLa0wtdE5RQnF3TTlHbFF1c05LN2U?oc=5,2024-07-19,"Video of flooded highway in Lagos, not Accra Dubawa",0
Flash flood: Lagosians narrate ugly experience - The Sun Nigeria,https://news.google.com/rss/articles/CBMickFVX3lxTFBHYVE0dEVNN1BMR2lQWjVMUzJJaV9hcVB3WG4xNXZ5RUQ1RUd2bXhKdGRoQld3MEE2eGtlaVNuV3NZY2tCY2VqYU9Ya01CeElKT1NLdDRFWU9nMEYyZ01ia2V1R3h5QjJJMWc5Mm1SZ2xtQdIBd0FVX3lxTE1QdERCV0pqNDUyajlYbFZyM2NGVlNjWWl5Wnk1TWV2aDEyMXVWUHRHQlN1dEowYkJLWkdKR2w1QXIxOTljUjBOTHhESkotOFFZblJaRkhNbWV2OWlrQlBOLXFKZURsTGd6NDg2ai14VTN3dDZIeDF3?oc=5,2024-07-07,Flash flood: Lagosians narrate ugly experience The Sun Nigeria,0
"PHOTOS: Commuters stranded, homes submerged as flood ravages Lagos - TheCable",https://news.google.com/rss/articles/CBMikwFBVV95cUxQaWJlUzRQWEhtOEIycUFzd1lMZUJfVXBIRndmckhidGtDUmx0WHZCbXk3clFKSmtvMnFzUGFyQlZESEVhM1RjVmhCRnZGWDZkb3RBS0ljTXZyQkh1T0RnbFoxVERySkdvOTRfU1cwRHNzTVRYWlNIdEx6a2c3MVlxZEVMR2tXRDI2TzNuV0p5Nlg5a0k?oc=5,2024-07-03,"PHOTOS: Commuters stranded, homes submerged as flood ravages Lagos TheCable",0
Torrential Rain Causes Widespread Flooding in Lagos - THISDAYLIVE,https://news.google.com/rss/articles/CBMilgFBVV95cUxNR09IckVZNlUyTGFqSEtVM1R2UDdLUmNVYlF0V2dOb1hhdnZwOUg4QXRUc0RVOHBXSW1GNzJBYnBpTHloSnJReW5yb1FxQWc1X2pFVG9yaXotSi14cG9KS19GcXBXTTB0QXRXY0kxZFJNSUlLSEZ0dVJNT3BIVUw5OUZ0UUlMaFNVdXJKYmJvR0NtV2ZlZFE?oc=5,2024-07-03,Torrential Rain Causes Widespread Flooding in Lagos THISDAYLIVE,0
"Lekki, Ikoyi residents flee luxury mansions as flood overrun homes, streets - Punch Newspapers",https://news.google.com/rss/articles/CBMiqAFBVV95cUxNY0JlSEFCMXZ1VnFmUGhBRjY5S0tTdVo5dWJGd19SSmZ1S21YOVNtbkhFWUQxMzdzXzZiWEpRMVdUS3I0aXRhbGhRUDI2Ykg0NDRCZ3BwNnpuMkIzMDUzaWhsY04tUmpDcDlhNFhEMURfTk12MlZ6akttTGVkdTR6RXRqVkVPUEdWT0pGMlM3OGQyYUtxajhMLVZ6WEZyX0E2Mkt2RC1hNzg?oc=5,2024-07-07,"Lekki, Ikoyi residents flee luxury mansions as flood overrun homes, streets Punch Newspapers",0
Lagos housing worsens as floods sack homeowners - Business News Nigeria,https://news.google.com/rss/articles/CBMijAFBVV95cUxNTzFuZkJ1M2RuTzlEcGh1Y2gyZEJCdUdXcWRBR052NXNreGZORU9XbHR3dTFpbjJlamFsTFpyRVgzczRnOG82cTFnd3N3cXZ6c0hhSi1XV2hOVWJPOFF0aHJwTzUyYkptN19nbC16Y2R6d3YtNUhReldkLUVHaTI3NzladzVqeFlzMDR3Zg?oc=5,2024-07-11,Lagos housing worsens as floods sack homeowners Business News Nigeria,0
"Video: Commuters, motorists stranded as flood hits Lagos - Vanguard News",https://news.google.com/rss/articles/CBMilgFBVV95cUxQbl9kOS1qRmt1blJ2WVNtRXREQnpic1Z1b2gtbUczRTFiRHhQT1lhX0hPUDktb2ZKQ1NJY3RGMUhCa3YzZnBSS1JkZ3NDY0E4Wm5TdTZnLVFLZHowNExnVUxaV3BHTVVQNGF2RW15UUQ0Y0ZheFBISml3N3ZicjZ6SDV5OHd3YldHWGVBMTNTdnl3VHphZmfSAZsBQVVfeXFMT0pfUTY2Tl9WLXhkUV9TbmRja1dDZW05Z0Q0cjRkWWVsSHJXQjB2RlJEYXZldDFsamFJUUtObWtlSkcxSTFYY2NfZ0swWlVObGRxTWRYUnB2UEdkbzNGdk4wSjNkMFRIRFo2c1NJSkVLZnJ0c2I3RFhZRnFhMkZEUzFIMzFybHZyZk95cGRyN1RMX0wyaDZEYVowQ3M?oc=5,2024-07-03,"Video: Commuters, motorists stranded as flood hits Lagos Vanguard News",0
Lagos Calls For Calm As Heavy Rainfall Floods Roads - New Telegraph,https://news.google.com/rss/articles/CBMihgFBVV95cUxNcW5jRUZzelJuc2syMU4wRV9zU3RnWTg3eFk1ci1yaWFrU2JRX215M0JYdTU2Mm1jN3V4eDNuWlpRMEZKYWthRDNmNGw2ajlEODNJUWVrdlhPNDB5SDFFQWM5WUdtMWMzYkZYcHVRLVgtaEVPeklpSXZlUFhRb1ZQRHoxc21VZw?oc=5,2024-07-04,Lagos Calls For Calm As Heavy Rainfall Floods Roads New Telegraph,0
Nigerians react as police kill suspected 9-man armed gang In Lagos - Legit News,https://news.google.com/rss/articles/CBMimgFBVV95cUxNLUxFZ1lDd0pjLUhNemxta3pheDRJZTZaMjZ2QnhEb0dVdlJIMkE2OWtUNjFPSVkwLVBEMmxzODNqS3A4cUJrWlk2NU02RE03YXhNcUVXV3NqM3czcUM3Sm5INEI1RmQxRXQ0RmxQdC1uY2Q1WXFpVExwVVBxU0ZYT1dxQjBROG12bm5SdTBZaEw2Um5YcHd6WGpB?oc=5,2024-07-05,Nigerians react as police kill suspected 9-man armed gang In Lagos Legit News,0
Video Of A Catholic Church in Lagos Floodǝd By Heavy Rainfall Raises Eyebrows (WATCH) - YabaLeftOnline,https://news.google.com/rss/articles/CBMitAFBVV95cUxPZWdSeWlCNFdXQXh5X1NwcUFXRmFHZHhRLWtCZEROZjUxNnpqb1BENF9ncXZGdTNPVG4yOWZrVzRuZjZjaU5OWm5ubHU5UWg0dHhLcjFnVXpjSkFJNzFHZk5pZWN5S1F1UE40U0FuQ3kzY0dDbERSODZ1ejlSUEZJelAtdWNVYjVnd2gyYnFrYmxlWlVLWXdXLXE0UFBtaTNXRlBlQXFzYTJQRWJiTmdrTmR0dFM?oc=5,2024-07-04,Video Of A Catholic Church in Lagos Floodǝd By Heavy Rainfall Raises Eyebrows (WATCH) YabaLeftOnline,0
Floods take toll on Lagos - The Nation Newspaper,https://news.google.com/rss/articles/CBMiZ0FVX3lxTE5xRkJiQXJRaVJFbjZoTmhTWU01eHRVV2UwUTNCb1RlcnQ2eWRQZjR4WU42VnZ3UFdlbm1JMHV1bGUyVHh4RHZHUlhrMmZ0eVBCOUQ0T0JudVBBUnlERVFGaXBLLVhETjTSAWxBVV95cUxQWm10UW54Z0VWZ3VvVTVRWVVXVk41dTBfa1ZQZXlKSFo2OXdzZlBrUHJlVjF4MWE5Y0R5STNiaElCekxuajhoNVBPajZsQ2p5RGpXSU9xS282VGtEeU01QlNxeENMQ2VnWUMwMVU?oc=5,2024-07-04,Floods take toll on Lagos The Nation Newspaper,0
UPDATED: Five Workers Dead As Building Under Construction Collapses In Lagos - Channels Television,https://news.google.com/rss/articles/CBMitgFBVV95cUxOSE8zYU50NEJLUHlLXzhqYmxUTmFyQjQzVDdiaktkanZZSWhEU1FQbVFXa1piZHI5M3cxV1c1bF83RnZFRklhcmUzaFAzWk9EZkZQSExWVjAwWEZtdVNVU3MzMEdGai1VVHZPaWtvb1ZqU3RyX0tCeDlnSXNOX1dvNllpN1ROOGdVQlhHalp2dS13U3dIWE4wTUpHcnMwX3pUQVJzX05qOVF3MDFUZmVTTmlTazk5dw?oc=5,2024-07-25,UPDATED: Five Workers Dead As Building Under Construction Collapses In Lagos Channels Television,0
Flooding kills hundreds in Nigeria as authorities brace for more destruction - VOA - Voice of America English News,https://news.google.com/rss/articles/CBMitgFBVV95cUxPUVdPZ2UzRjFGQ0JmM3hja1dCb21ZNDVYTzNnU3gzZmpERTlLakJnaU8teTZiMXhlVkNva1BPQlJ1bGxXUzhJVXlUMW9FaGJmMlh1cUtZeVJFZ1FHM3pMSnppU2dXNmxNdXhaS2JxNXVOelhyS0liM3ptd2dsUmZ0UmR2MUsyTUgyby1zVzdGUnRuVUV0S1JrMVdXR3dsTGY2cFoyTDBKSVpNa0tsVkJENkQ5aVpMd9IBuAFBVV95cUxQR2xJdFptNXhmSzdnSHBuWXNLMWdRU2wweV95YTNDcEpsVEZKRG1MRURsZjkwME5JNXNNWGZJdzJmdDVzbndYYnN0a1c4Yk1PV3dWRFFLTEdjeXJkam4yMC0zTnFSRFFBS0trdzVvcjdYT3pmd2hRVmdDcmctQjhVOG9LdzBlbFJwdlMtdEpCM2lneG9LcXVpa0NLYjBHN0tRQTBNTVpVUXFQTjNVVEc3Y2MtaXM0UTE4?oc=5,2024-08-28,Flooding kills hundreds in Nigeria as authorities brace for more destruction VOA - Voice of America English News,0
"Floods in Nigeria have killed scores and washed away farmland, raising food security concerns - AP News",https://news.google.com/rss/articles/CBMikgFBVV95cUxPSzJTUmFVTnJjUU1odXhPelViTk1yR2FGN3ZvbGdDUl9ETmREZVd4Sy1hQWh6bEd0YzZxOXFES1FfSzJEeVBrQ19kZklScDk5bEozcWR4NTc0MmxZRTVNX0czNjlaRFotZkdyOVNrWjlra1RNVlVCb293LUVXZlFWLVgxRlZlRk8tZUNCX2dfb25iQQ?oc=5,2024-08-31,"Floods in Nigeria have killed scores and washed away farmland, raising food security concerns AP News",0
"Flooding in northwestern Nigeria kills 33 people, uproots tens of thousands - aa.com.tr",https://news.google.com/rss/articles/CBMitAFBVV95cUxOaXFpRzBaN2w2aEtwSVdJZDJ3WnBmTk4xLVRRQjlLT2dFTENRdlhWT0lKV1J5RXY3eXpFQjVLZnc5Z0FMUk5ZRVgwUjZuNEo5VG9NWGszaXlXWFJ5ZUlnZ0MyVGlJN1pDbU5DSXF4anJ4aWJldGZONVNZbGZ6RnFHZDdESVhFTXVtMTVhX1BpaVF6MEhOZ2dEbmVoeEJEMTNCNXNHTE9SdTBUOUVkeWktZ2xfVnc?oc=5,2024-08-24,"Flooding in northwestern Nigeria kills 33 people, uproots tens of thousands aa.com.tr",0
"Flood Drowns Nigerians, Homes, Future in 3 Months — But FG Says ‘Sorry’ With Palliatives - FIJ NG",https://news.google.com/rss/articles/CBMiqgFBVV95cUxOSmxYTXN1RkFVTkVDMlRYQUF4Y1gtSDdLQklNVGxmWk9fMjl5MjEtcUxOTnJneEZ0dTRKd1VkR3loLUVOVDZTUDRXM2doUUlUckVhQmNyUlJJRkRjeEg0TjJ6VWYxV2RFOWlqcGVCN2VYdDdkZUpEaWl5TVV4VHY1dGkzSlltUk9QVV8tbG40LWVuQ3M1Rm5PY0pjdXJydXRlLWwyelV0ZU9NUQ?oc=5,2024-08-28,"Flood Drowns Nigerians, Homes, Future in 3 Months — But FG Says ‘Sorry’ With Palliatives FIJ NG",0
Nigeria battles worst floods in years; 300 killed in 2022 - africanews.com,https://news.google.com/rss/articles/CBMimwFBVV95cUxPRVg1LThNZmlZbnN0LWpEN1pBZlFNdkYtb0NzZkpIaU96ejZFWnJmZW01VFowaWs4Ql9BeXVGVVNNd1R4ZGFUUmZTaWs5S1oyMjJWVno5dFAzTUNINE5vYy1TXy1LX1VEdlZwZndsVkg4M0p0VWhxdmhKMFZSZU9wbjIzMU16QWpmUW56czZ6UzdzLWk5ZDlaR21ISdIBoAFBVV95cUxOa2tVU2J0TlE4SHhtQ0RsbC1rQk9SNnZhTUpsd053c0ZWRldHVE5VQmhoV3hPLS1XNXhoaTZrbkxCNURSTFJVam0yVHJJOFNGMUxxMzJsRmhiVmpWUVNWdXRjZkp2X1JnNElVN1gzZ1MxaEFZRk42MkpqUDFZenhadFRhNTlZUHcydXFBYVdzZEdibGhuWDZ3UEZPMVN3azBM?oc=5,2024-08-13,Nigeria battles worst floods in years; 300 killed in 2022 africanews.com,0
"Viral video shows flooded street in Brazil, not Austria - Africa Check",https://news.google.com/rss/articles/CBMitAFBVV95cUxQOE1MOWJhSlJoenM4ajQ5blp5SWxxSlVNOEVhQ0ZqbXVRcmxvR0FENG03cEpIX1ZjZzhhM0hidTNTRDRqQkIwS3Ywd3ExVzAwdTlsVm1jdU9qX25ISnFLU294Tlh6YVE2RF91bW9LdzNJalRRUUpYcXFwSWl3Q055U1dKN3pQLTVjdjJ3ekRVT0dEZUY3RzVxN0NFNkphaEdINmVUb2dqem1zMWNZN0c0a3lSTWw?oc=5,2024-08-13,"Viral video shows flooded street in Brazil, not Austria Africa Check",0
"Floods Kill At Least 49, Displace 41,344 In Nigeria - Channels Television",https://news.google.com/rss/articles/CBMikgFBVV95cUxQY2RQTHdrYThEbEZHYWltSjN2MEladENtVXBnRmk5UzFGOXVwc3VuTFp4WnNLWThnbDM5blVlcE00SWFyVDVqZElEd2psYng1YzRWLWRGTHcxUDJtR2NNWl8yUFJVUHhMMlI5eWsyY2RQY0JiQzdYazVWeWt6Q0V0ckgxbjJ2LXRSUEE1bE9tc2V6UQ?oc=5,2024-08-27,"Floods Kill At Least 49, Displace 41,344 In Nigeria Channels Television",0
"Motorists, residents stranded as Mararaba-Abuja road flooded - Daily Trust",https://news.google.com/rss/articles/CBMiiwFBVV95cUxNWWZ0ZG1yWVpOVWRPaXppV2cwQnc4MWRhbi1aYXJHa0plTUxocHpyY201SV81Mi1IU2dGVXhfLUxYT1FKUGU5eVE2WVlIa09uQjJXbHRqY3U2eFExbndtajJXOTduM3ZYS0RvSkJIX3pIVmZNN09qX2xkTUJSSVZnMk44UG0xdTdkUjlJ?oc=5,2024-08-27,"Motorists, residents stranded as Mararaba-Abuja road flooded Daily Trust",0
"Residents send SOS plea to govt over communities’ shallow canal, damaged bridge - The Guardian Nigeria News",https://news.google.com/rss/articles/CBMitwFBVV95cUxNYWEtQVpMUklxVEI5Tlc1WnBsTm5Sd3J6cno4TUp5THloMXNLdTJST2Y0UWJrR2FfVGE1dWE3ZWVtY20tRmt3MWxPYmtzNnhmOF9iRWhPZXBvWEpYajVrb0doa3pkTGs0NnJha1dSODMzcENpUGVXbjNndDFRNXpQcTVXZjNiczhrUW1ZMW5LRi11bnFMVmxvQWFYMi1MeFpTNWN2enk5bVNtUGIwYlZGTTVhMHBzdlU?oc=5,2024-08-24,"Residents send SOS plea to govt over communities’ shallow canal, damaged bridge The Guardian Nigeria News",1
VIDEO: Lagos demolishes more buildings built on drainage channels - Punch Newspapers,https://news.google.com/rss/articles/CBMijgFBVV95cUxPMVNuSDhCaGdEUHNvd19rU1VBTkhXRVFUMkZlYXRWOUZEdVNRUmRSVTQ0RFV0TEpMQkRMc2VuSGdjaXZrQ2NBdmJRRnh1VnpsZFRlaUtWSUFsV2pBNFRmdE9wZWdvMTNYWF9aajhXTUg5c19HYTJEUFlsdjM3UG03WTJsWWxUS0dpazJaNVZ3?oc=5,2024-08-15,VIDEO: Lagos demolishes more buildings built on drainage channels Punch Newspapers,1
"Floods destroy 250 homes, displace hundreds in Katsina - Vanguard News",https://news.google.com/rss/articles/CBMilAFBVV95cUxQYV9QSnRTMWFoUFRHaERRX3dIRU1kQ0lqWUN5bGVCczFOT0pUZ091T0VBeGVFLXlUT2ozcjJqLXFRMXg3aTdSYmZoV2QxMjZPVWs5alA0NUFMajRxWmpqc1VqdmhGOXhkb2dXQU9CMWdjZFlEdng5Q0FzMHJFVnJ3aE9rMFpOUVpaeU9Tc2hTRlV6aWxl0gGaAUFVX3lxTE9RVjA5d0J6VmpKN3hkWUwzSkNURHNNXy15dWtZOWFvVk5XMkVkVEtOVFpabkZTdC12akhlUjBNY2R6SU9KSGN1Ql9HMXFlMmg1TUgza2tIbkZJdXRFN1daUVhiaEZKUmFHR2x6ckw5ME1DZHFTVnVGdnMwUFFYdVRCUmI1ZHFzQTNNVjExV1ROMUZCYUNvMVZfekE?oc=5,2024-08-18,"Floods destroy 250 homes, displace hundreds in Katsina Vanguard News",0
"How Lagos monarch’s son was shot, stabbed to death — Police - tribuneonlineng.com",https://news.google.com/rss/articles/CBMijAFBVV95cUxOZS15UHBMUjh3N2YyamJ3M1pXTlhWLVNlUDJlTWRFOGVlRmlHcWJMT01TUDFoVTZhSG04UzRXT3p3WUVQQ000dmtBZmgzd0ktRkx3dWRxVHJjSHZPMTVZNzNOeF8yRlY0Z0Vic3M4QnJKLXFhc0dQNUJkdXNvTFBkT3FsdDBWSldUVW1vS9IBkgFBVV95cUxNVUpLR1JZNjJFZ2FfUnJRYUtZdDdTbEhBUjFHWlFkSEtVVUdHNnRfNnczZWdDOTFWVEZ4ZlJEeTUtZEZEdEVKYldUd0w0cmdTSHR0dUtXQ2xORGQ2R1FKdEprT3RjSnJzc1h0Nm5Gamw1U0VBRElEWHFBSUI3YnJHb3FKR0xlYm5yZ09UMklLSUFTdw?oc=5,2024-08-27,"How Lagos monarch’s son was shot, stabbed to death — Police tribuneonlineng.com",0
Sanwo-Olu looks away as Mile 2 taints transport ambition - Business News Nigeria,https://news.google.com/rss/articles/CBMimAFBVV95cUxPUGRsclYta0h4WHFqeEtHRmdZUS1CNEN4S0NUcHdpMkpRVU9OMWplSzJhRHRjSmNKMklBbkJYdWZlVTBCbkZPN01Zb0hyeGtZbmEzdnpWeFdQZi15dlVhZnkzU0Q0bElCOW1HUXRtNTM2dkJ3bVJQUE5sc0hxeU9IOXlheGR0bjFCWWJJT2xfOHBrNDVzWFV0TA?oc=5,2024-08-20,Sanwo-Olu looks away as Mile 2 taints transport ambition Business News Nigeria,0
’16 killed’ as trailer crushes three vehicles in Ibadan - TheCable,https://news.google.com/rss/articles/CBMihAFBVV95cUxPMTdYMGZmOWdoN0RILUQ1dWRfSEkyXzFqRm5ZdVRKNU1qXzZwVkRralNRdGdIcWtTbkZWcC1iMHNwNHAzRjNHaVB5RXlSaUxfWVFHUTVrYzJoWUZIQkYxVWxrc3R2Z1ZCUWRiYWZ0TlgyTW95bkNsSzhUa2pzQjNNX3doUTA?oc=5,2024-08-13,’16 killed’ as trailer crushes three vehicles in Ibadan TheCable,0
"Kaduna Govt Warns Of Imminent Flooding In Seven LGAs, Asks Residents To Vacate - Channels Television",https://news.google.com/rss/articles/CBMitwFBVV95cUxOU08teWRhQkduNjl1NFZpTG1WRWswRFQ3WkpQN1h3a1lHeEZKOE9hdWpTM2hEZ3p3UkFWc1dscXluSzdiLWtpWjFTa24xNnNSY2FzOWQ4bVFBdDVLcXh2bUFESkVOaFVmdU1OY0E5b1dBdDJqdWFobzRvSTExZEdLdHAtUWY5TlN5Z0h3OVdOb1oxanVQeGp0MmxhSmJKQ29yV3ZRMHN1NXlNNWJPVnBhV3hfTGZfT0U?oc=5,2024-08-19,"Kaduna Govt Warns Of Imminent Flooding In Seven LGAs, Asks Residents To Vacate Channels Television",0
"Torrential rainfall, flooding destroy more than 250 houses in Katsina - The Guardian Nigeria News",https://news.google.com/rss/articles/CBMimgFBVV95cUxPOHZ1b1V5M0tFbXNkUFBBSTNDWk1GVk1ycXlFaTd2UFRDS1I5RjM2cW11ZmVDTHNLZVkyS3B2cGhTODRwWnk0MFhGbEdlekFRR1JXWWdVQkJpMkpqMW5KZkFIZzZUTzlSWkRMMnJUV0VjYVlCN3B3QWxwNHdWSmpDRzFSZzl2NUljcDNWTWhUSWVTblpVbl9rMmZB?oc=5,2024-08-18,"Torrential rainfall, flooding destroy more than 250 houses in Katsina The Guardian Nigeria News",0
"Despite Getting N7.3b Ecological Fund, 12 States With Flood Hotspots Used Only N3.6b for Environmental Projects - FIJ NG",https://news.google.com/rss/articles/CBMizwFBVV95cUxPSU9ETG04NGVCcVIycEpxMnBUMjJwQ2RURzJEeF80Zk56WTRaNi1DUWdnVFp2Tk1lcTNxbmd3SGVjU01KUHVEYS1hd1lxeUY4MTRnemE5di1EczMwNDI0bHAyNFFpaWd6STZBLTRTWjRpeEdGeDJHVWJmX056YWFISDltUk9kU2Z2bmk1WUNRS01QcGhWcjFndndfUDhRdXV0Yy1zUlpHZlpYWGc2TklYZ05ldnM4QVU3a3lsSVNZUDBEb016T09SczQxdWVYV28?oc=5,2024-08-19,"Despite Getting N7.3b Ecological Fund, 12 States With Flood Hotspots Used Only N3.6b for Environmental Projects FIJ NG",0
Fuel queues: Lagos cautions motorists against gridlock at filling stations - Vanguard News,https://news.google.com/rss/articles/CBMirwFBVV95cUxQcjRxelZwck5TMUVMb2dkb3E0VjJWUjBOOEFzdk9NQk91UC1RNzEyMnRSSl9PVVpKdTFJcWpSd0I2OWt5U08wcVU5bGx0Y2JuSy1oUGd6b0ZUUTZBTWxfdE1NdkdtV05RbTZ0Mjd1dlk2d2FTUDdXanQyUDgwdUR4N0N1R0hNZ0dSbEQ0QmNVNzVEOTBhZWdTclhxelpwZXo0RHlfSWJZemdWUF9jSHhN0gG0AUFVX3lxTE9MR01nRGNxaE5zUnQwZ1ZqM3pneDYzSS1PeW16STVaOGExQW9ra0tnMFN3SUJzRzkyaWx2bGFvTV9SbWlGZnhMdVJ2SGFEQTFTbFVib1FELV9sbVUyeWh0MlRzNjZ1WlpZcE9lLTlDLVBRQXNBTGIwSk05cTRlTFRBS19mLUdDd1A1UndBb241RmJ6NTdoZjl2akVlazNvLUR1YWItNWU4NXBUOF93MWhCU0NoRQ?oc=5,2024-08-18,Fuel queues: Lagos cautions motorists against gridlock at filling stations Vanguard News,0
Flooding should stimulate proactive measures - Punch Newspapers,https://news.google.com/rss/articles/CBMic0FVX3lxTE5WemVLU2tjV0ZSOHk3UjdMT0xsblVfNWJUdEdyTTZQakF1ZFhIUEp4NVpsSC1ySXJwTS1SVmthN09KYWVseVdQb2RhN01qaU1kSnNZWDI2QWMxWXdfTlg0MEcxX2JKd3FBcUF4cGxmQld5aFk?oc=5,2024-08-09,Flooding should stimulate proactive measures Punch Newspapers,0
Akwa Ibom Police Commissioner Ayilara Is Dead - Channels Television,https://news.google.com/rss/articles/CBMijAFBVV95cUxQWEZ4bHMwaHZqSDBlTmxDLXlXLWRDbGE0b2NIYjZQd0E3dlZaNXhyU1Jkb0dzQjJoZkRnaVlCdEdRTW5qUFFtTGZSV1lVNUptTmpWNWJJZ0MzM3JaS1laU3hKdHBtRFEtcHo3R1dIQXowdEliNXFUUmtJMlZtQlozUzNQNnJQOUtydGR2WQ?oc=5,2024-08-29,Akwa Ibom Police Commissioner Ayilara Is Dead Channels Television,0
How urban form impacts flooding - Nature,https://news.google.com/rss/articles/CBMiX0FVX3lxTE5UVDNQbUdnWFc2c3dJQkE4SllJR185Rldfendncml0Q19PS19udnI5WE9MbVU4NGFvV0p3VmlOWU1tbGNBLTdieU1qeUotN1ZIVzBBVXRuMnBoZDNDc3d3?oc=5,2024-08-19,How urban form impacts flooding Nature,0
"Fake, unregistered asthma inhalers flood markets after GSK’s exit - Punch Newspapers",https://news.google.com/rss/articles/CBMimwFBVV95cUxQVmQtMkVPY0d3SXF4cFBNQ0w3aEo2LU9DZUNMcEJIUnRPV3ZKMzBzTGVvSk13YjFVX1RmdVIxUDdCdTQ0VjNZTmtNSFYwRy1GalZqbEtSNFZUZTFrSndtQkNOWWdyUFp2dFhMQTZhNVh0ZWdBWWx1NXBjcnAtNW9henVzaHJMNFlDeWc5c3VLa1lJRGNIblZnTmNBUQ?oc=5,2024-08-18,"Fake, unregistered asthma inhalers flood markets after GSK’s exit Punch Newspapers",0
Concerns Everywhere As Sea Level Rises - Modern Ghana,https://news.google.com/rss/articles/CBMijAFBVV95cUxONlN2WURFc0xYWHNMSEFJdlh0UmVtVmU0WF9TN2s1YWlSWkM1N1NRT19BYXRudUpQVUI0Z21QNTFfMEhaX0x1U3llRjVabDcyaFV0U1FYbHJUbW5qRFlhMm9nR2ZGbzhXUnB2NHQzZ3hIb3ItR2RqVHp5T2huUTNNQWtPV1BZOFlCUTZnWNIBiwFBVV95cUxQNGNYaThkaDVfZnd4b1NYQUZZanZxU3hiLWZlS01FM3FreHI2SlZrMmNXdmhyZVotNzVaZURXWjdTaGlMODdKRGpJRFl2dlZXMXNEVGJnV0xjSURtOXhjaUNka21ZbFkxVllyTU1kTVQ2TDV0NFBMSEdqR29MNzlxQ3NFT25xWG1zMmpB?oc=5,2024-08-24,Concerns Everywhere As Sea Level Rises Modern Ghana,0
"Relief as fresh harvests crash tomato, pepper prices by 60% - The Sun Nigeria",https://news.google.com/rss/articles/CBMiggFBVV95cUxOZnF2WmJaY1pfcUgyVDhXcWs5bzNMbWl4QXo2RDZjQXR1alp5Z1J5YnNudHBBR01yUUZIU1dvbTFnZnZySUVnY2wzVEl2T0xlZ2F1d3FMSzd6SDRWZkhVM2VZVEpHOHRnVXo5V3IzeU04VGVabzhWRWtubWVPUHNYVGZ30gGHAUFVX3lxTFBDYjVDTkxyN2UyRnByMUtqSXVBUWNPbjI0VjdFTndyNlJqbUtneU9Jbl9VanJCcTlZVHlnTnd1dnQ3TFUxWm8zZ1N3dXBVZy1CQ3lHVVlvTHNFbVZSTS15UEV2ZDhOLTZEb1N3MGNHbmVtV2tPUkozUXdJVXlaeUpHRkhEU29mcw?oc=5,2024-08-13,"Relief as fresh harvests crash tomato, pepper prices by 60% The Sun Nigeria",0
Can we protect cities from rising seas? - BBC,https://news.google.com/rss/articles/CBMipgFBVV95cUxPSTQ0SF83b1g4NmVfSnZJTkd2X0gycEwzLWNnUk1MZTJRYkZ4NjdUR0dyVElpSGdITWZNU2F4MVBmQ1hSQmdDay1Ia09wTGdZaWhNMnROUlNnUlNqWmlwQW40bUlkVERzbFNxTlVTZHk1SVMwU0g0OVhualZWSzBiU0x5Q1VZRURjdDBIRU1uc3NMT0VEbHlXREctaDJ5eFNPdlVkZkhR?oc=5,2024-08-08,Can we protect cities from rising seas? BBC,0
Danfo bus driver happy as he buys fuel priced at N260 after converting vehicle - Legit News,https://news.google.com/rss/articles/CBMirwFBVV95cUxNUkZwQll0NlJQTng2MGVrWWM3VGg5Q09Gd2tmVGhGd25FY2FSeFk4LVppZ191TjFaeS1VWVFBSE5FZlZONEZJWGFVanhpWGlIZjkzbHJUN0trRXFxODZZbGRaOUVQRVY4LTFINmR1Z1JreHdvVmdLTVA2RTM3akcyejB4OG9YWjlPYVRENVA3OFhDaGZyTElhQmhSbE9rWGtTQ2VyMVI5d1pQZkhuOXg0?oc=5,2024-08-05,Danfo bus driver happy as he buys fuel priced at N260 after converting vehicle Legit News,0
"1.9km Pako drainage, Isolo-Ejigbo Road await completion - The Guardian Nigeria News",https://news.google.com/rss/articles/CBMimgFBVV95cUxQcmdpeW4yMkFVTlctTWtuUHMtaXMwWFhuTnR6UVNBUjlzRkV0aWc5SGtOaFo5MUhxRTlrYXNnY0IwdWh5VS1WbHRyeHc5Y0M0cThQUS1HakFzTmJqdUpZRmhUZ2E3bnhKVHBFMkh5dF80UEZPbEdxdlFFQTFyRlNlY0xIXzdZclBWc1NkMEN3QWhKUDB4VHF4MUF3?oc=5,2024-08-27,"1.9km Pako drainage, Isolo-Ejigbo Road await completion The Guardian Nigeria News",1
Addressing brain drain in Nigeria’s health sector - Premium Times Nigeria,https://news.google.com/rss/articles/CBMiqAFBVV95cUxQQkRPM3pYVkdsU2tlekNCZVFZZDUyZDhFUXZuRXRQeTkxWmVDTmtJeUVyc1dfb3NfLU1hd0NzQ2E2NlVyRkkwZFR2a1lYTXY1QS05ZEgzNTV3dHhZQXlWdVdldWJzSDVBLVZJaUs3TS1iTTk5eW9HXzdBaS1MTTEzTU1ybE5jTEVhSnNpR2ZxYTFyV2I0ZG8tU1pxVEF5dHB3Q1hPYmhvOFU?oc=5,2024-08-12,Addressing brain drain in Nigeria’s health sector Premium Times Nigeria,1
Nigeria: Lagos state bans single-use plastics - africanews.com,https://news.google.com/rss/articles/CBMiiwFBVV95cUxPbUtTajdmSTBydmZTU3dUMmQtcGx1Ym1aOGhzM1o1b09BZ0liRDZaa19XRXQ5RU1hcXR1d2RsUmxnMENyNXNmMjFZRFN1VWVaY2RKX1ZQeTVIbHdOeE1iazQzMXA5OUZfTFFsLXFpN2Qzc21WYVpwVVl4c3JCeXVwel9oNmo1WE9CWkFV0gGQAUFVX3lxTE04UWlJU3RoSHdyb2NpNWlvRHFaYWU5dFMxUTlnSldDWC16R2YwcEg0LU9hVm9meWRjbFRfWTZydnA5enZERFJQYUp5MXJ6TGhTTGhIbTduTG1tZlk3UEpZVVJKQ3VDX2ZkMkMwTzJlcFNLSzdyd1ZmbXVhdERXNDRiQXlZaFZGOEZKYm0wNXlXWg?oc=5,2024-08-13,Nigeria: Lagos state bans single-use plastics africanews.com,0
Lagos monthly environmental sanitation coming back soon – Commissioner - Vanguard News,https://news.google.com/rss/articles/CBMiqwFBVV95cUxQZnNsZ3o2VzU5dFc4Q296ZnppbS00dFdhMkxGWUxpVV9NMXJxcXJMbFFVZTFScnA5YW9ocGdpN2JDNW5hTDQwMHF1bVl5NTdkNzk0b0wxeWlwSkVfeDZpM3dka1Z5VTVSNHZRajVxdXRqVTU4WXYtSU4tMTZpeW11QjIwMWVJUllDd0p2WGRjU1l0Z19zeFdsRDNNcUVna29aNkVBbHV5bF8xNGvSAbABQVVfeXFMUHJ5Ykw1cEhMWHNVLTVvNk8yVlpGcnptaWJyY2ZORlN5S2FCZEVuYmVWNG43anVSc190dFNDdkpyU2hBZnpobTNxb1RWOTNnQmhnZklvMnpPMUFlNWJmLVZ3bV9lcGgwN1RwdGgwdHVSeER4V3FoWFZmOUZVVWMxdU1LMGpNYld1Y255MlctbzdvTkFBYnAyUkNvN2FBRGViUktvUWlEMjRUS3lLNDE0N1U?oc=5,2024-08-11,Lagos monthly environmental sanitation coming back soon – Commissioner Vanguard News,0
"Establish Nursing School Next Year, FG Tells Epe Federal Medical Centre - The Whistler Newspaper",https://news.google.com/rss/articles/CBMimgFBVV95cUxQY0lqYnllZFhMeGpEYWUtZjJfNWZsVDZPbWVYcUtyMWRocFpCSFlDMUlEc1ItWGRoZERvaU52eXpsaUVRQ2kwS2JCLVg1UnVuelBFM01UQnVmbUMtSldxZjA0QXhjQmNUeF9ORnNNeDhFNTE2ZC1uNk5PcFZzVXBERlpNYm1mRGtORVFUbjFTT1J0bG1kWTF2TWZ3?oc=5,2024-08-06,"Establish Nursing School Next Year, FG Tells Epe Federal Medical Centre The Whistler Newspaper",0
"Miscreants, squatters, others return to Obalende underbridge - The Guardian Nigeria News",https://news.google.com/rss/articles/CBMijAFBVV95cUxQcXgtSUk3a2lMYWdxbHNFOVBjSFhHYjlzMlRyQlotZGxIZVc3MGlaZVlMVlVrYkR3MDR1d0pTbnpMRjNzZmJUdHBrcjlFakJVUzd1TGlQcVRobW9ydjlKQVpRQTdzZHR0NE5jbElVWnZ6dy1oQWlDTnpNbEFKWmdZZjRxcU43aENJdXUxaA?oc=5,2024-08-16,"Miscreants, squatters, others return to Obalende underbridge The Guardian Nigeria News",0
"Edo NMA Chairman decries brain drain, calls for urgent action - Vanguard News",https://news.google.com/rss/articles/CBMingFBVV95cUxPUlVJSGlaZTQ4eGtWMEpsX1R0NUltVmFJcXh5alJVOXVycGZ2ZzNydXJlOVhmOG1JSlBkWFJQdERmeng2TzBNOE1nUkZocExqaFRoV1pDazRrZ0YwTEVVWnNvaG40WTR5cUtkaVJkUkduS3F2WlNNRFlFd3lfVlFLYjhONGZ2NThHUnRTOTBjSnlNLVQzTnJVazRlOWljZ9IBowFBVV95cUxQTld5MzVTdldRaHVSMmZueG5DeUN1UzBSNk00U1RTWDF4b0JTTVdVbjVpa2JsTnBaSU90QTF1V1RfMm81NC1vckVydkw5X2l0RE9XSmtlRkRlTnJmTXZ0eXF0YklMaDQxd3V3NkJHMmF3NVdaMXhzb1Z5SzY1QmVtc3BnWjFZTklaVFJaYmtNeDhOb19BWGNjMWFIQlZLTzNwREpj?oc=5,2024-08-19,"Edo NMA Chairman decries brain drain, calls for urgent action Vanguard News",1
Lagos NMA decries govt’s failure to implement medical salary structure - The Guardian Nigeria News,https://news.google.com/rss/articles/CBMiqgFBVV95cUxQajNvaUs2MkRZYzZJLS1LbVZBblpWNk5XaEduLW1aZThBcEJ6NEU2VHpTNHl5Z2JpUF9IdFAtcXR4MTk3a3FLWFVGQnlRTDFfa1ZqUUlSNEJ6YThtdnVNRmdVQmJsR2EzWWpDMXNIZTVPV1RSeUtXWG4yUDVyV1dveDRwT0o5c1ZmN3FESUFRUnVXT0ZhSWY4MzdKZzV5WkEyMUFxbjJ2ZWF5QQ?oc=5,2024-08-16,Lagos NMA decries govt’s failure to implement medical salary structure The Guardian Nigeria News,0
Lagos State government begins demolition of illegal structures blocking drainage channels in Eti-osa - Nairametrics,https://news.google.com/rss/articles/CBMi0wFBVV95cUxNSXlOZnNCaG15cGdrcDlwOUdteUR0WnBRemJBUUJtaDZkcGRKNW9ERVZMcnlzUHRnbk9MMW5aU2oyaWNjQk12ci01Vks4eTFmNV9FdzljV1JJUzdLQ3pYTnNaUmFzN1F3VEtQSy1EeGRMYjhDYW9KTlVHYjJkWk9PUnJnZTBDTjZYY1FjSUQ4QlhPRXFZQjMyQXNGTjlPV284cHpyWXd3TE4tTXNNazRDMFQ5MVZvRXB3LVFGdnpzTGpoZjFzaF9DeWlrOXVqeEZJUFZN?oc=5,2024-08-15,Lagos State government begins demolition of illegal structures blocking drainage channels in Eti-osa Nairametrics,1
Several Passengers Injured As Two BRT Buses Collide In Lagos - Channels Television,https://news.google.com/rss/articles/CBMioAFBVV95cUxPRHNfbEs0N202SHdEaDZOUnM4ZFpYRVptS2duVklwN1Y4NjhMcUY1UU1FbExEVjlacFhZMzNXNGdUclVTRDRpWFRycEdjdHlMQmpQMFlSclMxSjV3S0JfeS1rY1Vnb1JXNVNvMGxnZ1ZnTzc2TEt3VHRPY1VGbUR3Znk2V1VBTGYwLUNyVUlvSGtHWHlNYVB6MkRQbTlLV1I1?oc=5,2024-08-28,Several Passengers Injured As Two BRT Buses Collide In Lagos Channels Television,0
NO GOING BACK ON FULL ENFORCEMENT OF DRAINAGE RIGHT OF WAYS RESTORATION -LASG - moelagos.gov.ng,https://news.google.com/rss/articles/CBMiowFBVV95cUxNVy1OR2hBeXlJSWNLNTNuOHVpNFVPRS1VWEU2QUZwSXlHN2FtWU9zck9sYVhmbXo4WmVITnBXdEE3bjY1TjNkQ0pqRm00ZGVvZmR3MHg3SVpEMkt0YXVaMUtJYkhwWXBXX0RNYWtvNm9jbE9iVVFzSVk1Qno1cnIwSnZMYnBsNTVBakFXUXE1Q1RqRHVKQXBlanhvV09Ibk9ldWln?oc=5,2024-09-06,NO GOING BACK ON FULL ENFORCEMENT OF DRAINAGE RIGHT OF WAYS RESTORATION -LASG moelagos.gov.ng,1
Nigeria flags flood risk in 11 states as Cameroon releases dam water - Reuters,https://news.google.com/rss/articles/CBMisAFBVV95cUxPc0lMbWREbExINjBVM3BtNzc1QWVpaU9KbnRjYW0xeF94YmtsY1Q5dnBkS3JOQVdDdFJMcXE4UG5mSTZ3azBMTGpTNjloSVJIbHZDZnVvQW5LSVQ2WkJYS3J1ODQwdWd4Sy0xNlpZVmphWjhKMEJQcGpLUGtDRklTNlYxVUlzQmg2VWEzWnQ2cXV6MHZWbU9PaklwNUdrRnlkOUlqVzRpR3k4Tk1xTU44dQ?oc=5,2024-09-18,Nigeria flags flood risk in 11 states as Cameroon releases dam water Reuters,0
Nigeria: Floods – Maiduguri (MMC) and Jere Floods Flash Update 1 (10 September 2024) - OCHA,https://news.google.com/rss/articles/CBMixwFBVV95cUxOcExaVm1qMTRmZHY1UnlUamQ0T0N6UFNiRVNHZXJHeWVZX1NHVXhZUnBhdmFBY2p6TlZjcmF2cjBjZWVpdXlPRVpkTW1kMjJKTHZFeFJOeGhtX3RmM1VEc0hiR3pzV0VqdllGbzBSUVlDcUExQlA2Q0syWXF4WUJfcGcybGtIam9pVjE0WDl2RXBGNm5uS19xSUwyODFpZGowNXY0SVZqTXFHdnUzczRTLUxfMks3cnBBUjNrdzdlMzhXNUdfdnZr?oc=5,2024-09-10,Nigeria: Floods – Maiduguri (MMC) and Jere Floods Flash Update 1 (10 September 2024) OCHA,0
UNICEF Nigeria Situation Report (Maiduguri Flood Response) 10 Sep - 23 Sep 2024 - reliefweb.int,https://news.google.com/rss/articles/CBMisgFBVV95cUxNOHRCRS1PbEdVczlWLU5qX0MyeWU2UkZETExsTVNsOXZJZlpYR2tkM0VsVWhSaVk0ZlA1NURfQWVQTktBUUs3WGtXWGR1ZHJqclNMM2h6eU5pbXc4dGJkRlhnckNBbmJnOEg3UmdaUUVjOThIX0NheGpBM1dVaTJ6a1NvdTB4OGFBeTBNdUc0b2xfM1pZbjBBQ1REUzF4UjJ2LWFNNklsWFRZNVpJcHVVV3RB?oc=5,2024-09-24,UNICEF Nigeria Situation Report (Maiduguri Flood Response) 10 Sep - 23 Sep 2024 reliefweb.int,0
"Armed with AI and cash, Nigerian farmers act before floods - Context News",https://news.google.com/rss/articles/CBMijgFBVV95cUxOcG9ta2JBbjRkVXZJSlp3LXRVUk16OGlSSF9nN0k2V01uUHItUzZBcEJYX2MzWHRoWVlwU3RicFlnQlVDWVJSb1Frb0s2T0lneTNqR09yb2lCWmNCSTFCRTRwbHBsLTdIWFBsSE51eUZaakxnRXl6X1RUd2RFSmxqX3JVNHpZXzgzMEM5dzBn?oc=5,2024-09-03,"Armed with AI and cash, Nigerian farmers act before floods Context News",0
What is the economic impact of the climate change in Nigeria ? - tresor.economie.gouv.fr,https://news.google.com/rss/articles/CBMitwFBVV95cUxORmlCTFZQLUE4ZXFrQzRSMDgxWmxyeWFTLVhMeV9WZ1U1X3haU3QtNFdURVE4UGtEQmlha0pDNmg5Uk11QTZQR1lpSzIwam5HTVhfQktLT2xlWjJxUHVUakdlVGtySGZqUzc1Y19iQkRTa2dyQnlBb1FlTGNTaG00MFBjX3BQY3ZHdmdEeXFUSllxUVhTSlRpVm5OVjE1cGItaTV3Z0NnLWRLYXQ2VlJ1R2QwbGJXRkk?oc=5,2024-09-19,What is the economic impact of the climate change in Nigeria ? tresor.economie.gouv.fr,0
"Many Displaced, Inmates Escape As Flood Ravages Borno - Channels Television",https://news.google.com/rss/articles/CBMirgFBVV95cUxQd0plZ3JaZXZETmZUQ2FoMVQ4ZVZqZ2s4ME54b1YtSFI2Xy04dVJiaEZqOW5yckJHS1VRWGhUM0FoZGtuak1oNXctMDJMdW1HN3N3M3ZGSmdqSUZmeFdWeEg0T3JxdmdsMkx4OFpsN2pmUkt0NWptTDlwX2E5Q0UwNF9fbHZidDdkSTRsOHZYMU90YW5HSWNHWExHZ2VCVk1BSExuOFdiZVRDQW8wZlE?oc=5,2024-09-10,"Many Displaced, Inmates Escape As Flood Ravages Borno Channels Television",0
"Flooding: Alau Dam repairs cost N762m in 12 years, N26m before collapse - The Guardian Nigeria News",https://news.google.com/rss/articles/CBMimwFBVV95cUxQWjAyeUNqdkZVcnhKeDQ0RGNlcUdMTjBxRGlyeUJMdllxTnJNZGRPZlF0SUZPX0xsUk9VakhPcmhSTzJQVS1VdHdQLXd3YUdyQzlFWHFKZmRzektGdnI5akk5b0RVSERRZzJlVXl4UlNONzlla2VVY3BIcURCcW0wYk9HWHctN0RBWDk4V0dPTGhVU0I0TjYzbHlpTQ?oc=5,2024-09-13,"Flooding: Alau Dam repairs cost N762m in 12 years, N26m before collapse The Guardian Nigeria News",0
Save the Children: Floods displaced over 950k people across West Africa in 2024 - TheCable,https://news.google.com/rss/articles/CBMipgFBVV95cUxNNHF3RTMtM0JsTWQzemZORkJFTzZCc1JZam9CUlk0SV9OV2tTbXlENW1FTHFfQW5hb1pTUFJaVGNRWGkycEFUQVN0UWRaaUNHT1NnWmtUY2lOX3BDLTJRYVNhRjVNU1llZ1Z1Y2M3QjcxRk1TbDNFd0ZxUThiZ3QtU1VjMFZaeHBhYU1LT2xjVklCUDJpSmR6RE43RFpBZEZvRmVORnpn?oc=5,2024-09-06,Save the Children: Floods displaced over 950k people across West Africa in 2024 TheCable,0
Lagos orders evacuation of residents from police barracks - Ripples Nigeria,https://news.google.com/rss/articles/CBMikwFBVV95cUxQVURvU0YzUFpaaGVnMnlIWk1QdHFyLUlsNkdZcXU2ZjRyQ3BKbVE5NWExRXdackNuaU1lcS1NVXVVRTJGNVRtbXN0eHFOa0d1cTY3eGJHQXFocUFaeUVQeEZxdlVvUUl1eFJ3aXBRMnVBS0tLTUV2MTVjNFZZYUdrQkJIeXFaQW1lbGMyVTJyQXBFRk0?oc=5,2024-09-18,Lagos orders evacuation of residents from police barracks Ripples Nigeria,0
Maiduguri flood: Alau dam burst and wetin we know about flood in Borno - BBC,https://news.google.com/rss/articles/CBMiXEFVX3lxTE96NHY3anJvNTdXYmZidGlIVEhLOVNNbjl3cFl5T0EyT2J1QmtCZzVoNWhRc3d4UUFNWW9NVXNURkkwS0JhRVByb0tvcDBNb01KMEZGb2I3YndlXzQx0gFiQVVfeXFMTWxBLXpuMEc4VXotOGc4X3BmeHpiQUN2a2FnN1d1ZHZ2bERnVXhiRTFLbU54S09WWW1tZ1Jla1g3YUNkMnlqRWZPaVFVdERvNGo3MU1hb1JYRGN5cEZ1N0hwQlE?oc=5,2024-09-10,Maiduguri flood: Alau dam burst and wetin we know about flood in Borno BBC,0
Flooding in Nigeria: A case of climate change or governmental failure? - Daily Trust,https://news.google.com/rss/articles/CBMilwFBVV95cUxOalcxZlF4VlRBX1JTa1VkWEYwY1htaWNaMmdOTGctQlloOUYzVkI0ZjEzazB5MzlLSVB4WExlX1VxdHJOLXI4MGlVbnpRTzY2bjhoNUhVRlhVVnJyRzlyc1YtUEdldjQ4WDNEZ083M1U4TTBuNDRnc0xOUkVWbXdad3l3WTRiN3IybVAtWFFlbG1HVUttQWdV?oc=5,2024-09-09,Flooding in Nigeria: A case of climate change or governmental failure? Daily Trust,0
"Crocodile, snakes, dangerous animals take over, as flood ravages zoo, houses in Maiduguri - Vanguard News",https://news.google.com/rss/articles/CBMivwFBVV95cUxOemg3V0ZIYnFzbVo4bGh1ODRib2VzQndmaXBnb192M19TQm56Z2dnTW9oUWpNQWk4Ni1BN2R6S1Q5MWc4MlhrS1dQMGpmdWpOcE4xOU1odFZHOGUtVFpLVUVZaEFfSzJKYWh6S3NmcWZTaUstWi15RUQzdzEtdVNQOW45UTlITV9fWVdEZHFFd2EtRTFZckhPVTZmQ3hFZHpjRHVTaUo3b2otdzktRmVfMThuT2hsUGVuXzFnLUxrWdIBxAFBVV95cUxOTXBrZllTNWNjMXlKTkdUTFNnbVNOQVdzdGRQR3hPM1VNei1ST3BuUUxaM3prWWJFZnJsNGlnVU5HUDQzTlNTZXNNa2R5eXYyOGE5SUtDcnNjMFNiYnJXYU91ZFdBd1A3djJLMHFCTkNtZkhGdVVLeEFEUjlPUWdHYlZJSnhIRlVHRk9oZ2pVMlRPSWl4eDEtdGRyazZJSjIxT2NaR0pkUDFfNHpaZGFaNHpUaENOMnB0Nm93R2FuYkdQeVZR?oc=5,2024-09-10,"Crocodile, snakes, dangerous animals take over, as flood ravages zoo, houses in Maiduguri Vanguard News",0
LASG EMPHASIZES THE IMPORTANCE OF GOOD SANITATION PRACTICES - moelagos.gov.ng,https://news.google.com/rss/articles/CBMijAFBVV95cUxNQWNnbGZuOUMwZzNoOUVnSnlKMzZZR0pseEFCSXlacnFQZGphUkh1YWZEN21sMjY0YVlXMFBNZEt3X0ZZTV8xakhFZUFnVXZmd2JoeEtIR3lfOTRJNms5LXNpX18yaklZNk9KZHE5RXRhMkh6M0hyVEtQM1JOYjBUQ0tFTjdwVjhZeHN3Yw?oc=5,2024-09-06,LASG EMPHASIZES THE IMPORTANCE OF GOOD SANITATION PRACTICES moelagos.gov.ng,0
"Maiduguri Flood: FG Begins Evacuation, Opens IDP Camps For Residents In Affected Communities - Channels Television",https://news.google.com/rss/articles/CBMiyAFBVV95cUxPTk1NWDcyLUpBYU9ZY1VIYjVXVEFLQkhyRFhuQ1lsVWViV2FfS0pLM1FCRWlXQlptZUhxa1hzT0F6NUhjekUwRWxsQm1rWG9nZV9aSWxBY0Y4VU1iRkdQcmtabTgyaFc0SnladWFldlhxUkd0U0VJaTZVUXVURjBYRVJJUDNjbkFaaDJtLVVzY1ZJX24xT2psTVpaSFJUSlQxeTFmdUlZWmNrbGNrXzdWOUFPVTcxNFZ3QjNoWmZmY1pNRlBwcFJ3Vg?oc=5,2024-09-11,"Maiduguri Flood: FG Begins Evacuation, Opens IDP Camps For Residents In Affected Communities Channels Television",0
"Bucknor Estate residents call on govt to complete drainage, bridge projects - The Guardian Nigeria News",https://news.google.com/rss/articles/CBMiogFBVV95cUxOemxnaXprZk12M3pzSEpWTjFEZ2lBWmZBc2JKTG5tRDVTT29jeGU4bG5MMHZOZ0ZCRGpwd0FVa2VzOGVTTzY1aWx4TVRLZi1IYzUtNHRMc1ZsWF9sVXowRnhSRGJpTUtBN0xrMzBfZFZhSDVNbmpOS1Q1OTN1eGF4NGI5LWk3WWVPR2RTeElBR090MVYxVnI2VjZsanFWOHFHX0E?oc=5,2024-09-07,"Bucknor Estate residents call on govt to complete drainage, bridge projects The Guardian Nigeria News",1
Nigeria flooding: Zoo animals escape as deluge hits Borno state - BBC,https://news.google.com/rss/articles/CBMiWkFVX3lxTE1vZDN2MlhIVm5sd0NRN0R1S29mSTQ5MVZRMWZ6cmViQ1VnWFhzSnJNa2dwNVhtcVhBNWZfWGhMVlF2WnFrcUdBcmlPbzdJTHZKb19iYURJWkJMUQ?oc=5,2024-09-10,Nigeria flooding: Zoo animals escape as deluge hits Borno state BBC,0
What You Should Know About Maiduguri Flood - Channels Television,https://news.google.com/rss/articles/CBMiiAFBVV95cUxQR0Q2WE8wX3laRGluTUhXdVRlUndSbmgzRFhjOUUycVZEYlhkSHB3VGNJVkd3ZDBTTTBscWdwa2NGb0dMX05yRklkcklHYzFHRkhxRkxUR2o4U2JWOW0xR3phS0g3M3lBbXlIbk1icG5YaFlIaDJuYVdMNGNyb042b3hnbDg5dkhv?oc=5,2024-09-11,What You Should Know About Maiduguri Flood Channels Television,0
Five tips to keep your car safe during heavy rains - The Guardian Nigeria News,https://news.google.com/rss/articles/CBMiggFBVV95cUxQMkYzMDV0Vy1LeHlWVTNQUWtnMXc4cmVJbUY0ZWh6MnRCLWx6LVVLUzdKNVFPNTVpeTFqcE8zSEVBa0RhQ200dVZQRHVQTDhsRUJ1a1VRMHFqQXRQOEFCRUg0WkFnZTdRTXN5bVplN1ZCc3pDa3M2MUwyczZXcGJOZG93?oc=5,2024-09-30,Five tips to keep your car safe during heavy rains The Guardian Nigeria News,0
Maiduguri dam collapse shows failure in governance – RDI - The Guardian Nigeria News,https://news.google.com/rss/articles/CBMimgFBVV95cUxObW11eGNoTld6V0ZmVHB4dHFqaTREYTNrcXVwMDBSdk5KbkZWVDhKb1FiZFpxQnYyVTlSTmhYNHVtUUhCVEcwUG1ZbW5MdkplM2F2cW5hSFlRbnFyaXUxNEpUdWRBUVAxZk8tNkcwQ0wwVFBJWE1NaUJWUjgzYVNjTVdfZWg1RkJSREJkMmVPc0dQRElqS3ExNDN3?oc=5,2024-09-11,Maiduguri dam collapse shows failure in governance – RDI The Guardian Nigeria News,0
"Nigerian govt alerts states on flood, confirms Alau Dam intact - Ripples Nigeria",https://news.google.com/rss/articles/CBMimAFBVV95cUxOMWxfVmtLMmFSX2lVOXVRMG9VR2wyNUdTbjcwempyRGNDRFhvUjVaWUlpNjhOVV93RVdxS1ZGSTlCUkNEbkRkVkd1Ql91NS1jbU9oazM2MFprRmRoVHMycVVXUzZ4bS1JT3RMbXdYY3VWUjVOX2dIcFFNbGpZZlJlbThvb3ZZVzZYcEpIVFBheEM2cnpPR0NRNQ?oc=5,2024-09-13,"Nigerian govt alerts states on flood, confirms Alau Dam intact Ripples Nigeria",0
Bridge collapses in Maiduguri after massive floods - The Sun Nigeria,https://news.google.com/rss/articles/CBMieEFVX3lxTE9wMFc1SkhwZGhuT01ScjZYZElyNmROTkdGTjMxU3I0VGYtbmEwdWZhRk53cXFmdFpKM2paemYyRFd4WWdBYndUYk1CYlFRam9SOV9SMDNwYld5aXI4QzlYOThIdElsVjhXVENhUjkyT2x5VG1jY2RUQtIBfkFVX3lxTFBVMlViUGhITTY0QzBtTEU2RXJONmZpTEtFSjB3eDhJcXRvN3l0NGpkajY1bU5NV3k2OGRGd2hEMy1JTkRxN1VqdnpQVW93b21lb0Ntcm9LTGw5MVpzNktBOEJNSFFmZUZ0ZzNtb09SNnN4WHFVeDEtcmFKelVKUQ?oc=5,2024-09-14,Bridge collapses in Maiduguri after massive floods The Sun Nigeria,0
Borno State Police roll out post-flood guidelines to ensure public safety - Ripples Nigeria,https://news.google.com/rss/articles/CBMiqAFBVV95cUxNR1k2bXVzUFBLRGxwaFBnTzZjdURqUjVvMDM3SDgtcWdGMTlTTkZCUW9RMFM4Zmw2X2ZJQlJ5b1M0WjFYeHhtREdXZjQ2LWc4TzVENnUwY0xXR1owWHNpU1BxdjJaLU5nU2hwT09nVW8xUlpjTU1wZ1luajhJbTZ0R0J6bmlwU3YzdjZhR2hLNl9sZ1c5dVJCNDBEdHE0ajNvd3pZeEN5Wms?oc=5,2024-09-18,Borno State Police roll out post-flood guidelines to ensure public safety Ripples Nigeria,0
Massive Flooding Hits Maiduguri - THISDAYLIVE,https://news.google.com/rss/articles/CBMie0FVX3lxTE1NTnZ0QWZ3QzRaa2wyOGU1R0Y0cWZjaTVFRlFHeEVqaTkxUm5GRkN1NGtjMG1kem5qemwxUTJlRFk5ZHVUR1k5bTJHSXQ5OGNRYnVZUzA2cFY1X25mV3RLWFg4X2JFcVpqTzlfb2JkM1hEbFZJZFBlQlU2OA?oc=5,2024-09-10,Massive Flooding Hits Maiduguri THISDAYLIVE,0
"Rising sea level and plight of Akodo Ise, a Lagos coastal community - EnviroNews Nigeria",https://news.google.com/rss/articles/CBMipAFBVV95cUxNbkJBZFVjU2xDX0MzWXdRVEJmbkpNT25fZGVxaFNXUmtTSTc5S3RoaWZRSlhvNWhZVy04MTktYUk2S0FteS1UVFc5TmNMUTBvN1hhY3dUOUFId3lLeTZDRzhtdmpIZk5pWVFyS2tybFNSRHFGcXdaZFZDd1VlaEpONjlBY0NudTlodTJCNDVjcFRqNlB0YVExdzM2bklxMndHakQ4cQ?oc=5,2024-09-10,"Rising sea level and plight of Akodo Ise, a Lagos coastal community EnviroNews Nigeria",0
"Maiduguri Flood: People Still Trapped In DSS Quarters, 505 Housing Estate – NEMA - Channels Television",https://news.google.com/rss/articles/CBMitAFBVV95cUxOWkRvWW5EV18ya2xfamNxa3ZWbkk0Q0ROUzhTZ2RxR0pjQXJNTXRadlRoNFExWE83MjZMZnd5dmgxRzViNlVrTFN6NlVnQlk4SXFMYkJMalVrWmRxcGpqbEtabGI3ZnVSVTJTS3J0cWtRajB4eWh6NUowdHNRbnVvbG1YUVVfNS1sM2ZFY1hLRkdGRzdnVnppSTZkZ0NqbkRjTnN5bnZiWFlKQW1ITWNiZTR2S3E?oc=5,2024-09-12,"Maiduguri Flood: People Still Trapped In DSS Quarters, 505 Housing Estate – NEMA Channels Television",0
"‘Lagos real estate transactions transparent, environmentally-compliant’ - The Guardian Nigeria News",https://news.google.com/rss/articles/CBMinwFBVV95cUxQSThQa2JGbHNpRUNRamU5MEFiLURncTNoUG5PZHBJVkVRaXpEcjR3YnB4Q0JneWRHaEIxMDBLX3lWb1piaTlYckZLVFR6ZUt4dUN5OW5kU1g5UzB4dkxNVGtlU0ZDWG4ySDJtRE5PN2ZhTmhkNExLcXA4MGd1dVF5NUs2MElaVEVaNUpoTTdlMldHdHJMbmpUbEU4SWc1b0U?oc=5,2024-09-23,"‘Lagos real estate transactions transparent, environmentally-compliant’ The Guardian Nigeria News",0
Maiduguri flood: Residents get access into town as water gradually recedes - tvcnews.tv,https://news.google.com/rss/articles/CBMingFBVV95cUxNWXYwd29tVW5CZTNqOEo4UXdXYTd6UThEd0Y4N3kwTlZBN0lNd1ZxakxSYWs2VmtzNktwZzBLd0JKYzRRd01NSlhqYWk2ZWI5MUVaZFBuZXJROHk5Ym9rOUNMM3hXeWVyYnN6TlZ6cFJrZWJJRWZSQnVDU3Bqak51aEs2b3p0ZV9adnY2SU85ak9NODFLaHBzQW8wZ1lOZw?oc=5,2024-09-14,Maiduguri flood: Residents get access into town as water gradually recedes tvcnews.tv,0
Residents Flee as Floods Ravage Kano Community - Nigeria Info FM,https://news.google.com/rss/articles/CBMikgFBVV95cUxOZVdQNnFHSHdJSV9oN0tRR2ZLcDU3WVg5eDN4M0JlR1JwUDhJcTIyVXBTTE9ib3V4TXRHdnJjUC11WF9UalF1Uk4zNGdKakN0RUVOWDdHcFlsNEVZemNGU2REeG1vN1ZPeUFKbHV4QUxfTUZhSTBuYk04N1BmZzBlQjVzd05yUmtGVUd3bk1rbWctZw?oc=5,2024-09-02,Residents Flee as Floods Ravage Kano Community Nigeria Info FM,0
Flood Alert: FG Warns States About Water Release From Cameroon Dam - Independent Newspaper Nigeria,https://news.google.com/rss/articles/CBMikwFBVV95cUxOX3lvZUZUUWRoVGtXd0xpd2FFV09iS3c0Z05xYkdpZ1FUMU9mbDRSWEdqTnl4TlNrWEpPQ1pXdTEtNUpGUmMtZ1BkNEZYRjQzWHlESndfVks5enoyUEVDS3k5TVZqekZsamJmcHZhZ3BvMk0yZk9IZkhUb0Zhd3FyNW5iNXlITXFyUzVMMnpMWk9ETHM?oc=5,2024-09-18,Flood Alert: FG Warns States About Water Release From Cameroon Dam Independent Newspaper Nigeria,0
"Floods claim 68 lives across Kano, Jigawa states - Ripples Nigeria",https://news.google.com/rss/articles/CBMihgFBVV95cUxQb1hpVU1CdHE3Z21iS2tqX3RxbzZCOGx2UFB1UTJaR3VjU0JvVUNoX1JCY21jWGZNTGRvdTFCYmRZTU9SZGlCOXFCTFN3cV94VzdpWmw5UkZpaWV1RnVPMlRXLS1nWEF2UkktVU1yVE9XUnhwRzNadnhiUWJQeElTbE9VczB3QQ?oc=5,2024-09-05,"Floods claim 68 lives across Kano, Jigawa states Ripples Nigeria",0
"Consumer Protection: FG embarks on weights, measures surveillance in Lagos - Vanguard News",https://news.google.com/rss/articles/CBMirgFBVV95cUxQR1ZIQkhBWGVaWU84cjBWZndYc3JyZ2xqVmRONkhkSlRPY3hCVzd5WmFoSVpxaFhlV0V2TlJNY01rMHp3VG1tS1o3UWZMZjRhX0J5MS0taGRrTklrdGp2RUxHdm14cmZESm91SUtvX0VEdHNLY0tIZTdQUjdobXdwdmhFVzdTNG9PNjBLN3E1WDhwRGtGRDlid1hIZDV4Mm1QY2xyQ0RoclNQOGs5R0HSAbMBQVVfeXFMT3dXVGFkcE1vNUxvSktFREw0Njg3WFNyelJ6RnRsV1lyTTdEOGVPaDdSeVB4VElmcE1kNzJ5SzhBaGdoMzNwdjdQaFFQaFowUWpMNGs0bU85VGM1QjRfSzVfVUYxU191cjNEampqUVpYa25sVjg5dFhzUDVkSVJ2b3A1OXpJQV9jUFlDZFk5VUU5T1NMbHlqNG05TzJncER4cXFrcTlJWWdKSHNHcEdDR0E5eVk?oc=5,2024-09-18,"Consumer Protection: FG embarks on weights, measures surveillance in Lagos Vanguard News",0
Flood victims: Senator Buba urges Bauchi governor to release funds - Vanguard News,https://news.google.com/rss/articles/CBMipAFBVV95cUxQNEpTdnFXNlUzamhadjNySml2UjVNT09laldwVEhUVV96cUFEd3l6OWVZdExpYkgzN0I4QTVQTHVFaUJxd3BHZTBCSU9IVGVJcmt5NHZ3NzRzRndrRW5xUU80c0ZDbkhsRVplMm5FZFpWWHhQbXpxTklTWDNlOWFUREpyeElhcVJXQTJCQlpBajhvXzBhQXJMbEljSmhqUm91Nm1TZ9IBqgFBVV95cUxNeldTeHFpVnR1ZTVhNENRbDRRVzZFTWdoSHd5LURmSzREa1M0alVxUjMwVXpNUERXNVhOV1NrS3d1YVFDUWN5ZTduczdVeS13LTZab09MdGhpenBBVmY2UEVRdkE0cGZoM1M0ZngwTTQwY1VLeEM0ZGdJQktNY3NDV2wyTnZQNC01UTdHalZ0NzQyRThVeWhWRHFoWW5RUWJwZko5RzdzeVdIUQ?oc=5,2024-09-08,Flood victims: Senator Buba urges Bauchi governor to release funds Vanguard News,0
Oyan Dam Release: A Cause For Concern - Nigerian Voice,https://news.google.com/rss/articles/CBMijwFBVV95cUxNeFd6Q0VrNTVKaVJFT3JVWVZnRlJNOVNRVDU3aDYwUHNYODhSZEc0OXEzNlh1NlZPQ1ZaX3FFWk9rd001djdZUTJpSklvOHpVellPeG9KWWtPVXE0V3ZCR05hcGNKVDlHRFlqNVQ0Rl9WYVRwODFxRVhwYWFCRTNsOWJoVzh1ZUhRR1RmR3JOVdIBlAFBVV95cUxPdnEwelNWOWVQRE5MSG5GTmFibFhGdFJvVUlsT1RzYkhDbkczS2g1QUJOejQtZWJ1SEtELXdGQ1FHN0FIbmZjXzBGMWFtY2JpWldyeFpsVDJsRUFXTkRHUjAxeGZPVEdpZDdoSHFOYkZMczI3NGtudFlQbW5pY3RoZnVjVEIyNmFHTnRPSEF4Z2N4cWwx?oc=5,2024-09-28,Oyan Dam Release: A Cause For Concern Nigerian Voice,0
"Flood: 229 killed, 386,239 displaced, 94,492 houses affected - The Sun Nigeria",https://news.google.com/rss/articles/CBMif0FVX3lxTE5kNHpkcDhyUjBiRmlRWllmQWUtaG9FZVlrM180bV9VZ0J5aXZ2MDhjVDhfV1dQb1FTX3pZV2VMSGt0SEQzV0tta0h4bUNEc2VDcFEwc2JHR0RpalBpTXFJMURmZ3dRM3ZIZ1BwdXNyVEo3MW1VMklyTEFrNHhaaVHSAYQBQVVfeXFMT09IQ2pJQjFYX3hLc3Z3ZHIxODRXSmJOOEU0a2JmR2pSS3FtaHlaSjI2LThaako2QlhfUTZOODZOOFpldF85UDVCVGpsODk5aFdSaGY4VXJqNm5GS0ZzUWxmaks5WC1Dc2h0TjhzN3JCc21JcVhlNENNX3J4NFVGdmRId1Ex?oc=5,2024-09-11,"Flood: 229 killed, 386,239 displaced, 94,492 houses affected The Sun Nigeria",0
Fresh food crisis looms as flood sweeps Nigeria’s food zone - Business News Nigeria,https://news.google.com/rss/articles/CBMimwFBVV95cUxPSzlVUlFiUEFWVUJuME9mRVhmcnVVXzFPYmJuZWdJVnNtclFHSnc0bGtobDhIQmtmd0gxNmh5Y3NRMlZnU2hpWDZKLUxLMGV3Z3ZMRXo1aVlNd3VnbW40QnhUdnoyWXk1V1ltTms3NURDaHJ2YjRVY2xzdEFSQ19TQm5jVzlNWDFFLVM2ZW5IdlJfQUNvTlZwOVVVUQ?oc=5,2024-09-17,Fresh food crisis looms as flood sweeps Nigeria’s food zone Business News Nigeria,0
5 profitable business ideas to consider in Lagos - Vanguard News,https://news.google.com/rss/articles/CBMijgFBVV95cUxOUGdGVU1JNFdGNGVkODZvaGdMUjlXTi1PU0NLVXJKZTF4TVktRlZTeDI2YWV4WXM0VkVVSC1CZ3Z5Z2xOUkt0RjRXX01IM3RMMlp0TEEzQjgtXzRpSlpycnFOcU1YS3luVUFPSklBM3VwY0ZFVC1KX3o3RWVLb3FVVEZPWEgzZ3lJeW1UMFF30gGTAUFVX3lxTE4weFpGVFl3dmRRSmJRUGtWbDhQeWRjSlZSel9MZ1FmSnhyMEVoeWNUQ2x1SjhHVU1kUVAycjdPZEpZTzB0RFQ4UVJpckdCM2psWDRFU29YVldNeldnRWwyWmxtRE0zeTlMb2N2eGVPRnBranpsb1EtaHRnOW42Uk9vbHY4Mm5RS0dBVmFxb0oyb08wTQ?oc=5,2024-09-18,5 profitable business ideas to consider in Lagos Vanguard News,0
"BNers, Here’s How You Can Support Those Affected by the Maiduguri Floods - BellaNaija",https://news.google.com/rss/articles/CBMicEFVX3lxTE55RjFlc2NzZEQzWERqWXl6RG9GZWwtalIyM0RKWERDVGY1SUEzVTR3Uk9aMXQzQlRvdWluM2FrSmdfUUszM1Zqd2JWaXZ6M05KckUxTjcxOXBOUE1WZnJ0RmtUMnljWUN6SksyajNHOXA?oc=5,2024-09-11,"BNers, Here’s How You Can Support Those Affected by the Maiduguri Floods BellaNaija",0
"Producers, merchants flood markets with substandard skincare products - The Guardian Nigeria News",https://news.google.com/rss/articles/CBMiqgFBVV95cUxPbFNMRzZQaVJhWXBvRVVKY0FRMEFXMTNaRExkbGdHUjQtMFMxUE9IQzJzcFJjM0JReWRkZ3F2cm1tNE9YQ0dkMlhFMzdickZVVjg1TzVPUHR3bnBpOEpEb3Q2UlhwTk5oNzZraUpqZFpqbVRrM1hTcFBFa3dXLXk1bVJkdUxUeGxMdndyeGthb0JkR3UyT1hzZV8zTWRsMWF0aHB0TXRKRE51QQ?oc=5,2024-09-26,"Producers, merchants flood markets with substandard skincare products The Guardian Nigeria News",0
Elation As Dangote Assures On Flooding Market With Petrol In 24hrs - Independent Newspaper Nigeria,https://news.google.com/rss/articles/CBMilAFBVV95cUxOeDc5Y3VDdXNBTk9ibEk0bk5KQklGa25ZTHUxbGRlQzRvMDdlWWpRb3haZVIzNHkzUzhYZlhLLXgzc3hGOFN3N25Mby1FdGRRcEY0T3JZd1Y3ekxFa1E5cmliVFV6bG9uckc0TkUtVUZEeV9JS0lBNkl2RjI2eUFEdU5xYVRiSHR4OFNmRk1sdmFxYlRY?oc=5,2024-09-04,Elation As Dangote Assures On Flooding Market With Petrol In 24hrs Independent Newspaper Nigeria,0
Aminu Alhassan Dantata donates N1.5bn aid to flood victims in Borno - thestreetjournal.org,https://news.google.com/rss/articles/CBMiyAFBVV95cUxNU3hyZ0RCVWgwamUzenQ5SmZwRHNBNTF3ZVd3TVFoUXVKSTZ2dzFJZUpsRVFIZGFZc291MzJuLVVQX2JqZ3pweFhjLXBLbG5XMHhxeGdycHJNZktJR1V4SE10NGg4XzA0bUxXY1BZZ3U2QU5aYlFfakJLNmp0ZDZma2xjNHpkVWxFV0lLbXVsQlV0YUliWmFpeHVlaUdocWZVd3JkTTJELWhPTmp1ZEw3bUJaY2taTTFFU1NtQUdZRkpPczl0Z0RWSQ?oc=5,2024-09-17,Aminu Alhassan Dantata donates N1.5bn aid to flood victims in Borno thestreetjournal.org,0
Coastal communities face ‘catastrophic flooding’ from rising sea levels - Al Jazeera,https://news.google.com/rss/articles/CBMirwFBVV95cUxPaFpNSXpWWFVtNmdocC1IZUtvdlMyZkZETmpyZFh6bDFIT0VDX2xBLXREdExjMXF4czFGOWxZcU8zTWRnSklhSkl2Wk9nNjIwN1BjeG1nbnJDM1RieUtKX2NILXluUWhTdHVrVmYtMnBWTEd0blM5bHlhcDNhNGpoMTZ2NGhwRHNwMGNzTExzUGt2Vk4zcGZwZHA1M01wNEtOMC1UV0JBc0N5emhhZEMw0gG0AUFVX3lxTE9LcGdCMlRvLTBoMEFadlNwbXJIdEU1RERvam1PSjFGVlJCclJUaXdtdEk3cUxmdkp5MWJTSWRTSy1QSEJxRkFBVEJfV0NDS1E2akpoWGMtN1FxY0RiRG5UQjdmanI5MWlvZ1FsQV9WSHZibTNCWXByQ3lkaGl5ZGRiMlB6b1R0d1NuQzhaVTEyRHV0dkxERWhvSTctRTlQU0YzZXNRR1VnaklrVkdGRllHOGlLbg?oc=5,2024-09-28,Coastal communities face ‘catastrophic flooding’ from rising sea levels Al Jazeera,0
"I’m not dead, didn’t go for medical checkup – Orji Uzor Kalu dismisses death rumours - Daily Post Nigeria",https://news.google.com/rss/articles/CBMisgFBVV95cUxOeTBpWVFLVzJ1X2RHVjBYczVab0N0VkMzZm9DNTdCTDRrbUlUZnh3NWN5cVpJMHFIZk8zLTd3RlVtUmtDQk1pa1pkNWNuZTF1anNKdjNsbFNKSXlmN1NtVTZ5X1VkdE5OeGtWWGM1N0R3ZXRMc3FBbkhIVjhRd01tVk53aEJOZS0wOHl4VDVuR3NneEhxSG9ITnBJVFV3ZEx5bmp6SzVvZXlNZW1HZ0tWNE5n?oc=5,2024-09-24,"I’m not dead, didn’t go for medical checkup – Orji Uzor Kalu dismisses death rumours Daily Post Nigeria",0
"High tide flood coastal towns of Lagos, Portimão, Ferragudo and Tavira - Portugal Resident",https://news.google.com/rss/articles/CBMipAFBVV95cUxNZHNsMnpyOTAyTnQtZll0ZjdJOGRwS1lkemJNd1ItLUNockkzTl9Dd0x0dXpiaGp4aXBWbEh4SFBhUS1WUjdkTWNDU21ZTVpXaVVrSGtFQWdYUmJ6aWpSWkZUWTNOdnkyQ3hwams1U0hPOU5LMF8yeHpkOFpYQXE1NFRSRThPTkkycjFRc0gtSEktYkdZc29IWXBHYjV4VEdvcHhsdg?oc=5,2024-09-20,"High tide flood coastal towns of Lagos, Portimão, Ferragudo and Tavira Portugal Resident",0
"Lagos, Ogun Warns Residents As Oyam Dam Plans Water Release - Igbere Tv News",https://news.google.com/rss/articles/CBMikwFBVV95cUxOQWZMaTFvYUJHSENFMWMweFFyYUpnM1VPNWpjdHFQMmVuckpLLXh0MFo3RUxlR0d3b0F3eDYtclhub3BHaVA2LUZWU0xnT0FjdUk2UHZXQlgzNl9lZHlTczVYR3hFZEQwaFRYTmp5cmdnVUUzN3ZQZVl3QjNOZFFNVDF6X0x1RFpxb0NxWEVoc0xWVTA?oc=5,2024-09-29,"Lagos, Ogun Warns Residents As Oyam Dam Plans Water Release Igbere Tv News",0
"Video trends: ""Evacuate now,"" Maiduguri submerged as Alau Dam breaks down - Legit News",https://news.google.com/rss/articles/CBMipgFBVV95cUxQdnphMFRtSGhTSGJ6U2p2VjF0VFVGQy0ybVo2T0NFeFExNldiYm5pTTJMQzNxSlJDNDR6c1FnemRsWkMzazNzQ0pNdGpxT2VDeHEzTU00LUJnaVZyay11bUd6bDdjYmJPSUcyTWR3clZQcVBmWW1qSDU0UGRiUFlEa053Z3UxSFNPcTZPYjEyeVMtWjgzUk5aUm1UQmdaNUl1d0FBM2pR?oc=5,2024-09-10,"Video trends: ""Evacuate now,"" Maiduguri submerged as Alau Dam breaks down Legit News",0
Ajoke Cinderella reveals the struggles she faced in her career journey - Gistlover,https://news.google.com/rss/articles/CBMingFBVV95cUxQTXl5NDJHZkc5eTY1LU1iRnVDa2xPczdTNzgxZGh5VjUtY2h1SnowY3dCeHZVXzZ2NHIzS0IySE9iT0s0c3prZExRbVREOUYwZ2NTc19MX3l0OF94YmxEdWtqZl8wMWlHQ0RDb2h6OUxPQnZ5ZlM4M0xJMTZwWDlWeVVfTUxMVUtBdzlwanUycWRCQzhYZWRvOFFoQmZqQQ?oc=5,2024-09-20,Ajoke Cinderella reveals the struggles she faced in her career journey Gistlover,0
"Lagos seals fast food outlet for discharging fats, oil into drainage - The Guardian Nigeria News",https://news.google.com/rss/articles/CBMiqwFBVV95cUxQWDFVekVQRHhTc2hBYVZMeThieDhNUTdwR01PbWFyblpIOFFqYXpYTHQ1ekcwa2xuRlh3U0t1VTRKV0VST1pyX3BQRGxOckh3MGtQODg1OUVQUGhNaldCRDB0NUlyMkpmekZQTHNfekFJZjI0bF9zTVFCY2NENXBmVnB1Vmw3MDk5X3NSRWl2SGUyXy10WEpSVjJOcndyWm9ma2w0elRKOGRjMW8?oc=5,2024-09-16,"Lagos seals fast food outlet for discharging fats, oil into drainage The Guardian Nigeria News",1
Ogun begins repair of Sagamu-Ore-Benin expressway - TheCable,https://news.google.com/rss/articles/CBMif0FVX3lxTE5jZzM2RnVxanVLcnVvR2djQmc5UGRtTFhtNVZYVTBJYjBSWEt0ZmdMazdLWGROS2U5NU5GUDNxMkYxNTFCaGJRaWRwREhLMkxQR3pEX0JsVFc1eWx1OGI2M3c0T3RyWFkzdE9KcmtaaUdNOEhZSThoYVQ3UmY3YTA?oc=5,2024-09-30,Ogun begins repair of Sagamu-Ore-Benin expressway TheCable,0
Landwey: Lagos estate residents decry unfulfilled agreement by real estate developer - Vanguard News,https://news.google.com/rss/articles/CBMisgFBVV95cUxPSU11SkNibWFQY0ljVy1RT3d2cW4xTHBxdVpOeFVoYnJFMkJTcTU3WlpvbFlhMFlEVGdLdlhNWldYdkZ2SE03MVVsb2pKN0hSY1V1SThiOUV1LUk2N2RrZENTbk0xeDJQSFJoZFE0bzFBejdNZEFqT29IWXY0Q01TcHduSkVNYVNubkwzZDFPZW5jbkJ1aHRlaUVENXpIUWd6eGJCSjVrY0RselExLUZtN0VB0gG3AUFVX3lxTE8xR012T01DVHlKV0kxS3MtLXRLclpCS1ZBbXdRYmFzeWhtdWZncXlubjBWMVhLZ1ladWtuVFJZT1Rkd3BJNFptWE5GeWo3a3FmalhhMV9hYmlCdTNuNGZqU2RFelR6SkxweElwZFJZbGVfdU9aZkRBd3pqWjh3bDBXVUJwcVlxdmdKUUZkNGlyZFhQUmNxemxNR1Z4dnlvOXFKMXV5bUZRZHNWTkxUaW5VV2pfYWo2SQ?oc=5,2024-09-04,Landwey: Lagos estate residents decry unfulfilled agreement by real estate developer Vanguard News,0
Ogun Begins Work On Failed Portion Of Ore-Benin Expressway - Channels Television,https://news.google.com/rss/articles/CBMingFBVV95cUxQbDVkcFhUSEhERVQwU0toZW1faXc1M242WEUwTzRveDZxOU9wQ09teHR1dEZVVUdKQmctRFdPNUdsSW5YR2ZrVkFLZmhubmdocGVuNXNELUNpcDRtTm02OEt5VnpGdDRlYzJzd0pKUlFOaWg1R1FDTmstd3NNY3d1bDBROFBvLXdPVkhOVnNjOVkwWGlpRjVjT3JjYl81dw?oc=5,2024-09-30,Ogun Begins Work On Failed Portion Of Ore-Benin Expressway Channels Television,0
"Lagos councils warn against open defecation, vow to punish offenders - Peoples Gazette Nigeria",https://news.google.com/rss/articles/CBMilgFBVV95cUxNeWNiSENtY3JUdWI5M3VZWWwxTUR1MG5HZFhObDdZSWhNVWxNVEM1NUxjSU0zaDlwaDhGNnRZbER4QXZZOUdic0dyM3RidjZvVnY1R0ZYUTFnT21UVkxwMzNld3hKWWI2SFlOTkdMTjVQWUJxSVN6TF9rYUFQUmYzY0lqa3JfRFFwZGhjSC13RDh2RWNEb2c?oc=5,2024-09-16,"Lagos councils warn against open defecation, vow to punish offenders Peoples Gazette Nigeria",0
The promise and pitfalls of ‘climatopias’ for building resilience in coastal communities - news.emory.edu,https://news.google.com/rss/articles/CBMisAFBVV95cUxNSnlVaTVRUlVEMWZQLTN2VE9DQzlteDBMU0gxd3R3ZWV2eDkzdmVVOUdVbGFOcEdVdjBlQzdIMnJDa0tfM0hrNE1oMTJYQXJzTjVnUEpWWm1ETHJCZWc5YjZrOXJ1Y213aGRFam93Vk1FbVVFeGt4cC1BMUZfb2YwWXg5Y1N4R0lLekRkTjlTWDFXcllIVDFJZThQQWlWcHQySjI2XzdjREl3bklidHlFaQ?oc=5,2024-09-04,The promise and pitfalls of ‘climatopias’ for building resilience in coastal communities news.emory.edu,0
Ifoshi Road Gets Facelift After 26 Years - THISDAYLIVE,https://news.google.com/rss/articles/CBMihwFBVV95cUxORW1PWHY2ZWNLZF9EZFFHTFc4WTdoYUxfeGpKc2xoc2JOckRsUDB5ajZabldQMGFDc29acXVKMUI1TllZMExoUFg0bWxzNFF6a2EtSk8wcDJqOWhsdHRfQlZXejBMV2xnTjYxR1RHeG9VZHJHTHNOZTZqZW1Sc0JMUk5UaUdVbUU?oc=5,2024-09-26,Ifoshi Road Gets Facelift After 26 Years THISDAYLIVE,0
"Tragedy Strikes Lagos: One dead, another injured in mini bus accident - Vanguard News",https://news.google.com/rss/articles/CBMipwFBVV95cUxOOHVWTzZaazN1Q2x1V1lDbXV6eno2N29ja09xUTVoNzJiSzdJUlNqZGxEa2VxZXY3M2lMREc4Y1lnMmRYa0hWUF92Rm1CakJRamkzdkNLV29jZTZqTEJwTWNLMUxIOUZRRWRnUndYMVpxcG5qRTBud2IyOHpIcHhnM0FRNXFRMjAtc3hLMkkzREhtVXQzaTdNQ3F0STRxeVE4TUNHcmhVUdIBrAFBVV95cUxNM19YUVp5ZmV3d21VazJsNEpQWFRfUXQydGVEak55Z2F3RUk1LURTWkRQcjhEdkluMkVaS0RqSENEdTRWNEJpLXMwTWNxWldYcXBHNEdjanJtZ1RZeUs2eXlDVkJrcDF0aktpSjJOOTB6eGkxc0s3ZnQ5NkxRdEtSUVpZVmNUV09ESExKWUJ2MWhXbUdqbExvRFRScUhxdWctM3VwQ256aWdpVzFM?oc=5,2024-09-17,"Tragedy Strikes Lagos: One dead, another injured in mini bus accident Vanguard News",0
FHA begins rehabilitation of FESTAC Town’s infrastructure - The Guardian Nigeria News,https://news.google.com/rss/articles/CBMiigFBVV95cUxQWUhDb2JOZ2lza3BNUWJzVS1lUmktX0QtT0tLejJnM2xJelhsY0d5TzhhRjJQemVOa2ZWbEtwWW5ZOEVfdmx1TjNnM3JNNENYRDQ0d2FCVTVMVVJBN256Y0hCckpfZks0N1REYTh3akRyVTI1R0l5cThBQ3l3Ny12Ui1PSF9fSF9kZ0E?oc=5,2024-09-03,FHA begins rehabilitation of FESTAC Town’s infrastructure The Guardian Nigeria News,0
Lagos Govt seals Egbeda fast food outlet for discharging waste into public drains - Nairametrics,https://news.google.com/rss/articles/CBMiugFBVV95cUxNcHpLcnFVZ3FCMDR1My0zWnN2enBRaUxQQ0tWeXRMcjlsb1VBdGdtNWJKc2VVM1cyQmdxZXRudWZHWHhIYmhHR0N3YVY2RjFzWjk0OWYwMVY3cFFESVYzVzlOdnpRLVRGdzB2QWhoTVFrTG9JTjFwb1B1SnRXbURBd2hGWFEwb1VlUkpqNG5xV08wZFpGWTJHNktmYlpvTFZiZlVHYjdiSWwwclRCNXVyZzVNeEVQU29adGc?oc=5,2024-09-16,Lagos Govt seals Egbeda fast food outlet for discharging waste into public drains Nairametrics,1
Lagos Govt serves notices to over 280 illegal property owners in Eti Osa for master plan distortion - Nairametrics,https://news.google.com/rss/articles/CBMi0gFBVV95cUxNVTU1dkVIVFdqR0x3MlBSalpCSUpBS1JjcWU4ZGFRREVhRU84WlpWYUM4dGthYlNwM3p0OWtZYzdmUzN4QWJtWk5zSHo0S2lNdWh4YVZDVjVuNlBNY3FHMGZxWlFKZ1EzRDJURHNrZzBKQldhYkZ1RFBVSUhkeVMyT3FqWE1WWHhaMmZTVDdZcFVObVo3aU44RzdFLTlIQTNjM1djTjNfeUMzbzRHTXdEbzA0YUUwbUQ4M3NHVTg0ZkxyNDBNSzVfaXNIdld2c3p6WFE?oc=5,2024-09-17,Lagos Govt serves notices to over 280 illegal property owners in Eti Osa for master plan distortion Nairametrics,0
"192 Killed As Severe Flooding Spreads Across Lagos, Abuja, Niger, Benue, 25 Other States - Independent Newspaper Nigeria",https://news.google.com/rss/articles/CBMirAFBVV95cUxPejl0bFA4S2dfUWIxd2JXQkpkenFndkVnNm5jTkxPZmlLRFIyYnBKRWxMTmtSU1BpVWNuRXU2TGptS2dUMzVyZ1laMm9vMnBWQ2VOVFlWM0JMYUNyWEZWNUYtaWVOQlFuTW1qN29fUTZsOUVBUzlPOUVBTU1tbjM2Q1dyR3owTllod2pESl9Od056QXVKM3VIN3B1bDlQam4tczVsM1E5SHZ3azlS?oc=5,2024-09-02,"192 Killed As Severe Flooding Spreads Across Lagos, Abuja, Niger, Benue, 25 Other States Independent Newspaper Nigeria",0
"Climate change likely factor in Central Europe floods, scientists say - AFP Fact Check",https://news.google.com/rss/articles/CBMiWEFVX3lxTE9tMklGQ2d1YmlCUE8xNFFVdU1WYlRfVndIN2gwSVRCcFB4MEZveFZWYkNQRlhrNHVqdFBDM1JuQWNWUkFGcm4xQUlPTDE1ZTR6SThjbnVkaTA?oc=5,2024-09-20,"Climate change likely factor in Central Europe floods, scientists say AFP Fact Check",0
"Flood: IOM, Benue trains 200 officers on gender-based violence - PM News Nigeria",https://news.google.com/rss/articles/CBMinwFBVV95cUxOMmluN3pYYlBLZHR6WmdTQlpucXlnZ3NPcm1KUW5UYXhlVkVzS2xUcW4yQ1ljLXR6cFFFRFRFZG1lRGNwX1VXNFBEb3BCQWFYQ2xZZUYwb1ZvWlJramczYmY4clZUb25jRWhBTzRhaFdLbnd6Y0JDdXFkNlIyQzRzWXZmZXpiSWFSc3NKWU16X1BtM18zNkpjQXV0cVZwVkE?oc=5,2024-09-28,"Flood: IOM, Benue trains 200 officers on gender-based violence PM News Nigeria",0
"Ibeju-Lekki: Residents of Lagos community agonise over bad roads, power outages - The Sun Nigeria",https://news.google.com/rss/articles/CBMinAFBVV95cUxOaVBYUE9YWHkyeTAxUnFiTjV3ZDdyRE8zR2JmUWhCNVFtakNGcDV5TklkMkFGR2xiUG4ybTJPckE1Zk1IX2dEMUtJSWlWaWRkVng2UXVyUV9YTzlrZFhTXzdGc3NWNnFUM3hNcDBheURBaUxpc3Q3YmZwV2JYbUZRYzZ5dnozVjYwbjBnbDZoYnVzMDZZR0JKakNSMDfSAaIBQVVfeXFMTzZuazN5NjNqQ1g3c1FZeWZPUWxiUXhBV2xhTzJpOGVZaWpJR0JsbGZMM0NGbU1idnVDSXFkVWMxaHotTTlLVWZXUm1FdGVNRXN4NjUwUjBucy1pUTdtdUV5RzZaMVhVVlYzWHM1eEZQUHBJWV9fVDk3RExubHlCWU9RM0hnZnM1TVRvdHhvS3FpSmtvT0dCOVRVYlprV1JrU2t3?oc=5,2024-09-08,"Ibeju-Lekki: Residents of Lagos community agonise over bad roads, power outages The Sun Nigeria",0
Unprecedented global study shows that most cities receive more rainfall than surrounding rural areas - EurekAlert!,https://news.google.com/rss/articles/CBMiXEFVX3lxTE9reXJNU1BMU19TRFh4NmJ3MDlXTkpTbDR4bWdXd24tT0tja2dfTUsySHdOVUF5U2VMZHMxUmZDemg0VFRCa2J3NHB3VDZSbzVqOTdQb3BuQkNRV1l4?oc=5,2024-09-09,Unprecedented global study shows that most cities receive more rainfall than surrounding rural areas EurekAlert!,0
World CleanUp Day: Lagos tasks residents on environmental cleanliness - The Guardian Nigeria News,https://news.google.com/rss/articles/CBMipAFBVV95cUxNbTdleFBWczZ6ZHhidGNrYzNPOG9uNFp6LUE1TVNFVVZKQU8tS2tTa0lQeWI0Z0tNdmltVFdkZXZXX3RlMjRFdmJRQXlJMVR3TFVEaWdvQ2xjdV80X2lUZGFVZUhEbW4wSVZaQTFXb09fbVVDVVh4VGlCaUFPNkZHM2hVQUkxS2t2anBDODJxS2Nma1p1LTl5YkhCRGlWRkpWQjNMVA?oc=5,2024-09-19,World CleanUp Day: Lagos tasks residents on environmental cleanliness The Guardian Nigeria News,0
Lagos Corps Members Stranded as Flood Takes Over NYSC Secretariat - FIJ NG,https://news.google.com/rss/articles/CBMikwFBVV95cUxNcmxWQXphS3hjYUJGc2lKWlBxbEQxSzlJZUFkbzVPSjYyMjhjSG5RdUFlYVVfVVJmVXc2bHJTUFRsTVFJS091ZTdSSEtJQldNSUZYcTI0alcycllrc0FHQzFEWUJsVjdWODRUc05NU1ZTWlVXeGVhS1R0Sld0QlBoX3ktRUZJU1B2TjVYTGctbWZsdHc?oc=5,2024-10-17,Lagos Corps Members Stranded as Flood Takes Over NYSC Secretariat FIJ NG,0
Lagos alerts residents over imminent flash flooding - The Guardian Nigeria News,https://news.google.com/rss/articles/CBMiigFBVV95cUxOd2o4RlRmZXk3YzRTSk9QQkRfbHVZOEdhclNpVUVOT20xMk1VcFEtdGZWQWZGWTdOT1Z4WU5VS2lGazJyTEIzM3RNUmtvVzJTejdNTUhMRzhWNlEtV1ZBbVJDRXljNDAyVGlZbVRlc0xQbjY2V2Rqd2lrWjBzUXpKakFUVEhNYk1TV2c?oc=5,2024-10-20,Lagos alerts residents over imminent flash flooding The Guardian Nigeria News,0
LASG ALERTS RESIDENTS OF OGUN RIVER BANKS OF WATER RELEASE FROM OYAN DAM - moelagos.gov.ng,https://news.google.com/rss/articles/CBMingFBVV95cUxNVWc5aE5oNm5VUUpUYVp2UWRpMkFTTzlTb2RvV2E0ZE52d01xeVZwUlNXRDA2clpBNGNqVm95S29xbm5OQWk3ejFlRTduX1VPTDB1YzA4TFJDSkM2a2VDTnRTUWkwdnNCc3FvNEowNTF5dUp2TExJUzFFSnJUT3ZqaWxnRXZmOF9IYTVjZDdEcVVucDZ4YW9TYThjRHRwUQ?oc=5,2024-10-17,LASG ALERTS RESIDENTS OF OGUN RIVER BANKS OF WATER RELEASE FROM OYAN DAM moelagos.gov.ng,0
"Flood: Lagos warns Kara, Mile 12, other residents over release of Oyan Dam water - Vanguard News",https://news.google.com/rss/articles/CBMitAFBVV95cUxPbjUwaGlFQlBiS09qS1ZqVzFFTlVMc3Z2bzhGODRIN3JoNEFXcFlzc3ppZnEtN1F5eHBPcDRUbUZZaEtfazJEYkdiMFVVWWF4X0JMUlpfS3dvYWJPRVB3NzFZb2pFWjBOaVZIZmVTMHBqR3lYcFdKTzc5dS1Ocjk5N05vRjNYT19HZ3pSRzdGMGl1VjFPYzJTWGxVdTlEXzFsSU9ORm9yclVqTmVXWHAyRm5IQmfSAboBQVVfeXFMTjZDamc1NmwzOUNUUTNDWlNVOThzOGJmOG44d0N3NGJLclJudWQzQXRSalF3Y1R5cGpKQ1NKQnFlSkJ3Rzd5NjhfcDlPNXlBb2VLYVNhY2h1TzhLSW1QaGZKSEhoLTVtV1FlTFBiN1FMd1VOMTRfVzBfcEpIcTQxMGx4WE9mNGZhTFlQQTRxRFNHVzUwQ3JtV1k0ckFHRl9ROUJSNmVLUU02WlhUVWttMEhZeFJ5cFFaMTJ3?oc=5,2024-10-18,"Flood: Lagos warns Kara, Mile 12, other residents over release of Oyan Dam water Vanguard News",0
Post-flood recovery: lessons from Germany and Nigeria on how to help people cope with loss and build resilience - The Conversation,https://news.google.com/rss/articles/CBMi3gFBVV95cUxPNFgxa3NpNTF2d0xSckJ2ZW9PUlIwUENESkJoT25Ea3FUQXRJcmtDblZjU1ZWMXo0RTgzN0ZUaDlROHdLcFMzMVVUUUtiMHRGMjdqTVBvejdfVnBfSUVzaF9sZkpUMGVvdXozN0pEbUNsbEMyb0hDdDYwcFJ5QlJZZTFLUnpVOEEzcXVVQXZtTlZFRlFVWHBMMzYweGlrRkRTaGtURUlzdHd4ZTBOWU1zUkptOEE2c0pQRWVQWG1KVDItdks4MksxeVZwNzdJUWREc1VJM0p5ZXEzdHFLNHc?oc=5,2024-10-11,Post-flood recovery: lessons from Germany and Nigeria on how to help people cope with loss and build resilience The Conversation,0
Lagos Warns Residents Against Flash Flooding After Heavy Rains - - tvcnews.tv,https://news.google.com/rss/articles/CBMijwFBVV95cUxPc3pRQVE1SUxYLVJaV3Zuc3U0cnVHYW5XRm9uMzB4WFk4TDAwbUdEaVk3ZEpDdmFyQ1dZV19tU0Nfb2l5cGwwUWMxRWhtamlpYWY1bzByOFJmeUFJajFVTlU5dEtPamVETlU3aTdyeEZJNFgzRlFXMWc5bXNoMW9yOF9qdlpRSnl6RW44Q0w5MA?oc=5,2024-10-20,Lagos Warns Residents Against Flash Flooding After Heavy Rains - tvcnews.tv,0
"Residents alerted as heavy rainfall, dam releases threaten Lagos with severe flooding - Ripples Nigeria",https://news.google.com/rss/articles/CBMitwFBVV95cUxNTlhkYzhibHRyVVVyQzlBcXhfb1czOU1MeS1uRk5kZ3gtdy1HZmRrQk1kemdGc3VzZ1p4clpzRzI5ZW5YZmpTZEdTUm5sTDB6eHVRSU9aM19tT00xYmhhNDhSTXFSaFcyZWRhM2tMMk53eXM3ekhXaGRkWVBzcVFVdlgtQ1F0MXZUZzh1cVdYYkM4RzRPU3hQX0tHMU1NT1h2aFpDcGhJMFRuRG9zaGFIMkhnMTltV1E?oc=5,2024-10-21,"Residents alerted as heavy rainfall, dam releases threaten Lagos with severe flooding Ripples Nigeria",0
Oyan Dam: Anxiety grips Ogun communities over fresh flooding - Punch Newspapers,https://news.google.com/rss/articles/CBMihwFBVV95cUxPbHhJdTRYeVItbDhLZnR6cVRGbElyNmlNYktuN3FwX2RnV3hORllDZmhsMXlCRndFeVNNQzktXzNoWk9iWFFLMXB6Mlpqb2dhRzVGdkE0b0V5cTFzd21KdHJIQUVWTjBhajJMM0JqRWw5akdsYXNBa3FrRVpxV2xxcGJmdzV0R0E?oc=5,2024-10-16,Oyan Dam: Anxiety grips Ogun communities over fresh flooding Punch Newspapers,0
PHOTOS: Lagos communities struggle as Oyan Dam releases water - The Guardian Nigeria News,https://news.google.com/rss/articles/CBMiogFBVV95cUxPS0tjbkM2SXBlbHJYemNtTC15QnlBY1VjeF9fTl9paGJsb3pQN3RhUDJiRVpRRlFYeDh1NG1wQlNxMEtaNXhXRUw1M0FULWR0akFfM0paWjB1ajJMN3VpUEtWTkVWc0JfdERBZUVpYVpyQ2FBQ3VNWmlDRzJtelFfTTFvOTA2WEFYS1had0hEbnBNU1lMUllkaUwwR1VKd04wTVE?oc=5,2024-10-24,PHOTOS: Lagos communities struggle as Oyan Dam releases water The Guardian Nigeria News,0
"Newspaper Headlines: Oyan dam sacks communities in Lagos, Ogun as floodwater rises - TheCable",https://news.google.com/rss/articles/CBMiqAFBVV95cUxQWVo1dWRwemtSLTh4SnBhVnJMeFpEblZQZC1jelQyVS1vdUhwZEpaOEdDdHRkbGdIZXR0VldhMVJmaVpRMVZ1YW5pZExJWEVKX29TWGViSFg3YkZLZ2FMeE5MR2ZNSFljcnViMENUNE0wZzZsc3BVc3ZURzRocmVOdW9vRDFzMEF1a1YzbzViSG85YzJ2RzRIU3hqbW9JUFhLQzJCTWNMeEc?oc=5,2024-10-21,"Newspaper Headlines: Oyan dam sacks communities in Lagos, Ogun as floodwater rises TheCable",0
Oyan Dam: Lagos Residents Alerted As Release Of Water Begins - The Whistler Newspaper,https://news.google.com/rss/articles/CBMiiwFBVV95cUxOeERIVXZ0MUpyNDN0R0J3ei1yeThaejFBUzVDQzd1U3JGb01FX3NibWpPTF9vQjlGM2RVR1R1bjdOUVh4ZTRvcVVBLTlibXNnOHhvZm5ZRUZ1X0d3QTM4a0N6WVBPZm5YOHdtN0t6ZXVOTElZaWZ2Wmp1dlJ4NjNTQVBVNjdQWGlSLXlz?oc=5,2024-10-17,Oyan Dam: Lagos Residents Alerted As Release Of Water Begins The Whistler Newspaper,0
"LAGOS WARNS DEVELOPERS, BUILDERS AGAINST WETLAND ENCROACHMENT - moelagos.gov.ng",https://news.google.com/rss/articles/CBMijgFBVV95cUxPb1p0N3VHTVZ5cnlqR2NPN3pMU0lFeHBiY1VId25NUnh3U0U1NEJSOWxiVHBhS21yeE81b3hHXzJyUEZtYkdhbG45RFFneG9ZZldFVnF6bENrWEVxVTd1NVRkNElOc2NGQW9mVmJoMjdqZUFPd0lrRlFJZHhfX3QtUnpWNFJwWG9Ib1N4c1hR?oc=5,2024-10-18,"LAGOS WARNS DEVELOPERS, BUILDERS AGAINST WETLAND ENCROACHMENT moelagos.gov.ng",0
"Oyan Dam: Lagos, Ogun urge residents in low-lying, flood prone areas to relocate - The Guardian Nigeria News",https://news.google.com/rss/articles/CBMiuAFBVV95cUxOc1JIVmU3S1ppRTVtcExvZVdaVDNFUHVQN21uTFMyN1NSQXNqMkYzRHJZTkk0LVMwempEbTQwaVV4RFh1bms5MVNWUDZ3OGg2QW5SYWtEc2EzQkVvWFlzM1pudjNCbGFXZS11WTNHRGF3VEN5S1pnaERHTHpnTkZkck8xclRpTFY4RzRpZ0JpMU5lMzVrWFQ2elh3dFRqM0F3TTRfaW13UGJuY0x4bDlCM094MFJyR1d6?oc=5,2024-10-24,"Oyan Dam: Lagos, Ogun urge residents in low-lying, flood prone areas to relocate The Guardian Nigeria News",0
Heavy rainfall: Lagos govt alerts residents over imminent flash flooding - Vanguard News,https://news.google.com/rss/articles/CBMirAFBVV95cUxQcm84eVpVY1ZDRENRdWxCYkt0cjFTb2wySVU3UFQtY3FCN09fLXBnRFdFcEVkMEpHUkdUQzhlWFFXQ3V6WTBkelhGVVZZSEpBRVNoUHJEUlNhNWUwTkRLNGx5MTg0ZkVJTkFrY0tiOFhYSFRLS0hoWUpxYms1R2pFVlZINEd4SU1zWVJjT0lSLWhhVjVfY3hJejA2MExCS2diM2dSTGFTTXM2M0cx0gGyAUFVX3lxTFBSSE8ycE1mcWpLNnM1WG82Q1d0TFg0YWRISlRhNzRJM0JFcUotTXowdmd3SUk1cUZxQkFlWVU5X2RRTVZLcVYtbHVXMVg3NXdMWDh4UXNrbE9rLWc0dm1OYXVCZ2dxQlpYbUM5eDR1V2VFbU95MkF4akpnTEotWDZER0xSS0hlRm5XcHEwVUlKLTN5YWtiVl9iTUM4QUc2dlZMTHpObkIybDZzcWlSckZFZHc?oc=5,2024-10-19,Heavy rainfall: Lagos govt alerts residents over imminent flash flooding Vanguard News,0
"Lagos, Ogun urge residents of low-lying areas to relocate over water release from Oyan Dam - The Guardian Nigeria News",https://news.google.com/rss/articles/CBMitgFBVV95cUxQRnU0VEZBOC1TWjl5OGZEcGJJYWE3TlZaR0R6STEtZW04MUVSNDN5YTlTSVM4TklYbDQyQzJfSnl2ZnJHdW1lNzVJTUR6SEN1eDUtU2VveU1pZTZFS0tKNElSYVVySmU2N0tGcElsRElzT1hyb0oyYjk4b2RHQTRONTViczlkd3llV2laRGZjZ3NweS1fdDhrQnJkSTJpTWV5d3ZacVlpMTJ3cmVNbDM1aFdOT0VYZw?oc=5,2024-10-25,"Lagos, Ogun urge residents of low-lying areas to relocate over water release from Oyan Dam The Guardian Nigeria News",0
"De-flooding: FG commences expansion, dredging of Ogun River Basin - Vanguard News",https://news.google.com/rss/articles/CBMiogFBVV95cUxPWlNMLWZhU3UxdkRwYXJyRDVfa3cyZllCa0dHNDBBMjMwamNZMmh3bkVZMjBfVll1VGM2clM0MWplclZFS2RnckpFNUtaQTE1YU9MZlRFQ3FweGJYaG1RaXlnLUotRmI0d2prLWRHQTBMR3hTOFZWcUZFWTJBb3RPWmdRSzBfMV9kTVgxLXJKcU02a09uOU8zZUpNVENzcXFtNXfSAacBQVVfeXFMUDBDWVpPSE1rTFdIN2JTVE85MlFnNk14UUJNWXNzcl9qeGo5eUpLSGJXMk9FbndaM3E4MTZONTROMWdYZHNudWFxTVd2WVhKMWRZemZ2WmJmNUZ6amxzUFcxelhBbTdpMDZYb3lCSnZrN3hLVzlSeDkzZzFOZGI3WUhjakhsSXVFNHVHQ1hORU93UFlfaVRMS29wbHJDY0ItQzBiRHRtblk?oc=5,2024-10-24,"De-flooding: FG commences expansion, dredging of Ogun River Basin Vanguard News",0
Oyan dam: Lagos urges Ogun River bank occupants to relocate - The Guardian Nigeria News,https://news.google.com/rss/articles/CBMiogFBVV95cUxNV2Roa3RTNWhDZi1QeWZ3T2M5MXhrWm53VjVTYWJ0VzJvaHcxOWFvLWNaUk0weXhvelM4WC1TTDVxLU1RUmJGNzhvbGkwOGpfdlVTZXdmQ21kem9sLWZ1MWh4RWNpNWZTVk1FSUhWRWtac3pBNDRER0lNVVpoVDJsMlZuN2dzNmt6alplRnFTWWJXcW5KTmlfMW42M29ZcFllZHc?oc=5,2024-10-17,Oyan dam: Lagos urges Ogun River bank occupants to relocate The Guardian Nigeria News,0
Flood: States yet to invest ecological funds in projects despite vulnerability - The Guardian Nigeria News,https://news.google.com/rss/articles/CBMiqwFBVV95cUxOTWVPSzNVUDcyN1B4T2hrM1VIdE5BX1JnR240U2VlakVhNlhLU1VRTmdQQkduR0NoSFR2WDZUSkRLOEg0ZHhrR1lnSzMtVWhBc2I1YzNMeXRGODhFX3YxUjVRTGlCUE9jVU9uUjBwQm1VZkplMnYwQ0dMaXc3S0hjNzRZcDBtUGFkeXBrZmxFVjVvVDVWMmR3YTcyQ2pVUGY3REhUM2YwZ2NyNEU?oc=5,2024-10-07,Flood: States yet to invest ecological funds in projects despite vulnerability The Guardian Nigeria News,0
"Climate change: Lagos is sinking, dep gov, Hamzat raises alarm - Vanguard News",https://news.google.com/rss/articles/CBMinAFBVV95cUxOOGYxdzlpcnBzcFQ2bXNHZHFKRy1VMnlxZWd0RmN1c3o1bUZmUUUtQ3htclc0WFVXVy1Xb01FZFVnV3NibTRZcWhxbTRYcE5TQ0ZpeGs1Q1BjbTU0VDU4d19tNGo3dVc5dXBmdmZhTEN3cEI5ckdySVM5ODVBQ0RyT1BqXzJMY3NmM3VFTi1OalFRR1huaFIyc2QwNmPSAaIBQVVfeXFMT2RNM1A1X0F0Y1BtcDd0cnBua1RZUHZMclVIXzVPUUI2WE0waTlPM1E0c0ZzZW8ydFJzTUhzalRocFdkeEphRnRiWEtlTFkwLUFVQlM0TWExOFdkVG9ESUtES2Z1N1ZiZFNJdllCb2NrNEh4Qzd0Y0lZaTRkSUFiZVA4VDYtWG1iQXNBbGxCVlFscWtXSl9hZEFldzVjbUVDOXVB?oc=5,2024-10-24,"Climate change: Lagos is sinking, dep gov, Hamzat raises alarm Vanguard News",0
Residents flee as flood overruns 11 Delta communities - Vanguard News,https://news.google.com/rss/articles/CBMilAFBVV95cUxQRXlPY0liZm1PNGJXaEp5eUg1MS1pSnp6cXljRmZqaEI5YmpENjZPYi1hNjZZdy1SdHpKejBJZlJHS3JRajBVTzVEb1l4TU92N3RabERrRmt2bkxlLTZoTzBGcXB1LWNGeFpVa2hRVG5tWVF2Y28xc1E0am8zM2lXR1hIUzVVQXJUUS0wVzViNDl3SHRB0gGaAUFVX3lxTE56WlhIR0sxYjJWQjF0MjdaLXRwNXhYQWFHcnNhcWZtTkNZS2ZtWS0yOUZwakJxd3RhUEZxa0pPc05waUg3Y1dUbS0xc0FqTmVVTkY2Ni1iSkhmT0lxSE1JbkdoZGswNUdfQnU2Mm9Ua0RTVVFDak1jSVY3TTVSYXh1WnU2X0wtd0hXNmFsNTBrQXVXQXlZbUgyRWc?oc=5,2024-10-29,Residents flee as flood overruns 11 Delta communities Vanguard News,0
Oyan Dam: Lagos urges residents along Ogun River bank to relocate - Ripples Nigeria,https://news.google.com/rss/articles/CBMinAFBVV95cUxNbWR4SF9CNTBKUDcxclFEelVVejdIcUpIc2FtYWFjczItSzBpRFVqN3BTa2Q3TDF6aWQzTFdpalNVV2dmOXNaeWJBRTJxWVJUeUE5YTJuRTlVQ2dXcGJkUVFMemlBRVNiUHdhck5QSzVYalhxcTNCekoyZDdhMmo0M015ZEZYaS1qSm9OUHJyVU9YNW9GV3llczlaUHo?oc=5,2024-10-17,Oyan Dam: Lagos urges residents along Ogun River bank to relocate Ripples Nigeria,0
IOM Repatriates 180 Nigerians Stranded In Libya - Channels Television,https://news.google.com/rss/articles/CBMijwFBVV95cUxPYmJLVHIwVGt0LWpCQXhhdjVyWXVLUjJLUC11RTFzSG02UlpzMzNDa0ZZRjFMM1FmS2lHbHJLcFh6OVpSaGxNQ0J2YURzMlFxclgwMnNVSTB6Y2lrbmtLVlN5aDd5YVB1UFVMWUpYVVBHRndIa0RXeU92LUtxT2pLUk5WRmxXdVlIYjdvNWgzdw?oc=5,2024-10-04,IOM Repatriates 180 Nigerians Stranded In Libya Channels Television,0
5 technologies that are combatting flood risks around the world - PreventionWeb,https://news.google.com/rss/articles/CBMikwFBVV95cUxNN2ZRTDZ1dzJNOE9HN1dNMG9uT1dwenBSVV9QeVdLMGQtWFdwcmFzVXVOLXpHOEtMY1NyTUZYbFBSN0IyeFkxN2NJWHpydmVkazMwQ193eDdnOG9leXF5TUhiV3ZFRGlFcGVQX3QtYk5udUVBNDk2OS1pMHhaNGNGRkJ5ZHAxMGNlZHQxY3ZCVjRTdGc?oc=5,2024-10-17,5 technologies that are combatting flood risks around the world PreventionWeb,0
"Lagos Demolishes Three-Floor Building, Issues Ultimatum To Market Occupants - The Whistler Newspaper",https://news.google.com/rss/articles/CBMinwFBVV95cUxPdmJtSkU3V1c0c1U4RzdXeVA4SHJNendzYnQtVl9YVTAzS0gtQ1kyQ2ZTeHJfSVd6bzE1OGdza3lJN01kWHZlWHFFeWxqV0FIZ1pBZXRpMXRKZGxTT2VPUjJITVJ0OGxMWUZsUW9sMkppNkgxcWVVTW1UeEMtdU54MVJGa3d5dFp4UXNOWkprYjRXZnBfYmNWMWN4eHRSNGs?oc=5,2024-10-03,"Lagos Demolishes Three-Floor Building, Issues Ultimatum To Market Occupants The Whistler Newspaper",0
Lagos waste-to-electricity project gets €120m Dutch support – Commissioner - Vanguard News,https://news.google.com/rss/articles/CBMirgFBVV95cUxQOGVtbUdObGFud1V4Y2gzWW5pbm9VTGNXa1UyTlEwM0NMZUZMRjJ5bi01TlZYSTE5dGh2TGtzU1VsRnFUaFJzOEJYMy1zRjIwYWRULV9rQm11RmhLTjAwajFoRmdVMEN5Z3FZZ2Y5bU1VYkg1aGJITzhDeDJSTDk5NVZRYXpvZU9LeDZWMjFrSDF2U1ZxVnZ5a3FsODJFaGZ6MFZtMGw0RENOSUxBUkHSAbMBQVVfeXFMUE41Q3E3VF9DRVNSaFpHYUtpbUtUSXI5NjdlRS1hV0p6ZVRxbE1jcU9lTEVnOGRfczZLRDJPN0IwV2xJMTJDbm0wWFk0aTlXcFZ6dUlJdTBWN1VwQkhPeXVWOTUyQnk2YWYzN21fc3RELU8ycEJVTXUtTXR2dmVYQWlWam5sQTdLNEpkLUN1TGlfdWotVkVtNnlQWW5NQW9jOUlhS3lsTjR0X1dRTTR6b2NBOXM?oc=5,2024-10-03,Lagos waste-to-electricity project gets €120m Dutch support – Commissioner Vanguard News,1
"Cholera cases, deaths surge more than 200% in Nigeria - VOA - Voice of America English News",https://news.google.com/rss/articles/CBMilAFBVV95cUxQR3NicldLNUtTSUhmVXBHN09neFdab3dFMTRweUZSc3J0aF9qTXpTZnVzeDNrV2pIMUIybTRFczI1alV5akxMaENkeDZzUXdYZXNCbmh3YjZzeVcwV3BJcHJYbUZ4TzdlbUVDenFvbUJ2NzM1THFLTjRBWFlwUzZTMmZCZHdvUmhuTDdRa1VuM2NiRVJF0gGXAUFVX3lxTE9seF96RGI0RUw5cWMtRFdUUWpHeXBOUndBaW4wQ1N5Q0IweXhTZ3NqYzFrbl9SbVlEaGVlcUZZclJ4bmF2YnRYdkczYmRzc29FME1Kc2VZczk5Vl9tdDZuZ3hJTXg4dVk1ZkRsXzgyV3p4cWJzbU1SUW5ZbUVNRkZuUUxST0N6d01VM2NRV2p2U0xYWW5FeTQ?oc=5,2024-10-08,"Cholera cases, deaths surge more than 200% in Nigeria VOA - Voice of America English News",0
"Lagos govt dislodges roadside traders, destroys shanties in FESTAC - Vanguard News",https://news.google.com/rss/articles/CBMi1AJBVV95cUxONGxqWVNTaERtOE1HenNxbEEtTHhCVXBCcHZfSkVFdHlGd1JPMHdydk5vRTZ5WnYxbngyaFZ3ZHNIaC1Ub3UzczVPUFVUSEt2RnJxek5acXpYeXY4U0dDcVplZkkwTTdkR19YRlRGT01LaE5sLUJUMmN5QXFhcWRiZThfZ3ZDLTBaNDBfWWhseUp6ZGNfRVE3ci1VZGRKZDlIeTFEbW1NWXpWNmY1MWNlRGh0dEtZOFV1azRmcjhZelVpX1hBSTBNVXY4ZGt3eFRfOFh4akJ4eVJJaHRIOW5VdzBJMXZtUmlqNTJWdXJRVG5hYTJZSFFTdFNyb2dURDR2UkNZNjhzNDFFREFpY3dES1g1RS1saUdmRllCYlpybklrNXNsdnRPcldUYWF4U2Z1amRpTWt2WjdHTEFudUNCdGpYQTczM2M3MXlhNW5ZOG1VWUhS0gHaAkFVX3lxTFBfV0M1RnVKOXgwdmcxbWlLekZnNGFWZlJvS0ZvZmgtcDBRRF8yQmRvY2ZmZExZNFJaT0pzaFh6MWJZZ1kxU1dnUnpQbUNZck9YWUNXbU94SHBaRTVQY1B5NTJTZFNDOWFyNUdpcUktcHVRZFdPaHZ0V09peGcxYUZQQXpsZXFqVjA1ZDU0VElfeXhBbTM3YWxYUnBuQkpWTGNyaklRRUxBV0xJM2NoWUxWX2VyY1E0VXdENEpta29CN0RHOURYMlptRXd3Rkg0YXN2XzVibS0za3hIaXFrOGlFSFdFRXJndU10bHNsTGxWS2stdE0zUzBGaXlwNDh3Y28tbjVYRFZKbUJPeFgtWFRwWnl5bE5ZYVJzTlkxUWxaWnVocF92aXo5b19pNXZNODRoRWQ1R1daOWt2eDBuYWQ0RlkzUHZoeXdvMTlmM1lBYjJoRVJaa240SHc?oc=5,2024-10-21,"Lagos govt dislodges roadside traders, destroys shanties in FESTAC Vanguard News",0
"Two dead, 261 hectares of farmlands washed away in Ebonyi flood - Ripples Nigeria",https://news.google.com/rss/articles/CBMimgFBVV95cUxNdXUtWUdwUk82T3VucTlVbkZERGlvNzk4MFVpcW9LZU1SWENpeEJVY1pGWHVDWTZOQWVucE4yNjBYWGRSUm1TV29ySHVheFpoYXBxMS1NU1ZuNzNRbHNiNy1pOVRMTTlXdG1ITVFJcmlSU0Ixc1lsajExRHpQc3RGcmZmUDQ1MjBFVGk5NENiUWxVVlRXUGM2aFlR?oc=5,2024-10-08,"Two dead, 261 hectares of farmlands washed away in Ebonyi flood Ripples Nigeria",0
"Lagos to ban single use plastics, sachet water, others in Jan ’25 - Vanguard News",https://news.google.com/rss/articles/CBMioAFBVV95cUxQUDZfYlJjWHZDcmYxb3d6eUx0SGdnYkZvXzlobW44SlpVSmkxWDRQSnAyMDhmcFlaQlN4bzI5cDJva2puTUl0VWhXVnJxTTZpTVZHR0RDemRVdl83bjJ0VGhqWTNkS25ackc2aVZ3Z1hYN0dMYXF4Tnl5bHFoNU1sOTBWSDVCQnNOTUhqblozZ0ktR1FwZHVHNl9xMU56eUZy0gGmAUFVX3lxTE1oNGVIYzR6ek15WS1EUXBvSUlHZ3Z6dkJObDV2dGJpeVFCTFBaX3hhZlVFUlRXa0JUMTl2ck1BeU82ZjNQMHdiRnd4Mmh4TGxIUlNwLVZSY3dZYUxSSlQwME4tT3Q4UWpVYjR0TFJodGpxd09IS2lteWNtQWxtc0JRZTdJc3hrU2JHMGhPLURVcDJSMG5WMlI5bUlBeExObGg5VkhJVXc?oc=5,2024-10-03,"Lagos to ban single use plastics, sachet water, others in Jan ’25 Vanguard News",0
Aiyedatiwa sacks aide over bribery allegations - TheCable,https://news.google.com/rss/articles/CBMigAFBVV95cUxQcTJxNnZxZWhwY21Oaks3N3g2R1ZIOE40dl95SkpTdFRpdjJQRm5QTDNlV1JXbld0NEYtYUVxUFlKOXlISjE2cE15ZVFIQ25FSlNvUlpLVF9kVEhqckFwNVlKTXl2RHU5cVlseGFwbDlMODZRNlF6aDEtTVpQQTVlUg?oc=5,2024-10-09,Aiyedatiwa sacks aide over bribery allegations TheCable,0
"Oyan Dam release: Lagos govt warns residents of Mile 12, Owode, Kara, other areas to relocate - thestreetjournal.org",https://news.google.com/rss/articles/CBMiuwFBVV95cUxOYUdHdXE0M29WTmhSeFpVRlVtN25LMzNKaU9RMHBMb1lFSHVBMXF2S0FHbVAwS2hORV9kS1REcnpTb1BjMllMejhDTGd0RWpBQ01JUkNLbi15ZVdlanNpeENBelVpUF9HREczUmhmV3FzZWRxSnZLRTRCYXV0YjJCeDFtUzJNV2RHU2MxeXlEd3dLNlNJLVEyMEVFeWZpQ0tUME9Idnc1VzlOdEJyWmZhM2VZemFkM2M4aFVN?oc=5,2024-10-17,"Oyan Dam release: Lagos govt warns residents of Mile 12, Owode, Kara, other areas to relocate thestreetjournal.org",0
"Lagos NURTW unveils 3,000 CNG tricycles worth N10.2bn - Vanguard News",https://news.google.com/rss/articles/CBMikwFBVV95cUxPazJoQlpLQ2ppaXBYZEJ5WmxtVUl1NGpHN1o2M1V1dnRvZ1hUeUJfWU1rbzNtTG4yaEJXSXFzMjNMNWo1cjY1N3B6bjZjR2ZyQllvd3l5Uk9sWWVGSTBhTVNSQ1BMaW93QlptSWgtZlFycnh6aFdYdkVXTHRBbjJOTDNmVks1dU1ja2dSV3dLNkdOREnSAZgBQVVfeXFMUHpMWUw4RWNBYmViQzZhZHdKaHF1eGlOZDNxeHAzUmpWakd4TDFEVVMxV1BKM09OdmVzaFNhMFdyNmtsclpLcy1aamNCS1E1RlVqZjZkM0djT0hXQUpObXRicG13UFhYZkR6d2xxT0NVc3AzVDE1SF9nV0lKWTlsRDVCTTZESmJISVFQRTNSel95azdiTkowdnk?oc=5,2024-10-16,"Lagos NURTW unveils 3,000 CNG tricycles worth N10.2bn Vanguard News",0
Waste-to-energy: Lagos to shut down Olusosun dumpsite Dec ’24 - Vanguard News,https://news.google.com/rss/articles/CBMinAFBVV95cUxPa0hoX0ZIRmZxa3lXc1JpNUE4eHBCLTNWSmxHMlh3Y1lVeHdWV2U3ZmIwSmtOSnZCQTd4TndXS1Y1c3Jqcjk4ZU1LOHJEYmJicThxaHJIeWJ4eXJYWWlKSFE2RE5DSE1BcmZlYVdoUWNjRERQS3pWRC1hNDh4czBOeUFsSXZISllydGFCYWkwcFFyME50VHNHczU4RmbSAaIBQVVfeXFMUHBNQll1Y3ZFTEp6ZUh2R0tKLWZWR25wcExrNkFRNWtLb2wyWU5PaDRCUEduNlp3MExtRXlibnVpajNqR0lxc081a21hWndhc0I3ZFlfU1lYRmhmb3h4VnltOExiVmwxSWt4Yk96TTRUd0NMTlB5RldsU1puZzc2TTdianpEX0owODN2MjdsR0RhRDJrUUNWdDNDX3BqVUdJeENn?oc=5,2024-10-18,Waste-to-energy: Lagos to shut down Olusosun dumpsite Dec ’24 Vanguard News,1
JAMB: Underage candidates turning 16 by August 2025 are eligible for admission - TheCable,https://news.google.com/rss/articles/CBMipAFBVV95cUxOa3V1cmdtbnMtblRMZDJLcTRiTUx2S0tXdWRVb3UzYlFtVlZ4MEVWT2ZmOTBubzNsY2I4a1BDdDJyclUtdFlMQTFGYXBibXp0WlhrX1FFNFBoMEV4TGxfOWlOUHRZclNqakxvVzRkVTVLRG9Ga0N3TUFvakM2M3BRRmliaGhoMFZiN1AtTlh5YXJrdndvSS1DTlZ1WXFCMkVXZDg3Rw?oc=5,2024-10-17,JAMB: Underage candidates turning 16 by August 2025 are eligible for admission TheCable,0
Oyo: 50 communities cut off as flood washes away bridge in Eruwa [PHOTOS] - Daily Post Nigeria,https://news.google.com/rss/articles/CBMipgFBVV95cUxNc0xXU3Z0VVZqbld1UkxRV0s1ZE9Oa25ibFl1MVo2OWhVX0FrOS1kZDVpT1Z1TTRBSWVYdmNlVWRXS2JVbF9VdVBmYTIzQU1tU3hHakY5RUkxTDR1aFBsNEFuX0xlWXBENDFKRzF5QktIekl2aHdaZmZYQksxWnlGNjZXRVV2dWtOMWZVUG5yYWhGTWtibm90Y1Z3S0tCMFBvd1BXNk1n?oc=5,2024-10-22,Oyo: 50 communities cut off as flood washes away bridge in Eruwa [PHOTOS] Daily Post Nigeria,0
Tens of thousands flee Nigeria floods - The Peninsula Qatar,https://news.google.com/rss/articles/CBMijwFBVV95cUxNbXJBNUVaY1dnR0M3UDB2Y1hsMWRqSUp5SmM5Rk91dWZ2ZFMyY0NnOXE0d0NzTDZiU2Vkd05zRG9ocTJXOUY2YzVQOU1LSVZ5cG5jc3ZEQy1oVGJHS1QwWWc3REtXcDdOTWpKYTM1VzJUV2pIOE9tTUdPTHJRV0xPdlM2cUpOTkRsYVVKTWY2NA?oc=5,2024-10-13,Tens of thousands flee Nigeria floods The Peninsula Qatar,0
Lagos govt to reconstruct 13 collector drains in Lagos Island to curb flooding - Nairametrics,https://news.google.com/rss/articles/CBMitgFBVV95cUxPRUlTLTRzb3ZUQkk2ZlNPZFVDSy1TaHQ0MzQtdTZQMmctRlVFR1NsVW5IZllNMlppdHp5STl4MU5sdWp2a2RiM24yNGJkajZuZjN1cWt6eWFHTU1NTzZrdGhqT2MtU01pVDM1dTJ5c1Z3ZEFsOGpUaTlSbGM2eHk1SGdyNFkwSXBsTkMxNTEydGdrbUR6d0h2TUlENTVKalZkVy01ZXctSDBSUlRqSV9aY2pvQWNGUQ?oc=5,2024-10-26,Lagos govt to reconstruct 13 collector drains in Lagos Island to curb flooding Nairametrics,1
This is why Lagos may soon disappear from Nigeria’s map - Pulse Nigeria,https://news.google.com/rss/articles/CBMiigFBVV95cUxOOHFIR2tUTnN6NmtMdnNTdXE2WmxJSHpsRjkzUFBIdFdOWlRpWmU2ckhaRFJRM0hEOGVsVWxQR0dkYUExQk5Ca3Q5TUdtcE1lWlpzbUFLRER5NWc1MjFPOFlLSzJZMHJWVE5DRW44M1ZzTUhnbkJzbTlwbFdxcjNSRHFGb2VwOEFNYlE?oc=5,2024-10-09,This is why Lagos may soon disappear from Nigeria’s map Pulse Nigeria,0
Lagos Women Battle Multiple Healthcare Needs As Population Outpaces Resources - Independent Newspaper Nigeria,https://news.google.com/rss/articles/CBMiowFBVV95cUxQLUxkT0VXTGdLNlhRdjFFV2tyckNEVE5ISlRkVERrZVA1SUlXZHRCZW9JOVYySl9BcEkyeVF6MGh5OFY0N3d0QUtLSTFvZXUyNWQ1MlA0NGNZQWZSWHBMbFF4M2NSNWtnMDNOQ3NJRUYyQTNpVUMyd2NTejhWSkstZlpDUUE4NkptdGQxbGp4bWhTd2NZSXMxZkR6TkpPOVE5OERB?oc=5,2024-10-09,Lagos Women Battle Multiple Healthcare Needs As Population Outpaces Resources Independent Newspaper Nigeria,0
OUR MANDATE TO PLANT A MILLION TREES IN 12 MONTHS IS ABOUT ENHANCING NATURE CONSERVATION-LASG – Lagos State Ministry of the Environment and Water Resources - moelagos.gov.ng,https://news.google.com/rss/articles/CBMiugFBVV95cUxNX1pLWXB0Nm1CTXc3Tm9jakRFVTlYczdrenhBTmRqeXJrc1dqM3cwdDNjaHVZcDF4Um5VakJRZ2RiVFBaX0p6S09yOXU4MmJWclpCc3pxazNubHlRN2dJU3NVdElXZEYwRnAtS1I3THIxY0g3ellST0YtYVNOcUtaWlJtT3Q5Q2NZY2xBdUFvaXg0LXBTRnJGLUxsVGlXbTM0NWN5U3JXTHZ0RlBNRWJxQjF1N3dlM0w5cGc?oc=5,2024-10-19,OUR MANDATE TO PLANT A MILLION TREES IN 12 MONTHS IS ABOUT ENHANCING NATURE CONSERVATION-LASG – Lagos State Ministry of the Environment and Water Resources moelagos.gov.ng,0
"Ogun River Flooding: Relocate in Your Own Interest, Lagos Warns Residents - THISDAYLIVE",https://news.google.com/rss/articles/CBMisAFBVV95cUxQcG16UXd2cEFoMFc2Nlo5b0FHTTV2a085SENLWk5PcnpaajNMREV2ODFvY0NSbnZJdDIwMmJYSTJfN2JnZWNGek12c3JUN1FxbmNZQm9fbXBNTjJoaHpud1JFM3hVb3BLSnA1Q1c2cWJxWVpWZURhNE1yOE5OTlh2bWxlY19ZV2tQcGVMaTQzeFJVT18ydy1DYjU3c1dXVktRcGU4dl8yU00tR1p1ZC1DMQ?oc=5,2024-10-18,"Ogun River Flooding: Relocate in Your Own Interest, Lagos Warns Residents THISDAYLIVE",0
Lagos and the danger of environmental pollution - The Guardian Nigeria News,https://news.google.com/rss/articles/CBMiggFBVV95cUxOYURWTmp0VHJCM0ZCcTZ4M1RSWHgyNWRIVTE5elJMbXROTEVXTkh0WjBlcjczVkFza2VkNHBDV0hGejVBYzZHODhvcTd6ckNodnB3VHRSVHVnTzUyVjVZUng4OVo4NlRaZ3FIdWJPTXBIVWp0d01ETlZYdFkxRTNzWmpB?oc=5,2024-10-03,Lagos and the danger of environmental pollution The Guardian Nigeria News,0
"Ban on Styrofoam, others takes effect 2025 — Lagos govt - Vanguard News",https://news.google.com/rss/articles/CBMikwFBVV95cUxPWTJ4MzFiemJlTHkwUmhtZmxPNTBXbXdiWkdpdmpsMEt1MXgzZDZRMVVTYzlGOXpWVzlkaWZ4U0ZRT1EyLWVCSi1CM1hyYzRRdHE5NmFiTU93MkZ0Ums3NjM3b1FSbTRaZWYxbmtGMDdlVnR4OVdaVVBfM05Qd1YzbTd1aFd2NllVY3RXNWNtWmo5aDDSAZgBQVVfeXFMUHJ6UndSMjhPOElKaWlZLTBJVExSeU1fakRLdTROOUhUbkF4dzlJTWJNTXFYMnVBVS1CMmFEMGVxMFAwR3l6Mm1aRkQ2ellWX0NlazJrbHQzc3kxcVJseGQ4aVZYbGgzUUd3X3VoNDJxZXlkNUxRTTdBRlBsd3k4b28tTHhLWEhrYzFxajNacGUtMkcyd01nRXo?oc=5,2024-10-03,"Ban on Styrofoam, others takes effect 2025 — Lagos govt Vanguard News",0
"No ban on sachet water, PET bottles — Lagos govt - The Guardian Nigeria News",https://news.google.com/rss/articles/CBMijgFBVV95cUxPLWhiZERVV1lQUEt6aXFHVzJNa1FXVks3UUVzMWRydG5ncUd5dnRoV2pBVVRYVGJQSVZvN01Lc3dvQnMyVWlWQzVCSVV5Nkd6Z0lMZmFqOEFvUWVTRE9vaEVQRU9ObUZkaUZVenlzYnplRGJyQzNRcF9xdlczakRnQlpuLWJNVWNhcHFBRGJR?oc=5,2024-10-14,"No ban on sachet water, PET bottles — Lagos govt The Guardian Nigeria News",0
Commuters urge govt action as Iyana Isolo-NNPC road construction lags - The Guardian Nigeria News,https://news.google.com/rss/articles/CBMirgFBVV95cUxPanJFVHBCT0dSWHljMEItVFBCODBFUFlodi0xejVOWXRxMVdhX2hzOU5IOHB0MXNCUUJZVi14ZV9ZZHF1ZkFxY2h5WFFTVmVfZjItWjdQeVpIZFgydHZUXzdIeVlhYUhKdDBBNW5uUEx1QnMzVmZUNk5pZnlUX1p3VFBMazQwWnJxT3FzVW5lNWxlUmZMRFdqbnVKQlZaZmdqYzcwZm4yd1Y2bUdmbXc?oc=5,2024-10-31,Commuters urge govt action as Iyana Isolo-NNPC road construction lags The Guardian Nigeria News,0
"Flooding, heat waves, and severe storms: Can cities adapt? - DW.com",https://news.google.com/rss/articles/CBMikAFBVV95cUxOcG9wWGZPQ1Nia0N6UXV4WllxT09qWnVJZXdVbzRFTVRrdVlIek94dzlxNXZHS2RXREdLUjh5TGs1Q3dxQk14MU9TVEtaYURoaURaM0VXbkJWaEZQR1VEcTA4YnJ3MWtGbDJueFBlRmYwTk9FY2VSZndsTDlUaTRyR0VZd2ZEMWZ4czExR2xnOWXSAZABQVVfeXFMT2tZMlJSNmduM2sxaXVWdVloR241bnNEX09FWHZVRXJYaDVmam5SZ1d2QmdYSG9NeTBNM1B4OTI0NW16RU82NXdYcF9wa1VzRlc4TWlFVHgxTkVTQmY4enQ3elRlWk5Pa2Nucy1RLWlUb1JfUlRFQWh2Zm5fa2Vham1mUzZQT21OWDNpbWRoNTNG?oc=5,2024-10-31,"Flooding, heat waves, and severe storms: Can cities adapt? DW.com",0
"Ojodu LCDA Launches Sanitation & Drainage Desilting Exercise On Oremeta, Obafalabi Streets - pmexpressng.com",https://news.google.com/rss/articles/CBMisgFBVV95cUxNWUZXc0trb2JJd0VZOEdlLVdMNmJPR1VrX1ZBM0JoZXZMVEwweWhub0hsdkVSZ1RZOVVwckRad25RRmpreFdMeTVYemcxMEFXcVFIclR2RFN2a0pNc2dnRWhpRXNndU9uWUY2U1dnWGZiQi1JVEo1SktMR2ZfUW1nV2NlSGwyX0FjV3c2aDN6eVE4ZnNUSHVyOHdMWm01eG1qY1QxMlJPU2RaSnZtUHZPR1RB?oc=5,2024-10-14,"Ojodu LCDA Launches Sanitation & Drainage Desilting Exercise On Oremeta, Obafalabi Streets pmexpressng.com",1
Oyan Dam: Lagos asks residents to relocate - The Guardian Nigeria News,https://news.google.com/rss/articles/CBMidkFVX3lxTE9QTmJfZVNWYXhXdGsyN3pzZnJwOXlPbUJuVS1qb0lzRGRIS3Z4dzlvYVJmR0I5SW1vYVdsbzZNN3J4aURoYUZVYm1ENVVmMGQ2MGVKbU9KVnVjalFlWGs4ZW9LbU4xM0E2SEZGZ3dZODdwNjJuZUE?oc=5,2024-10-18,Oyan Dam: Lagos asks residents to relocate The Guardian Nigeria News,0
Temilade Salami warns against “sudden ban” of single-use plastics in Lagos - Ikeja Record,https://news.google.com/rss/articles/CBMipAFBVV95cUxQc1Z1V1RUQW1qc2FLS2V1WVVkWC1uQTNCMnprYmhzVmJxdTN1ZS1sWkdfQTQtTk9jN3MweGJXVEpHaWp2TEplaUlqM19XYTJ1VlpEQWJUQXBmWXZ6OEJSTTZUdF84RGF5ZEtZanplbHZES2V3aVdaX0tkTjVkeGdrRVg3bnR2RXhwVW1JblZmYS1tYmtNeXI1eXQyR0I1ZVZUcF9aaw?oc=5,2024-10-08,Temilade Salami warns against “sudden ban” of single-use plastics in Lagos Ikeja Record,0
"LASEMA responds to 7,662 incidents in 63 months, reveals 2024 emergency trends - The Guardian Nigeria News",https://news.google.com/rss/articles/CBMitwFBVV95cUxPU0k5VHVaaENIVTFWX2VvYWd5aWFkMDJfdHBCdE5ZaWRnX2F3QVNxaHdJWDZ3b0kzdHRSeTJBZXVfVS1JODFoQkhnb2tncEl6NWdxV0VJbFQ1MDNMVWxyZDRGa0VXZHFzS05DNThidGxPNVZKWUROQmRTY0FhMHpTNlNqLTB2ZmlmU1NWZ2szU3NXS2JYUlJwVmZXVmw3SVdFd1BXTF8yUnVyU21fZC1IVnlNZTJRVWs?oc=5,2024-10-14,"LASEMA responds to 7,662 incidents in 63 months, reveals 2024 emergency trends The Guardian Nigeria News",0
Orile Iganmu Building Marked For Demolition Before Collapse – Lagos Govt - The Whistler Newspaper,https://news.google.com/rss/articles/CBMimgFBVV95cUxQZG5ldXY2ZFFmNW5hTDFoZ1I0Um9HaElZRXIxOHdURVhIclF1czQ2dkZld2V2VlJpdXplNF9qTm5pajZaMDEzLUJHdzY3NjVYZVdhQVc4bTU5ZjF1SlRzb0otV3lRdkhuWkFuZmdHeVhaeUl5OThHWkxuMzNtZEwzOUJmeGEtVXJ4RVItRTBoNXJUNlNCdHJSRllB?oc=5,2024-10-14,Orile Iganmu Building Marked For Demolition Before Collapse – Lagos Govt The Whistler Newspaper,0
Sari-Iganmu collapsed building: Lagos pulls down distressed structures - Ripples Nigeria,https://news.google.com/rss/articles/CBMiowFBVV95cUxNallTSkUxcWV1QTdFTFdzbmJFWThXeG1zV1pkUll4c3pnMEdibF9KMzVsdnYxLUo2eGxydTdfVEQyYlY2YVlTS2xFXzluMl9XcjhIekpIVWQ4SW1GWGhDTzRZeXR1MUI5dU1vYk5FZkpBZEVNSXNEb1ZhWThDc3hTOTR0MEZ5LTFQcnhjTXk2eFFyNUIyNXNDSVliZE9SRU1XQnk4?oc=5,2024-10-16,Sari-Iganmu collapsed building: Lagos pulls down distressed structures Ripples Nigeria,0
Pedestrian bridge collapses in Lagos - Daily Post Nigeria,https://news.google.com/rss/articles/CBMieEFVX3lxTE0yeDNNNV9RR1N2VTYyMWV2dHh5WXc1ZnphMnlENFF3ZHFCVk00NUlyczIxVGNqOHFfb0ZWdEZpVzJ3RnUzM0lYLUlXMXFlYURNZmpGWURfa2Q0UjFTUXhMZXFNMVZSMzNmYlp1RnJUVmJJZ1RJZ01aaA?oc=5,2024-10-25,Pedestrian bridge collapses in Lagos Daily Post Nigeria,0
LASEMA rescues elderly woman trapped by flood in Ipaja,https://punchng.com,2022-07-09,"Following heavy rainfall, LASEMA responded to various distress calls, including a rescue operation for an elderly woman trapped in her home in the Ipaja area. Marina, Lekki, and Agege reported extensive property damage.",0
Torrential rain submerges Alimosho communities,https://punchng.com,2022-09-15,"LASEMA, alongside NEMA and the Lagos State Fire and Rescue Service, conducted rescue operations after torrential rain submerged communities in Alimosho, leading to the recovery of two corpses and the rescue of nine individuals.",0
"LASEMA handles 119 incidents in July 2023, cites drainage blocks",https://africa247live.com,2023-07-20,"LASEMA attended to 119 incidents in July 2023. Analysis showed 80% of flood disasters were man-made, primarily due to blockage of drainage channels, waterways, and limited capacity of existing drainage systems.",1
10-hour downpour causes flooding across Lagos LGAs,https://guardian.ng,2024-07-05,"Following a 10-hour downpour in July 2024, severe flooding affected areas like Lekki, Alimosho, Ikeja, Kosofe, and Lagos Island. LASEMA strategized on de-silting drainages and clearing canals to reduce damage.",1
